"","Provinces","intermonH_06","premonH_06","monH_06","postmonH_06","intermonH_07","premonH_07","monH_07","postmonH_07","intermonH_08","premonH_08","monH_08","postmonH_08","intermonH_09","premonH_09","monH_09","postmonH_09","intermonH_10","premonH_10","monH_10","postmonH_10","intermonH_11","premonH_11","monH_11","postmonH_11","intermonH_12","premonH_12","monH_12","postmonH_12","intermonH_13","premonH_13","monH_13","postmonH_13","intermonH_14","premonH_14","monH_14","postmonH_14","intermonH_15","premonH_15","monH_15","postmonH_15","intermonH_16","premonH_16","monH_16","postmonH_16","intermonH_17","premonH_17","monH_17","postmonH_17","intermonH_18","premonH_18","monH_18","postmonH_18","intermonH_19","premonH_19","monH_19","postmonH_19","intermonH_20","premonH_20","monH_20","postmonH_20"
"1","Amnat Charoen","70.4346075125942","72.8891342295981","75.7191169720648","72.710974672911","66.0085841395604","74.7205751680327","75.3410190459951","69.7510027874111","68.5841080672384","72.4411673104112","76.6029693938774","76.563810987314","66.9368525011994","74.4638066144567","75.7636571530775","75.4352850200445","72.6509899825023","70.0942559955805","78.3778371221946","74.3795929544046","70.4391214517214","76.052497736915","78.5776510215995","73.9224059813946","72.2458231541625","71.0000401252994","76.7959427165305","78.8082027525913","71.8767974080307","71.5130707717376","78.8384919993385","76.8150446250716","68.558579669146","72.8016588327343","76.0132528699209","77.5899856096209","67.7702421488879","72.1328391394536","73.5008689807883","78.4203330785248","71.8134693801167","70.951877174166","77.0906172455631","79.6729848096037","69.3035475216682","75.2057269557732","79.1995500396946","78.8536809300583","75.7089477986074","78.1744069290463","77.4020726663766","77.1002533339548","73.1793725413174","72.7793024686812","76.5224279575847","72.2422175373431","69.1694100924361","72.6735381053161","77.6838929273737","76.5026513459846"
"2","Ang Thong","70.9407692481213","74.0069417778276","76.1965171070549","72.8985073660303","66.0908380693651","75.94604732984","75.5751548827164","69.6376887869647","68.3518657534141","73.6743399802781","75.9145281333623","76.8253021991159","67.9012960148609","75.6401921620206","75.4120481370941","75.6146071276327","73.0961640375493","71.7687290572119","78.0299055144543","74.0686543081689","69.8984349293346","76.9564492283218","77.9289971111328","73.4306484207394","72.2711908735941","71.9854092885816","76.1177233373086","78.8554318795993","71.953524236604","73.2783800210227","78.3128164021049","76.6998427683913","68.7548730304548","73.8555648733624","75.5530627017885","77.2736302548506","67.3061777350158","73.6354077707126","74.4587570250504","78.66919368834","72.2824988177442","72.9566147020795","77.251134230396","79.7291471901841","69.1273299590183","76.0852933368032","78.2848210222139","78.7306204517996","75.2768559193048","78.8907339441495","77.2625393416938","76.901290720842","73.2296617212571","73.8282028258316","76.3897118831244","71.8646895791602","69.4893712621974","73.9762019960899","77.5687755787467","76.3343975187287"
"3","Bangkok","67.8145419817942","70.5095114697315","73.7224516909443","71.4972040274658","64.3523484923836","72.66497049435","73.7291757117805","67.7212121106414","66.8069555796457","70.4575839917695","75.5444875673962","74.4340742832198","63.7298088901942","72.096091833444","74.5099064102057","74.3679497374879","70.3310041570498","67.5145423894234","77.5151032800476","73.7246108411582","70.0708831911267","73.984753834671","77.771206835964","73.5754651115641","71.2608626846584","68.7565693772651","76.2091557147175","78.863224354558","71.1849193434963","68.6798424152395","78.0933687297157","77.1195584129188","67.4819424870997","71.097985725655","74.6900551172226","77.0236895238552","66.6340866876787","69.4754525942594","71.6519348622208","76.4501538732748","68.9652694990455","68.2841106454041","75.133339788891","78.808735752005","67.4938497995121","73.2515806438302","78.4724344941403","78.4118995102425","74.2676178907903","76.1891286245829","75.899956803131","75.9281677270268","71.5184724059588","69.8909179036272","75.2576705147831","70.3267751563226","67.2009092555594","70.8053993291056","75.832437757007","75.8299235395529"
"4","Bungkan","69.0435961638346","72.3124990022615","75.8747503521419","73.3383693364588","65.3734478006268","73.8177128341725","76.4566506607698","69.3756118458096","67.6825451174191","71.391439293084","78.2551015627266","76.6526422925515","65.3872334477138","72.9390044102181","77.2036737923575","75.2470354467335","71.5735967056979","68.7976105441355","79.4447130920863","74.4263163321089","69.0445789566921","75.5410107433206","80.0642689690731","73.8811866788581","70.8263241198197","70.9361826484353","78.3633578720659","77.7891506912684","69.9482449509523","70.0632960158999","79.5796255003108","75.9794428277724","66.6530584108712","71.7413734335317","77.2898585229817","75.9833245985579","65.9514135448846","70.6777946295911","73.2975066581575","77.4621614135138","69.9211334489753","68.0799939168168","77.7431657833628","78.9565208831636","66.6335027902433","73.8801886366539","80.1301365724885","78.0580115459933","73.6449550811214","76.8253974599807","78.3750581316428","76.2965326686897","71.2763287667001","71.3920222021172","76.8480733172728","71.2841417813065","66.5036467309832","70.9335041833003","78.7788151844893","76.2580496816352"
"5","Buri Ram","64.402425707475","69.3727473093408","73.9907246708783","72.309601755191","61.4487652134251","71.6139691763618","74.5426228929384","65.7133364875966","63.3598149803279","69.178621258212","76.5860050611029","74.9886550736131","62.0413157516714","70.3954115654681","75.940540436326","74.7547179696506","68.6498427111243","66.0910319933672","78.4044412148966","73.0615050021187","66.3189970916978","73.5450391897123","79.121628559968","72.8229340218209","67.8167634373719","68.7291942630802","77.5158784168319","77.124088462902","67.589608468538","66.9999984767218","77.8037056933362","75.1130410884749","63.773580567402","69.629961318914","75.1156786910977","74.2316514259712","62.2788094139053","67.6499997731802","71.3841800508576","75.1165915573488","65.8447799478275","64.3656160509264","75.8698376627017","76.1888472485316","61.0398403731523","70.5214718488234","78.2723062207352","76.3140768827184","69.1408148134658","73.723652520376","76.2728554674794","72.8872024614154","66.4810033416934","67.7350972419183","74.738857067267","66.1978156463869","61.1132954740745","67.5404472769047","75.806848704336","75.0378118867505"
"6","Chachoengsao","59.7492567331606","66.6869290467522","72.4789152012668","71.6859728242484","58.2037800409053","68.762882584053","72.7862923282753","64.6250906312916","59.7946724509308","66.8655745453831","73.9752886110461","75.2543473291113","61.5279367470915","68.8071310297395","74.278116313411","75.2103982170818","67.3623103349709","63.013628108364","76.6957438186434","73.1843402475771","65.1568221439187","72.5090594130529","77.3081821001785","72.8530014068422","65.9130081293044","66.0172993386321","75.7268424517592","76.852651622613","65.6819403049881","63.8905946416836","75.5659831105833","74.4183950936107","61.8815922392687","67.1054521261106","72.1615154425619","73.6469272287418","59.81605624331","64.0672302852805","69.3960731536683","73.6953249830848","63.2506805126678","60.5005591754648","73.9720050136801","74.5587915151305","58.317654760726","67.7970181990334","75.6214222007433","75.3697727195785","65.9757077828237","71.0994721318492","73.6786119070489","69.7552454059214","62.0715996354838","64.0903334747173","72.4625478748299","62.0929022271401","56.2558205328373","63.5872654216506","72.6224487259184","75.3976994736294"
"7","Chai Nat","59.794318006673","68.2265212966032","76.6443550324221","71.9156133931711","57.6771894799095","69.169600899431","75.2621410702347","68.8019713086819","60.4189693351769","67.8939144545739","78.9758659874627","76.2185220674637","62.4091137848134","70.9883963762803","79.1480560127748","75.771514831333","68.0023423043231","63.5114561570894","78.9024124889199","72.9357385919729","63.9451128087642","71.3806525851608","81.0176992897594","73.0854374728071","64.5155127216187","67.993661772585","78.9111056830905","74.552825315283","64.0956562928833","64.1052113964652","78.3688054325384","73.7558104357588","62.0978380809865","66.6342291263265","77.3134145233609","75.3999690878282","60.0161080389577","65.4933861825809","74.0287048291723","74.3492995008416","63.23211848991","59.6264507865322","78.2049999040201","77.3330934769517","62.248700130241","68.1954610355039","79.6051398570384","74.9059781372001","65.0338432723229","71.5345712043459","78.7359875057816","73.184991267843","64.3097881570868","66.0677617580519","75.5636615271962","68.2130722234008","56.9946792191322","63.9504417191952","76.5469823802283","76.8119206253541"
"8","Chaiyaphum","57.7720776757375","65.8779521121173","72.4340473382751","72.023234214807","57.1339071272009","66.923272912942","72.0592093918804","68.1694845572788","59.3807217771828","65.7921029306543","73.2253199392119","76.6020889716386","62.8416310006771","68.3789310839119","74.1913139145632","75.6704370373099","67.7204950279327","60.5551598988924","75.8685374884704","74.3894230268545","65.0797735289083","71.9480195587157","76.8330730258317","74.0394333630412","65.2998281619723","64.5823088434673","74.5431259837424","77.0901806301772","65.1987979369893","62.1213673774511","74.6664170196861","74.401040176632","61.8582760389631","65.4245473626727","71.5952173260992","73.3869275948633","59.2052001369615","62.173293958322","68.9976296093602","73.0781605013796","61.9925408169852","57.4974822871851","73.6355521693469","75.7721113836919","60.2364339790575","66.6436887685111","74.9220397311526","74.9254920658687","64.4976182541842","69.6470014933422","73.0479558289816","69.8130236440459","61.8233657747072","62.6526025841965","72.01681627876","64.5379248975698","55.8966997946559","61.1989717495966","72.090486365503","77.0844526498422"
"9","Chanthaburi","58.137703616253","64.9868717912729","72.991566342986","72.5726211233531","58.137711421857","65.0468608070402","71.2759008171853","72.734604813365","62.1413165698486","65.8025755054793","72.4825537149379","77.9545488050368","64.5460001503781","67.8553069211124","73.734401811464","76.1063344919726","68.7167993476477","58.2194403039977","75.0676775500123","76.9125662757216","67.2764317058891","73.7520327888327","75.975594985619","76.447895038619","67.3669441585088","62.962092184574","74.3152056704746","78.9992861887042","68.0288245402323","61.0460093161289","75.4195208103023","76.4887031097984","64.5445713219422","64.6013886917248","71.3571918516124","74.1383646990029","61.2082973665959","61.1574702764123","68.9655123257012","74.5269410351243","62.0686118127106","53.8472856966892","73.4353627165605","78.3447610233607","65.6984774024001","66.6004399722286","75.0349005581288","76.7380382009213","66.9379516172945","68.2262029897854","72.0953737451789","72.6201501081945","64.7725958015737","60.5160443776258","72.289799925272","70.1717587760325","58.6149113820584","58.4260399360038","71.2822186316444","78.7547971746895"
"10","Chiang Mai","64.1016082431959","71.5505122336788","78.3172658878824","74.048886821581","61.5006304948226","73.4412629141324","77.1877575376759","68.8356037305749","63.1194791240969","70.9838084511135","80.4175924093827","76.8639208752176","63.0831516017084","73.5367398801057","79.91645715133","75.4590139471967","69.7582282439522","67.9041731654734","80.5959115028381","74.3355505072552","65.4046813937201","74.2197687176691","82.2287349452143","74.7739957063094","68.1139501682226","71.5204528946808","80.901814730271","76.0704424733701","67.2146995212721","68.0609098600305","80.2994667219079","75.7748308347619","64.1441397404325","70.1536234869474","79.5500821196515","75.2549380343893","61.909240548507","69.6230903459632","75.5464819037396","76.4244631145312","65.6039747017017","63.8317456369815","79.4689989007038","77.9741415770158","63.7337817399398","71.4561565537384","80.8099958544192","75.8808446137801","66.9697241879892","74.5148862147677","80.7396310225777","75.1182484336522","67.530340446251","69.9813606179279","77.781162718068","69.466569125134","59.4459881519926","67.983267140043","78.8260540008545","77.1533636673637"
"11","Chiang Rai","71.2390188336766","79.3175388122156","81.1059487377456","75.760226951574","66.2396567274373","79.0626851450099","81.2835707050739","72.8518331578069","68.4797553596455","76.7669299412089","80.1178087983588","78.4524973501073","67.2720878525536","78.1641108866441","79.8457990841504","78.0309137023322","73.5210717372244","75.677913812652","82.2042499265262","74.886812996943","68.0144401630028","80.9628754417495","81.4248266975478","74.483855486703","71.3181884165513","77.1830882039925","79.6409955449624","81.2664116585609","72.8629731659842","76.8974470132255","81.8118493643531","78.0178356422449","66.6396183018112","75.7624460394495","79.8138792837414","80.0699988072462","67.7088742607629","76.9013756897846","79.0636372959653","80.4013058375998","72.8855298402154","73.9027310739649","81.5201111249011","81.9031322088966","68.2123380856152","78.9560283497222","81.1721150961646","80.0713200773737","73.2297507559899","81.0908426761103","81.8904759592743","78.036631115199","71.5530075685944","76.3056727788105","79.8697772734236","73.2987140428902","68.0328215272776","77.1368620088785","82.8182434831122","77.9074431000763"
"12","Chon Buri","73.7792334753942","82.0496796348233","83.6775285850451","77.6338509787207","67.9608203528626","81.9914917631544","83.2987549362222","74.7675684586312","70.8855401885264","79.9271891169482","82.769657628172","79.3691039399706","68.995051766514","80.7583282995703","82.9572703371745","79.3027137440568","75.220570646951","79.4880122836293","84.6461036479406","76.503752381447","69.3884156983586","82.7643713167347","83.5068433729434","76.3978468788237","73.5920449115413","81.3191066528174","83.1510801719779","83.2322264463243","75.1560071263925","80.0685865362912","83.9703042347576","79.7574280849451","68.6815048475075","79.7130286792254","82.8930154360857","81.7305389486166","70.008090813711","79.5708386189404","82.0106271939675","81.3988053931469","74.1275988231016","77.3853984956867","84.1275792431332","83.3403371305081","69.9670226315261","81.1262965474415","83.5519595372781","81.1680398706154","74.1348139704888","82.6093750207921","83.7397520487322","79.4072243500925","72.8942723690885","79.5995568801913","82.5417378425111","76.0496129234287","71.1410359269085","80.4707978277348","84.6600803624749","79.3265595745541"
"13","Chumphon","72.4937320033432","83.322099559698","87.8042355917551","79.5272264725123","69.2984192632573","84.3451460043219","86.9310668087228","78.5430580619332","70.8238592585021","82.427767097811","86.8781990282463","81.6091147914077","69.5807545135071","84.1577199952215","87.2416896331004","81.0608440390278","75.5146995817124","79.7601103556647","87.6478928274763","79.6311709352862","71.089721875313","83.2269071891684","87.6574005447067","80.1719650410828","75.2838703472668","83.2732311803052","87.8846345870367","84.6361464342593","72.88221889813","81.985286908272","88.1437294922231","82.4633584811693","71.3425898933559","81.8714504553166","87.2924105637557","83.2247591618892","70.7670797245764","82.1229981494302","86.4913442940701","82.4182098495376","72.9246090931215","77.3948245163379","87.857805743362","85.5253976541799","72.7055538595417","84.0212898402596","87.3178350719816","83.3140328058274","74.00001772782","83.5597718452981","87.8191729570046","80.7377232682732","70.1366196627198","82.0076382777074","86.434881445967","77.8088557370059","68.8914893016207","81.6931094426746","87.9342634983552","81.7010437980954"
"14","Kalasin","75.4951971410736","83.9428264132037","88.6949115277629","80.5245430799035","71.0495614428292","85.2990322578244","87.7226062402493","79.0998719481595","72.4733411863029","83.5543939854071","87.8514039316151","81.8620094878241","70.7736207743216","85.3842816374382","88.4683055412479","80.9859407316379","76.522178084762","81.4794528964628","88.212633060569","81.4065068459446","72.0721214073891","84.2467097736417","88.5542830128657","80.7519044333357","76.5416190432555","84.9895546421234","88.945423689638","85.3304458866274","75.1298552515707","83.1761604109215","88.9019027182726","83.0051793457693","72.8487027176027","83.0252830346856","88.6267953681429","82.9116521695765","72.6505453976405","84.0104898454482","87.7652386094173","83.1302747442147","74.9428227673594","80.6323608081407","88.8205243242465","85.8508597066408","74.5597441551808","84.7973426329519","88.1988793815054","83.9096752363168","76.7314629696895","84.4463068850964","88.8901139752975","81.0254959892129","73.9042935909833","83.6604631074184","88.2457667818561","79.4890105498193","72.1298392622344","84.0135381021474","88.1471135002488","82.0813638330476"
"15","Kamphaeng Phet","68.581895938818","77.3708814206331","82.0362136287966","74.8434009607287","65.000611711585","76.9205027667796","82.0583079103111","72.4010955064193","66.8025739992298","75.104346410779","81.8871253497359","78.4709303703861","66.144480531112","76.9871041339377","81.2129683867745","77.6392660058063","72.71365682261","73.2626145293747","83.0011178030484","74.6119064331054","67.2302154762157","79.1250211190486","82.8975530790246","74.6967472214629","69.5561923225145","75.8173343676876","81.5561501986739","79.2855009825333","69.3998947622696","74.4599700522307","83.1424381836601","76.8054415163787","65.8783466652395","73.9343718782139","81.186636847344","79.3667297639709","66.4788239151959","74.8987925506445","78.9555442892987","79.1130637237991","70.1132874972578","70.287898346537","82.4839050597039","81.1889268018197","66.9712162146822","77.8930423239003","82.559509432143","79.0716997505962","70.8977617015009","78.8397564689894","83.0017742682194","76.9465171482252","68.2329133720214","74.4146618718686","80.8836555978526","72.8553213589433","65.329788840105","74.5031613667806","83.5144408433334","77.1552337646484"
"16","Kanchanaburi","68.9291709877429","77.2273932575419","84.705523323767","75.676296947631","65.8658895478508","76.7233569969661","84.1388714022068","73.6777718534175","67.5231491897875","75.5266245419217","84.9450191756236","79.257223362424","66.8888176013046","77.6360899822701","84.6825914621704","78.1307111636177","74.07178727657","73.9604025172672","85.6472702897174","75.9340672275279","68.4419904829652","78.0702010928619","85.7741332580836","76.9957695007324","70.558122484135","76.1196467081706","85.4486546804347","78.5487956579374","68.877643497188","73.3792303026337","85.3987965703186","78.341963873345","68.3602549665748","73.975764713278","84.6695478071345","80.7119203435479","68.3810797603796","75.2932155910636","82.0252651135946","80.3523418948998","69.7474536230942","69.9699839169217","85.4313741242938","81.6535961448883","68.0251364935012","78.0061872404583","85.1090863723643","79.0320162934653","70.5316145854308","78.0809772774233","85.7254224757558","77.5756312835199","69.2496223468434","74.9102298285251","83.712441827833","74.5983363784993","65.2938407744388","73.6747202285669","85.4835260669332","78.9557136850259"
"17","Khon Kaen","70.0857709647263","76.1343126133763","82.7617556984472","75.7111505453642","66.8043104536401","76.6203975849024","82.1885506386753","72.8321497745364","68.4677558303537","74.5953389614051","83.9332290762295","79.5530779733152","67.6770240356516","76.245912731714","82.8402222831732","77.464456881929","74.2534467311468","72.7111568378994","84.2401073860852","76.7466339131248","69.4166943356719","78.4314199148277","84.744495903128","77.1011772288562","71.8661172555293","76.1124230526757","84.1069737543118","78.6089109083794","70.5416387364869","73.0903107897939","84.0570109593962","77.8661797260388","68.536177804237","74.1146990579904","83.436380258532","79.2633915727714","68.6490619749064","74.9973298336479","80.0680111436039","80.8537844266966","71.7317465773036","70.6229597068988","83.9678208605947","81.7347866486631","69.655801782478","76.9697088712466","84.2937714482931","79.1875543453259","72.9439693967743","78.7324256686705","84.3753082069549","78.6422265520088","72.5656283992527","75.2563778041998","82.1563436177837","75.0656990469592","66.7716052346137","73.8059449977449","84.3396464000068","78.4233007572131"
"18","Krabi","65.5558668940799","75.431217430794","84.1905905995148","76.4973945322942","64.2696559223908","76.4406444417632","83.370698021474","73.9894799196694","63.753757991889","74.8278673100419","83.0849679311117","79.7114117603429","64.5367046213045","76.819118230285","83.1702775639414","79.353832122769","71.1419069010866","70.5459174183557","83.7997865718985","76.3786733008378","65.8049101952335","74.8310933313096","85.0891691675249","77.5789127476168","69.1030691833159","73.5440040922411","83.5530591042626","80.5297579144274","66.6006940963779","71.9758346703581","84.9454519385534","80.3890149788088","68.4343666444376","72.6472465341104","83.4158758222399","79.5675800230856","65.9230442173434","72.3937033540278","80.5876962164906","78.8215600070575","65.6709868772842","66.5943200656647","84.0119171268893","82.3902010296618","66.5286095066927","76.9693938136715","83.3366737534142","79.354301751581","67.2204251938484","75.7365991453461","84.8135451428411","76.4519955043498","63.7423299939603","72.3317949577146","82.1387028409945","74.2030133674739","62.3545964320325","71.6274335480859","83.5049088332827","80.0495399955093"
"19","Lampang","63.8742071418913","71.9696625565412","77.1254194930684","73.871803785083","61.9969363040304","70.6701364683198","76.7483914910695","74.0230140507458","65.5233569371287","71.8111799059474","79.4806128808565","78.7669124211774","64.6432389275479","73.698280350041","78.1245080050179","75.2005333301186","70.1164637840233","66.732832979947","80.4523301734141","75.7834727686002","67.5849823691295","72.461027927694","81.3369256982196","77.3450996019791","70.113400039975","72.397362488456","78.9250381759572","76.8106878937944","67.3663468732366","66.4098497779269","80.522051780654","77.8545237229717","67.5388222400087","70.3920151982155","78.3990226645327","76.9940607279034","65.4409570264696","68.3424660958902","77.9256009014983","78.5194610538009","67.2140307684589","62.3975583961239","79.4810337826293","79.8479875503447","67.2592284894336","73.6850926732691","81.0816497768392","77.8866062198649","69.1457925800401","74.2561482608197","80.5581966746313","74.9250794061448","66.313095090484","67.9117360072124","76.3093637439644","72.694035897892","60.7024724134061","66.1421426675312","79.1800096818857","79.5536195702119"
"20","Lamphun","60.7469911582335","66.9584632445002","76.8639050414231","73.4755869424019","60.3125164919927","67.8183789855568","77.2173122170219","73.8481808340313","63.1249070821336","69.172076468787","77.8439478477719","77.7814204824418","63.094115768369","70.393823396759","76.4701439757133","74.7462580626812","66.8380317089164","62.6422248533435","79.5726503999554","75.26459801276","64.9758913509396","67.8689732115322","80.7074506968764","76.0998208366658","67.5238803127159","69.1548218033552","77.1429047952951","76.9865848016353","64.9722345411587","64.2628056486652","79.7799622154657","77.3497739515382","65.8799855127211","67.1129120842394","77.6026770779102","76.4370920379167","64.5744789821539","63.3781915701631","76.4392456296088","77.247592541468","64.8347100114483","59.7197358255618","78.4389530515916","78.6109001996151","66.7621050608459","72.1055016254484","80.1424512505268","76.6559987183965","67.0587908267858","71.0094349786058","78.888215607453","72.6658002616203","62.6910045746351","63.6165714062749","74.5069567783516","73.343110921718","59.5071974729304","63.1895835638807","77.8521037140341","78.9200308226416"
"21","Loei","60.0300976018833","66.14062895228","78.9907044034234","74.1021039548408","60.699815962408","68.4298577629771","78.6958516943989","74.8601599537712","62.8937358560613","69.0563099620107","80.2075325489447","77.9181313631601","64.8488745056565","71.1978398223902","80.1088659459015","76.37318098273","67.8738947094713","63.9703877777676","80.7105167030986","75.6250112312684","65.2396581493388","68.1491412111456","82.6329782329569","76.0053520492851","67.4112489226839","69.7643603477789","79.5116474574033","77.5431512041003","65.7357663788504","66.5217627984566","81.0513690987182","77.1469496423071","65.5342858530293","66.8188165442713","79.7054130912129","77.4779498083352","65.7331696674501","62.9431790297855","77.8739374697662","76.9767342032967","65.0999948486001","60.9643666108046","80.2260917170211","79.4261537005311","67.7429994672881","72.5637483078179","81.8104071226144","76.0825373374701","66.8329913283644","70.53659051168","80.485225962867","74.1069358509673","64.0733063193434","64.7407073157712","76.5030950754251","74.6045074849842","61.3556200147313","63.9701207715312","78.7485514759312","78.8794595391087"
"22","Lop Buri","60.2239182196228","68.5770904736151","80.6612783150438","75.1224203738101","61.8734905984225","69.9458676110979","80.2539851003334","77.2790178866859","64.5387019967913","69.7307179832511","82.0045507143098","78.8730588313238","66.2239261475543","72.6485053479489","83.0241002821743","77.8440856869963","68.0478125416573","66.0181761925374","81.175866014864","77.2669116283477","65.2458329962995","68.6986515107737","83.6029091883541","77.290242326369","67.9067100183414","71.5255075411761","81.7668747810446","78.4256638947678","66.3375146275664","68.5414811972946","82.1747576735038","78.162324747908","67.1606818573787","68.3088260424743","82.3230203910108","78.6752907162015","66.4144165509934","64.1362381872284","79.1172830805966","77.3567764625836","66.0705303078663","62.7968265341493","81.8560738869763","80.23065649101","67.841634703173","74.2059551956987","82.7325325903045","77.0259596989292","66.9133690989677","71.814284775633","82.071134374776","75.5280304845917","65.7719096379178","68.452010820997","79.8781274361249","76.2679250715572","63.6181905129766","66.9063771258204","80.0945800164026","80.2510605017476"
"23","Mae Hong Son","61.2084710001374","69.403887107754","83.2216936963631","74.5656049441286","61.7517044875675","69.6829218518509","83.2528607769872","78.4325519078987","65.2162263381973","70.5551099719313","84.766374432572","79.441973767596","65.6385474035861","74.2822818701242","85.6672471029075","77.4984468842284","67.2212044644866","66.5035696343592","83.7703616177933","78.4165141891085","65.1556108815482","68.6608459628707","85.8211532503166","77.9162456479534","66.9717320466278","71.5814397549164","84.135860332478","76.8588461432452","64.2175028530619","69.7695636767555","84.1595413979725","77.2738102449324","66.9358206980904","69.5366366573247","85.0836066120766","77.3964745749221","65.1036801434203","64.3606988078453","81.6675301439353","77.4537089888225","65.8382068730346","63.3585996935641","84.1996520893686","80.2486496447145","66.65070685109","72.836998594192","84.2637659888482","77.3745391659174","64.9653055508627","72.2778657454201","84.6507408237183","75.2415675897498","64.6797270691025","68.8354586707628","82.686577768591","75.1582035291458","64.0159249822337","67.4959778211185","82.5765101239871","80.7335832583024"
"24","Maha Sarakham","61.8658313270088","67.5740285512564","79.5467865265168","73.3598838325019","61.9225004866317","66.9404100801852","80.0011934641245","73.1948363845413","65.0249160285468","69.2726182725695","82.4628030553594","76.4512188129597","64.9061871617406","69.831892069682","82.8804902772646","73.0198184932675","67.8066207290054","63.9221430506434","81.9882878449586","74.5385933609696","66.7036842873147","68.8476683814246","83.6781602636114","74.9663506104066","68.5318527771546","70.980418854218","80.4236110721622","72.9832115998139","64.9969159627462","67.0763951046689","80.908209245699","73.515972783544","65.7437760063836","68.3165901069527","82.262599927885","73.8771769343196","64.7566206900565","63.7933028304183","78.8589497299882","75.5477727254232","65.9714453322035","60.8443502890097","81.1731030678964","76.7962609437135","65.7839599151153","69.8836239239117","82.5861235713099","74.4971771240234","66.4156047649212","70.411259707889","81.321734993737","70.2891798208426","64.3033077595112","66.375207450798","78.3713563626951","70.5651056238123","61.8153736859112","65.4709215708323","80.1269919386855","77.5609696809236"
"25","Mukdahan","64.1848385350766","75.2682946828266","80.5026762870771","74.3904915659992","63.3167324237392","71.5962787526925","78.7596293545439","74.7835286540225","68.0577656428019","74.8283181670678","82.7980358114846","79.1206563105349","67.3200731307245","76.4713090871294","82.7785043068736","75.3611697770951","71.2067433200154","67.0076478203231","82.52358774614","76.1407694381071","69.5044691866027","74.2573221729287","84.5849270117087","77.3003008147872","71.0305914614556","74.3939912120036","82.5783056855481","77.0658017477888","69.9878517250639","68.6295798783373","83.1325091187792","76.9711819789449","67.7085493044589","72.0827454180572","82.1925518719318","79.2180066030534","67.6165314584296","71.5361725742421","81.0473337519644","79.7903383978636","69.0778192844733","65.3946209489881","83.0626183650533","81.4716625682643","69.4172914506494","74.4293667944403","84.2730570353166","78.4697717983773","71.9662654736747","76.0924537354945","83.512604411927","75.0980241672775","68.0092662964642","70.5491623093057","79.462517203436","72.263590562539","61.8797503076058","68.4539770004249","81.9469792848449","79.2816122912691"
"26","Nakhon Nayok","62.99815919616","68.8901053667068","81.316885750944","73.9142860911109","63.1401579546206","68.4801554976088","81.2023191365329","75.2832899700512","66.459341356971","69.453440416943","83.7656693339348","77.4076661695133","66.2762430754575","71.3059201413935","84.3068272536451","74.4020938613198","68.6824022668781","65.4559667161017","82.5580867030404","76.2023409214887","67.7324952046076","69.590779356523","84.720726034858","76.3725717696277","69.6703081434423","71.8809306014668","82.0263970537619","73.1663049676201","65.3690996646881","68.8991869297895","82.0989071455869","74.666455897418","67.2407721902385","69.2692795341665","83.8555801575834","74.0698048439893","65.337086593021","64.4268674460324","80.0440895698287","76.3244565660303","66.9974629019246","62.0669249310638","82.3797737793489","77.7641494209116","67.3187635118311","71.2694596565131","83.5397753943097","75.7052210526033","67.4981440768097","71.4682944557884","83.0251381884922","70.7241169777784","65.3477122733087","67.1166184280858","79.9366065307097","71.2606375629252","62.7218929998802","65.9202239267754","80.8996135798368","78.6698083097284"
"27","Nakhon Pathom","63.7309082239324","73.9890627311938","84.9381672425704","73.7258614626797","62.6357568636808","69.1937452027292","84.6355516364358","68.7947609884089","69.7768739041415","75.9895755975897","87.0989865112305","73.2628096355091","64.9982747349595","73.6839189749053","85.5786507623846","69.6914907178012","72.5642288392963","71.3408931107955","86.3398969719627","72.70160215898","69.9289007244688","72.4978301447088","86.639997513511","75.0955525693026","71.0223728341767","79.8108600269664","85.0472298084606","69.5141182708741","68.6547238112941","72.0066033935547","86.3278999224576","71.1622152293812","68.0361669135816","75.3395934411251","87.7019556565718","69.6340426080877","67.0599747675115","70.3541159265691","84.7439236831665","75.365385131836","69.353743947347","70.2052288402211","85.7061882469871","76.3210231434215","60.9340049003832","73.795427717729","86.0788869649713","73.2768766992743","65.9153259994044","72.333064774022","85.9286315050992","70.2766844940186","66.2371396197695","69.6118078520804","83.2746837303855","66.8394316378507","65.367954901493","71.6127327473958","85.986104445024","75.2673750860041"
"28","Nakhon Phanom","64.5956268613438","70.0841081605416","77.3945513463929","74.4261962731391","62.0767604235945","65.659747618152","75.6289699488673","72.8805818142345","68.2930862105982","72.6911902655563","80.6918745473595","78.0654221117605","67.4817588526915","69.9639475869181","79.254626474017","73.8421721363241","71.303858533745","62.0292582670559","80.4596543493808","75.869478279363","68.6709696313359","70.3188047691756","82.019238564583","76.629883715981","69.2278100848559","69.6765973355939","78.9547711976427","75.7322959640281","67.7288509889292","63.8140367264468","80.9052224955412","75.8055521174048","68.5384051351207","68.151836454688","79.4530487770178","76.4749164131289","67.0550546790352","64.4341818618543","75.8272334356706","76.8963501907736","66.859417953422","60.8651181478899","80.5233303916433","79.0549513804718","67.0158699327574","69.239953485317","82.0549798003126","77.0238397463264","70.0548046744382","71.1395859600051","80.2375185173782","75.062361727609","67.2583932778508","63.3450004303016","76.1599275620144","72.5749468777444","62.4311324256302","65.4224228931064","77.853631853841","77.820241825983"
"29","Nakhon Ratchasima","60.8048546926936","68.2272602424053","75.0457463504216","73.6824805669945","61.2332968507621","65.2746177279083","74.7385665757696","72.7040746385159","65.4264491168258","70.7110929533534","78.2681731418525","77.0686818527776","65.2565435715006","70.4704775046592","77.3383506330032","72.2372472086432","68.8407931851719","60.4116748928802","78.6904780185422","74.5794357454311","66.8150862537505","68.6499706699862","80.5312566397576","76.0761760626425","68.6532253899388","69.2305117070786","77.2429449678133","75.1585641493345","66.6012000442661","62.5274505437641","79.3858346206516","74.906224312063","65.3301903451177","66.5466923021071","78.0701572748536","75.748675029371","65.306945174766","64.1279869106229","76.1000385723966","76.7444697545227","65.5517494389909","59.201324580102","78.923092462497","78.7848545506014","65.6926855721287","69.5558230597214","80.9932993990083","76.2056406782992","68.8397252404268","71.0672416260789","78.3055271050117","72.1876184687268","63.589340056343","62.5478064094842","74.0085814731747","70.6434018864978","59.828436762705","63.1302535094362","76.8918538546429","77.3067957062961"
"30","Nakhon Sawan","62.8598905564623","69.4642470557136","79.1817495837183","73.3154026546719","60.085779213329","64.224428870192","78.800061745558","69.8871485163828","66.6543912627423","70.6856350242021","82.5185864449182","75.2245621240226","64.2543818790438","67.6839482605021","80.6254569806818","71.1146844126586","70.1986609344922","62.6327581686941","81.6332421179065","73.143120147035","66.5426471064693","68.8053644831309","82.85679977351","75.019320096481","67.3493880269585","70.4473104140636","80.3086387471842","72.8866415829636","65.4760882956512","64.5944646174164","81.8509072235879","73.1663443260167","66.2444788488006","68.2858443396613","81.910273671864","73.2682150626928","65.6816098959173","63.9512423542604","77.6591054557247","75.3069068873158","66.3528035253346","60.8231905304584","80.94332776352","77.2526329456769","63.3367138894547","69.5661081900801","82.5911414171169","74.1595181930248","66.3078728805071","69.7975525508093","81.0097689942686","71.8765589167733","65.2186403813873","63.7336952537728","77.7695143021351","69.0682215332112","61.6341837258845","66.2587783916691","80.2883527873757","75.4478512660551"
"31","Nakhon Si Thammarat","66.7351941399825","75.0102348693491","80.578354979398","74.4826275848924","64.348221929896","69.8015044398615","77.4784477675588","75.2796540056195","71.2807361143235","75.7269494361208","81.8588186056572","80.0038890825238","69.805475578085","73.7634647659391","81.1585353597005","76.453092257851","73.4762444800661","65.9958407369692","81.8506527964274","78.543900882654","71.9326060387684","75.7056233420567","83.6632091977304","78.0386198050516","71.2539696069907","72.9850381505419","80.6483161096405","76.1141573347125","71.2334527632507","66.8839491084584","81.8133294717889","77.2956826086212","69.9898991224501","71.0445456566169","81.3889017352723","77.1644112115157","69.1652111066852","69.3851387050696","78.167207921346","78.1053203462299","70.5675037067257","64.5747610607482","81.4298920306825","80.3351044183028","70.1859635720058","72.3724668518423","82.6672380387155","79.9847616710997","73.3698149135657","74.2593130439624","82.2161895055938","76.7446236004746","70.6353327540347","67.8148833327265","78.1242444971988","73.1869145978961","64.3061600597002","68.4727642777649","80.6690318659732","80.023768701386"
"32","Nan","63.9626138423171","72.0528674125671","81.8447754425662","73.4932877165931","61.2045415015448","66.5026494434902","81.6643948810441","69.7625874025481","68.9441268898192","73.9137549911227","84.6430754278388","75.9185647027834","65.4637035699118","70.4548132192521","82.6247398044382","73.2051204953875","71.6978975250608","66.513267204875","84.1103869378567","74.1922318254198","68.4033361048925","70.9786643868401","84.286825226886","75.9689241307123","68.7475766624723","73.695942626113","82.3138223034995","72.7621063760349","67.1580352981885","67.5225225147747","83.7083900272846","73.4319596546037","67.9522515648887","70.9433762544678","84.4436382821628","72.3515543767384","67.5378695045199","67.1315947203409","80.5486544413226","76.6068346585546","69.2653887243498","65.0513484733445","82.9086236698287","78.2342193893024","64.0808332306998","71.8995528675261","84.0170490443707","74.8682621036257","66.8671949165208","71.0506742511477","83.2950005148138","72.8022796256201","67.0993190606435","67.3360157211622","80.5629081300327","68.1662392020226","63.6381480126154","68.3563758276758","83.4141588892256","76.5844947099686"
"33","Narathiwat","59.7464851080897","66.8194198304842","74.2311061636523","72.731642705376","59.5354623044096","63.7930461822834","76.1593703388852","71.6479448905358","63.0995335296442","68.7024699817391","78.1020483679734","75.7662413265724","63.2856400015078","69.1537273012358","76.8332406001003","71.8283514938557","66.528353836977","58.9277659179256","78.4300664603236","73.1543314045873","64.932993307881","66.5344711340812","79.3782314128522","74.4416051303044","67.6987309240852","69.062413238404","76.3679564397594","73.7983654437078","64.5134145482044","62.0878392007897","78.1268276852069","72.4313391526119","62.5816463770643","65.1847508967608","77.442815181115","74.0545846954265","63.8094635161544","61.9762706840913","75.6927906107207","75.4748492810075","64.1218440092105","57.5110018398781","77.7884379015045","76.4146610027283","63.1245437389343","68.7609804391229","79.9032302598422","74.4986106457698","66.1609525638381","69.4323512885973","77.2354495556981","70.8208891567565","61.4632189689117","61.3692552615435","73.4555521567873","70.4711439147868","59.4228263318697","62.3696292890689","76.8327687969258","76.1041090431517"
"34","Nong Bua Lam Phu","60.7867436678904","66.833329823332","76.9744453646102","72.8941050403523","60.4846595008418","64.9137578532381","78.1573438734379","71.6950441504425","63.6567036094905","68.8068544303846","80.5341911351906","75.6400264991904","63.8685959941936","69.5487788842159","80.3703079925393","72.2876101763743","66.8274819715968","61.6122489629302","80.8690975531092","73.2321140721159","65.5513584484844","67.3440415424371","81.6656952875965","74.1471575826969","67.768778471077","70.4014240864688","78.1652694936068","73.1171533728545","64.6542167291702","64.8061644020321","79.6837762940605","72.4150218279856","64.1157044224769","66.8819135965791","79.8874949239335","74.0387053147802","64.2468521370078","62.8808461039321","77.1628745762807","75.2350566720062","64.7843500881075","59.0466376502559","79.4858721499173","75.7915131982768","64.0864547825459","68.6500193721843","81.1030812281483","73.9526584085428","65.7021784104641","68.8830069008113","79.1053059973807","70.6873943256882","62.6879104422323","63.8727703442364","75.9591756280863","70.2519488316662","60.6702719874352","64.3190921711472","78.4944672386601","76.5705100653307"
"35","Nong Khai","63.0376810991751","68.5312799274517","78.2053725374473","72.9861843358537","61.6301775704371","65.1800961782354","79.1858070369447","71.3980954385902","65.377887457343","69.9898509986062","81.8730098626238","75.4485655740654","64.1844959497537","69.0253735535824","80.9312106742736","70.7216516762556","68.2572248539954","62.0147972447653","81.6559244791667","73.0602473742453","65.9719565740097","67.586629656989","82.5401006455334","74.7095984758416","68.0978057305274","71.8895356279477","80.2749567512275","72.9693968181058","66.0313250891606","65.1097067696318","81.4333553109777","72.5973919851093","64.8962247411708","68.3020180350927","82.0897853908559","73.8236264742966","65.4227069038372","63.6090993400811","78.365062057397","75.2213526293396","65.418937105245","60.3707191055696","81.1812502563575","76.8073340658207","63.9630853462833","70.4723652904057","82.5653795199379","74.9726781609996","66.9475006643215","70.3626855957206","80.5850505787971","70.6294345181088","63.532869122973","63.4808152250921","77.4836871483446","69.3216379457986","62.2522777422448","66.4454637345522","80.8219966806655","76.0844120013369"
"36","Nonthaburi","63.1979058721151","69.6725083065672","81.190786177445","73.6177062487123","61.7716214014414","66.1829830446789","81.4417443179642","70.4452151662599","67.6695002399112","71.8508146650579","83.9707427238571","74.2982792065722","63.976910209361","69.459042105461","82.5504826158055","69.3486768215481","70.1773211515054","65.1642663661872","83.2696363752739","72.9417647460513","67.518533461982","69.5567266119319","84.0662384681761","75.5166329998506","69.2049755919907","75.7166346196721","82.1860721328712","71.1113964063123","65.9663642753589","67.4297202865467","83.1764796550344","72.5138949257145","66.2967670908421","70.217880177289","84.250015020002","71.8884225193831","65.838038644491","65.5415970597422","80.2215975889651","75.0220682890006","66.8530489004254","63.5236753899065","82.3122386018497","76.7112397720124","63.263805900389","73.1082979287762","83.3527085600533","73.6716224664514","65.9996093944567","70.3767540099877","82.4974204981714","69.9396584700949","64.1536717815291","65.0904620336172","79.2871390995692","67.4973418222513","62.7765271139169","67.5474328223361","82.2226460882833","75.1414665062976"
"37","P.Nakhon S.Ayutthaya","65.0366366566091","71.9298418017401","83.762187196332","74.4871397156646","63.8370136048221","69.1778718263997","84.2304734643426","73.1365661445186","69.276854259171","74.3924336389434","86.2133861059257","76.0881669015596","65.7828423638694","72.9407841410614","85.086377592426","71.607597057056","71.5037766340588","68.6959871351588","85.4659949417014","74.8555063792997","69.1009993856813","71.5164888103017","86.2096470718484","77.0604440390043","71.1395403058266","79.5985282157459","84.4552391941839","71.1594433589729","67.2230411775813","71.2726041871726","85.451757875827","73.7250865137153","67.8556346131041","72.7147760638345","86.6135445118579","72.4841013218575","67.4444236755371","68.8455416813827","83.2491411176438","76.00075537037","68.1848922381026","66.8134667903748","84.6528245074005","78.3064460302059","65.8928185564727","75.8214454064518","85.202823430339","74.881947051238","67.5890701856852","72.4824900202024","84.9045451218275","69.0087789603373","65.2086920840833","68.5157010845307","82.2153305234645","68.83672838877","64.8726268193677","68.7129011325895","84.0476119527704","77.151393156592"
"38","Pathum Thani","65.7053794031557","70.9749294041436","81.9244059617969","74.5603195964427","64.9034749597743","69.4119034573652","82.4096252158068","74.2483921120132","68.7288104670059","72.3409472640586","84.9838013303453","77.6248061207758","66.5791979250701","72.3026065181419","84.563477937726","73.1678788005442","70.2857691400869","66.3347357229334","83.9834703984468","75.7929852043373","69.3539808291744","71.327166746204","85.5902142662933","76.9811485677525","71.0882855106667","75.3941342588784","83.2507569548013","71.8369446146315","67.1546424460296","69.7779820783127","83.9170354621998","74.7320772115736","68.0413952749133","71.1166578537024","85.0286510647207","73.8689587565436","67.1768112758508","66.3249058631307","81.110776172168","76.8862703641256","68.2037547821008","64.0571141980121","83.474877934525","77.8883004257644","67.4266669830838","73.3140565807693","84.5902647764787","76.5333912890891","68.5478368519585","71.7822148926592","83.645322975905","70.0741979212001","65.5941936520563","67.4734830027041","80.66031929721","69.8732971384906","64.1533422700449","68.2188503431237","82.5085373615873","78.6768521295078"
"39","Pattani","67.7301105079324","68.1169230440794","83.7113216251783","78.2390156860955","65.4343342434257","64.1812911569038","82.4676630237658","81.7076450227198","70.1319066439322","69.2528111992813","83.200903409079","80.9821846772749","68.0286109059283","68.609029613152","82.5347185952143","77.5822638830387","66.8621078529769","57.4956616095935","82.6873238801799","81.2055709225297","71.6662788927568","77.837966929842","85.1471065038431","80.9954872747433","68.0155223807878","69.0987108138807","84.3607897730194","82.8395560534281","71.3085151689966","64.201090333017","83.5995376690014","83.3099524498615","70.5504795029199","63.9103864390256","84.3156636482646","81.4623661883661","71.7487690614831","66.8416934293119","81.9040231226931","82.1695406278184","71.2887174325103","58.4110639580945","85.2254949857628","83.9655289873137","71.9905168968775","66.8242694160698","84.6361142675894","84.9333979255209","72.6503795363096","69.2634550768107","85.1214720318014","82.7965392349736","72.3016231543571","56.7561672879585","81.7582247060777","81.6002602347749","64.9086380407224","58.5842392811852","82.8564861884774","79.5903859210785"
"40","Phangnga","66.6217983451881","64.8517962599867","80.1880216770203","76.8370057151282","64.3287414971168","60.86180941576","78.439209783526","80.8300617861084","67.8358644859035","64.9091948984232","78.0486808502147","79.3380718824321","66.1503106308192","65.8215358836106","78.2758984105287","76.0094884663283","66.530347583727","54.2509965558424","78.2555961764971","81.0558151020356","70.5257307636367","76.08208248307","82.4100507027584","80.6841094146579","67.9153098643834","65.005518177072","80.1882416402065","80.2831980116824","70.049150630287","58.33272961847","79.0741826446083","82.0155172956751","67.1742288118103","59.4989396390275","80.2326379704202","80.7546866521508","71.105625102641","63.0821211898645","77.2390696062004","78.7064284903718","67.784414148825","53.1722962815971","81.9990670411755","82.5663865396903","71.1910458516372","63.9709974165114","81.2562112199499","83.7139703466537","71.8261802848154","66.4052619330556","81.3567090198373","80.9750976749801","69.7686630723519","53.8893677315553","78.3577759644404","79.9066250577886","63.627023052792","55.6557978262228","76.9803964237144","79.3364992344633"
"41","Phatthalung","66.4122242818862","67.6647306814218","83.2517573804203","76.4149075680347","63.2492136134986","62.7356684461988","82.0090526210711","79.7434106109993","68.6636908118915","66.9144966583282","82.1255916871919","81.2654372816682","68.9455588783132","67.1986151442016","81.8264966426294","79.262496161224","67.6915736321977","56.8159530501419","80.6577111739711","79.7764391874027","71.2872364059796","77.661621923129","84.5040688662415","79.5742099434225","70.109316128958","67.0730539675277","82.9562041306621","81.2908522641011","72.388924511557","60.2969586810661","81.2021118957769","82.2353747048481","69.2036029028656","62.8180455145212","82.9006854279706","81.9314258515243","69.4066020646756","62.5732978309499","78.588152228288","79.8897668335746","69.0174132524911","55.7024288054867","83.6871581654462","83.1294223622646","71.704691923503","65.9625455572803","83.8107489090367","83.0859682093163","72.8529098067812","69.4452758044405","83.3812300282428","81.8543132556802","70.5436653406235","54.3655821515783","79.9637213695265","77.4483471462979","62.9151144460607","55.8997781197276","79.6837318761526","79.4807434505639"
"42","Phayao","65.7190495649974","71.0060360802544","83.6965599236665","75.7081036002547","63.7706432448493","67.8834790088512","81.5172654222559","75.277233226211","70.1531157128605","71.0473831188532","82.9297818236881","79.5792406576651","69.4771816489137","71.154680173191","83.6744935124009","80.3308394184819","71.7947493847506","61.8516154159734","82.0414962556627","79.7531083778099","73.4349978223259","77.3760492630947","85.3526762132292","78.2033972457604","70.8213175820716","68.3214375283983","83.657976770401","78.9900519900852","73.4559535674107","64.4259544066441","83.7880493605578","78.8243572270428","70.6658950063917","66.7013611381437","83.4797128765671","81.2780074649387","69.0557754916909","65.5088318200759","78.7927495011577","79.738019932641","69.8297530821812","59.7163472116729","83.7957640347657","81.9342948560362","71.5097285835831","69.4905129986045","84.4159000785263","81.6423067234181","73.7547552273597","71.8311870574951","84.1446213969478","78.0687669859992","71.9092928733355","61.5034430786416","80.17041760374","72.3812571384289","63.6251572632495","63.3134031083849","80.8964507509161","80.6468703835099"
"43","Phetchabun","66.761973233831","69.7134334996598","84.7693044397922","76.6823353436702","63.8522791439344","65.8454587240881","83.5113773879322","78.0111864034495","69.9969514680389","69.7194503383082","84.0228620375563","81.3029568862061","69.8803150836964","69.0392678621365","84.0783232021118","80.6587935112733","69.5444436439554","59.261621980148","82.0030732720224","80.289145915567","73.1597679274728","78.5384666989047","86.0975025462891","79.3539806340365","71.3364096007891","68.2117573370425","84.7185556445879","81.433027677088","75.4022815087053","63.4519054930571","84.0439751089553","80.9515580768286","70.8322974410544","65.7571686411153","84.6866359796034","82.8715689443636","69.7477076542546","65.4042768641962","79.8994456681629","80.6050144681994","70.550249640218","58.6380664717342","84.8659824588955","83.2934606411313","72.7753693710771","68.3636742448913","85.1941785129658","82.5619239380429","74.2535997372257","71.1374282139971","84.8660105826871","80.4109615863569","71.3150811646964","57.5294533927969","81.4137414808508","74.1631737224741","62.4071101687188","58.658487327058","81.3757983278108","79.47102552239"
"44","Phetchaburi","65.9053673906857","71.758607734636","84.3578050956977","76.9001677836721","64.910594970624","67.6295311625503","82.3999680839279","78.4058479409529","71.5566911269347","71.5166302393136","84.8489901361745","80.4286086871765","70.0542565990108","71.2492156493885","84.0428068205527","80.0280149403908","67.8466716464256","61.7037009203622","82.8145799642548","78.7777602779587","72.9685185004584","77.222744244481","86.4441140903676","80.6083698580894","70.2573096341723","71.0160881307295","84.8751164247432","81.947342861776","73.5587598708202","66.6076395440763","84.5904754145569","81.5215942592837","70.8033198347687","69.4510860340386","85.4727839110926","80.7072282057191","71.2802511481927","69.4328789238252","81.4880227260715","81.0830454960474","73.3323359562684","62.1792559582816","84.9918349920669","83.917313875373","75.0104723347653","70.5060567462038","85.446620095354","81.4463815169731","75.1090564176087","72.995811506538","86.0162626810947","79.1695897726154","72.0764598256691","62.3757726112669","81.8344417597133","78.7200514327118","65.2691821500305","62.5268726687504","83.4063785651143","78.6390074359522"
"45","Phichit","66.1569713744938","68.2064274325821","81.7560539200779","76.9349506257144","64.2992545746842","64.1915400572679","80.3801048852582","78.627587718493","69.9267637922957","67.4420867453731","82.200005335197","79.0897868343582","68.7699923039043","66.2041331947527","80.3203950830408","74.4372403092165","65.5415432635261","57.1298806922276","79.7061582715475","77.3821037642124","70.2374666021984","75.2008229071516","83.6198461893442","78.6971377362656","70.0084185198714","69.5006502138789","82.0426147698516","81.285764606803","72.6530125607148","63.0695709007374","81.1636693575688","81.0298249483389","70.1752965877069","64.9990591384643","82.118531779593","78.3418276749823","68.8933789618941","66.7358783986398","78.4230666648067","80.4633397775867","72.0200299757208","59.4767366223274","82.6596645574872","82.0513734201147","72.8476792054227","66.809995154423","82.7325992808359","81.1381563529565","73.6692256456817","71.9895859691054","83.4017219543457","81.3955250481181","73.3201552980141","56.0249094964941","78.6827929033936","79.5212116443172","63.8929865082899","56.2065999516309","80.3743427379711","75.6919476770206"
"46","Phitsanulok","70.6395612082485","68.2767785871932","81.5235017634364","77.4608727146405","66.4945061909981","64.5754150616752","80.1020866518254","78.6675655410375","72.3681089321225","68.7061127209012","82.5241028816161","79.4769749435396","69.5188373684311","67.5565654792061","80.187554991835","76.2618665318976","67.3448500524755","58.7556129651437","80.422821660003","78.4087329522923","71.5743208359488","76.2709071892484","83.4679043422883","78.2111611721586","70.4314826228031","69.3600811863762","81.6432166962453","83.2025554826577","75.2099332735798","64.6291925155203","81.3457115283218","82.3153822796749","72.8310893939995","64.8849665252233","81.7541996532481","80.7181298190829","71.9896743215467","68.4455475796242","79.5225798476093","82.3411104205854","74.7931403906752","61.7862614468627","82.960117250513","82.428825698499","73.4590096797159","68.120039507333","82.8637419624783","82.5014904478452","75.1764571688116","72.648340262244","83.4091850500519","83.1468084451178","76.6866562926329","54.941085191192","77.2224643160271","78.779156622173","66.0768277752103","56.8822161460117","81.9770125948644","76.9423881105579"
"47","Phrae","66.867878851896","66.3417720120472","86.3959239657412","80.206594754244","65.7376738707406","62.1239318550426","85.4809284068839","82.0501108876384","70.7539259070727","69.0015906743884","85.9871119245836","82.7728362850072","68.4197506406198","67.8441971453004","85.7622788863144","80.1624652314486","65.3959410452471","56.2570949410903","84.7526498770632","81.3740045336525","71.56629802772","76.3034414627035","86.7349740923335","81.670057205409","64.939970023729","66.4753886120984","87.2979048040601","84.2918065070019","70.6407262656409","63.4690721287831","86.7003950480045","84.8212242474442","71.1262565179272","61.6823470877949","86.6126503525737","83.6821020707029","70.9569064640174","64.9243077662724","84.6224488505208","85.2519356587322","71.0785867646818","58.6248376484563","87.304877469314","85.6164737405636","70.802171667281","64.2165708719484","87.0067379178315","86.0959479354806","69.5410925163057","65.1126634082337","87.6650969299787","83.697542277546","70.3407927150284","56.7780335215007","85.7412858656358","82.7949996848199","64.9851847626509","57.741592279635","84.738958082558","81.319641463433"
"48","Phuket","60.9628675539606","66.9479417411902","76.0709661021422","74.1007643749448","59.3083432366799","66.0045553233661","75.1752548366436","75.3769593866932","63.7551426638501","67.5813697850621","77.2922918344975","78.8854835046425","66.0450136408183","69.0140982043374","78.0775729957634","77.6127211347002","69.8057724795858","58.9644051242351","78.1598402946514","76.8450919141643","67.1208999576306","73.7553098801979","79.5881495130127","76.3360847181765","66.6285062964844","64.671703428812","77.1577242229102","78.4186811707304","67.575833118188","61.8438810515509","78.4371264569943","76.7004100921465","64.9420242606897","64.803005964795","75.3295441521208","77.1754033035909","64.0327411630798","63.3458175193368","72.5222097338872","76.701630926095","64.5820896399427","54.5189926730221","77.9513496330541","79.0789320597125","67.3027217852106","66.7209233595942","79.599548770967","78.6899579405691","70.4677669478565","70.0781063001538","76.9876618701224","75.0133368952239","67.2866882221145","61.4279155181147","75.5079195404647","73.1693901677477","59.2383205129376","59.0796684855825","75.4552521010627","78.9216143399221"
"49","Prachin Buri","67.8662294398473","72.6486667015033","80.5172922400789","78.1370237211941","65.3551265027492","68.9364564764211","78.697746249151","80.5691318916875","70.8525958240587","75.1571752239206","80.6986708252123","82.9692559737733","70.9633243241124","75.2530781367638","81.3442792178533","80.9804419831857","73.6180488572218","65.8476126431087","80.6621117810298","81.9963773120049","74.0235241057042","81.7959775132618","81.5975239886918","81.4292139149245","74.3560265056248","69.9752938865505","81.7439218574396","82.4940360767216","74.8308484807361","66.9969457658309","82.5853563340683","82.1932628951259","70.5562667193138","70.6064744860545","78.7666894902064","81.8988353239092","70.6676006437902","68.58854182579","76.7285989558897","82.3157744892483","71.054092709845","59.5134790559055","80.5291232018498","82.9733422135508","73.6765407256796","72.1069896193634","82.0020452424801","83.1316650816848","77.4713662543554","75.4294465887258","80.1485405437107","80.7269886507002","74.9067025069196","65.5373930719756","80.0767799633175","78.7980619888731","66.6432331703229","63.2501626041348","78.3605135656602","82.8952665574058"
"50","Prachuap Khiri Khan","66.8921488007012","68.1365625555064","80.3568538169631","78.083795190987","64.5745178844749","67.0066891882976","80.2875009663243","79.7684413210059","69.9468627828926","70.8525770473782","81.6482562049517","81.6484665225848","71.7426296445511","71.3311869106243","81.6025551344998","80.1758382338886","73.0228920957668","60.7438698439224","80.8865246505803","80.4075637902811","72.7442587678062","78.2406228235526","82.3578496238058","80.2751599393149","72.4551583968323","66.7715278393299","81.5989524716452","80.8327806359422","72.7587034612629","62.9546451836936","82.6513766864577","80.7019896823512","71.279626297054","66.4339099065894","79.3011210340554","81.6316714750909","71.2003784256354","65.230773971781","76.4868944071163","80.5974255380294","70.6821522807172","57.0538477627943","82.3109489427775","81.0966435908039","73.8885470512712","68.8254964720611","82.8274436543257","81.7291311811107","76.2487269863465","71.2578970530989","81.0888749072513","81.07086129398","75.200859425775","61.446687271771","80.2269273605149","77.0619217858656","64.3451299237479","60.6735601761955","78.0331462520038","80.8676689699947"
"51","Ranong","65.9787784657753","72.7050838467748","86.8417728708751","78.4542363197311","64.6374796739265","66.6408216529309","84.5107190081306","80.4197997998073","68.8269384247238","73.4529337348206","85.5921217505611","82.867712610566","70.4361208413455","75.6747350610057","86.1701251723365","80.5822187411506","70.0083390187777","65.3063369512389","84.9149117402685","81.9928073891191","72.5831746636169","81.532170227528","87.1683115180367","81.9415750873623","70.5559470512211","72.3936915226159","87.908225115225","83.0106839828654","74.1464460339035","69.2784848064756","87.2745811527472","83.2508274753465","70.3409286146564","67.925746900915","86.1275513533082","81.7086753194521","69.6772855562103","69.6945925058502","84.5466851378809","82.5252121410899","69.8323191135084","63.0661167228823","87.3391441182541","83.2269150512305","72.35121350102","71.1064024019004","86.5599796962128","83.3058149211697","73.1570079036189","71.0459877908865","87.6560541067551","82.7938218090326","72.4752353757683","64.8518584847196","86.4128617341584","78.7367299940032","64.7475985263372","62.6732274405907","83.703812262041","81.7570665192757"
"52","Ratchaburi","64.6886033863491","64.2759345118205","80.2921223831177","76.8739035288493","62.9131897339998","62.4557122350622","78.2444257164001","77.4318145412869","67.477881588406","65.8667879839297","78.442437508901","79.9166499710083","69.1929923997102","66.9878788460626","79.3304125870599","79.3731101184421","70.1993659210205","54.8552735590052","78.9320507876078","80.17022412618","72.9509738470007","76.7708481174045","81.9520837762621","78.2346575122409","71.5396509721544","62.7938898284347","80.4005380164252","80.36303085751","73.3558234942401","59.5217117719297","80.593222618103","81.1128766462538","70.1927612106888","60.423140212165","79.0067890315586","80.1186007139418","68.5604148271349","59.4803031992029","74.5493994723426","77.4970691638522","66.6877351280495","51.5269239411531","81.2095942221747","80.2238793945313","70.7768984829938","64.2616204989398","81.5302456516689","81.6238545947604","74.2165112700286","67.4755469993308","79.6786555057102","77.9093561299642","71.8419075294777","54.0673119156449","78.212026386261","74.7958135859172","61.124101619014","54.2045779503716","75.177113000022","80.3606769053142"
"53","Rayong","66.6793107787215","71.3928601805989","83.0784903435986","75.3404701626068","64.2677095053698","69.4438173786401","82.1653437893371","75.2452499102749","69.4323534668875","71.6998845696339","83.4205491908081","79.935314106742","70.3273044734944","72.7610495469032","83.6403645712021","78.9015701315197","73.072425755507","62.831710262883","82.3071231749065","79.1025030194551","73.118797936258","77.6179248274978","84.7869755551012","77.7371622792193","71.2372540249909","69.7308892132291","83.5644398731773","79.0090302650643","73.068303613831","65.8231972408383","84.0978950776762","78.4443378740698","70.2173091867176","67.0768990707043","82.9891874903092","81.2713262882073","69.6924014149049","67.1824373601207","78.4905295518115","79.8768587032733","70.5141428484337","60.8094814003012","83.8673850606743","80.3642850998052","70.1119190267423","69.8753384729171","84.4853027218896","81.2035842619235","74.7463987894155","73.8615645671621","84.3163378112496","77.1111593458978","73.4023138168463","65.0769218933615","80.5344548677003","74.6801586948066","64.2040105304346","64.6960307274467","81.3819008338418","80.4712841623673"
"54","Roi Et","63.608949893581","67.4709248800023","79.2944288131934","74.4664613668517","61.4141009345371","65.9788629292494","79.4896853559062","75.6882134864846","64.5871555153989","68.1257027545346","80.6211402014127","78.8979342491501","67.816381004979","69.4013976487567","80.6948482969957","77.4102953629761","69.8996507578584","57.3164908556962","80.2065882211649","77.1016998356002","68.8018286313475","73.7438002287969","82.1357824822707","75.0689170324011","66.8921779982412","65.1641976461026","79.9570356260166","78.1919479792529","68.3480946737416","61.8014785456833","81.1739450313367","77.1713491599036","67.111082638075","63.3699919859297","79.2703377311031","79.5369036347944","66.5374730233101","63.6451755964506","75.8670313199903","78.5424682107044","66.8168492428218","55.4032124368255","81.3161452348635","79.199255113098","69.0481481573786","65.8662145767342","82.2679516899525","79.167647876772","71.6563399161621","70.1294761416182","80.6052504674336","76.1364034006096","70.1065252023553","62.5533232480406","78.0444035262022","73.5257795941484","59.9012487948719","58.6214871528404","78.9242652945055","79.7727756061586"
"55","Sa Kaeo","64.8303682954718","74.5487629295958","83.1380809242876","74.0260092538645","63.2939207011099","73.3580253769303","81.2798429530056","73.6903428178863","68.0171500218497","74.4412544138336","84.4431198208778","77.7020736803457","66.5465413882802","76.0265879140376","84.2072589030851","76.0983394172678","72.7807073021011","67.1178957272675","83.027180539837","75.9957416952722","69.9080622191462","76.2811458301203","85.9525742161402","76.0614656577946","69.7387379929335","73.5029488845055","83.9086847737236","75.7065044398529","69.9995155326895","68.7314936039606","84.2986366512949","74.9177345507762","66.6098705484226","70.9787333704055","83.8875846658191","78.7457456486444","66.7732775259643","71.8226615707222","81.3967859168161","78.6896919800641","69.7634470692977","66.1278618580299","84.2514292486234","80.3626694321206","67.8373997483312","73.0329167233794","85.3160214577585","78.3584013610404","71.8047762019416","76.3920297967474","85.0730273959464","75.6333751291996","68.8535118534966","70.494985816116","81.492014678073","72.0609506168298","61.9866425321365","68.5447017842453","82.8161535695","78.6923545887417"
"56","Sakon Nakhon","68.0572672910084","74.5109856739669","80.2721669880641","73.4647488483804","65.483861259872","70.9881227691738","78.3513842621291","72.4228223927448","68.111995983675","75.0911010290157","80.7663836479187","78.8127950326556","67.3471767098458","73.0907135744775","79.8747871790318","77.0886070769646","70.3668075186669","69.1561753782004","79.7247248577934","79.0173903889739","73.3616960852592","77.0339848770112","80.2129976763202","79.3767928360515","73.6083565236057","72.779509134605","81.3343277198042","82.933033474608","73.4209502850424","70.2262268029656","82.1158700264947","82.7896369537177","71.133854191657","72.1672424728011","79.671363670702","82.8881813666724","72.1681143736793","71.0608049072971","77.9272602197063","79.0799559058482","69.5466168574515","67.5269481405357","79.1096177652392","82.3202015595629","71.0655083683874","72.2702861190531","78.6143467357393","80.7128921299311","73.3763890165355","75.9500911947849","80.5734166216988","80.7234074146073","72.3188420591556","69.4488496008636","80.1865427755896","78.9867828512467","69.7431738160709","70.1626176227724","79.0571854900073","81.3698733390411"
"57","Samut Prakan","67.1995693072734","75.4373525449997","85.0923226599114","77.5056945882379","65.3932295979693","71.2819921363848","83.1682765339967","76.5356344641211","69.1601914089389","77.688365847396","84.6304763017309","81.059455956094","69.7379772389303","77.9005470154454","85.85752685203","81.0674931502142","72.467609204923","71.0465503971419","84.3956801623584","80.9447610722506","73.9561011870763","81.3386824967025","85.503877196811","80.368115618176","74.0928453436206","75.0803284184879","87.2394319647956","82.9573586466114","74.0736889927813","71.6434998678621","86.6748549561176","82.4831559084316","70.4209322612462","73.0013227309773","84.6629438749974","83.1502122900885","69.6133846538438","72.1171688073034","83.4005843600396","82.3143673773665","70.717700593976","67.0341107834985","84.4532518292129","83.3260492786731","71.0488901058165","72.6358789444455","84.568624060786","82.5227078291366","73.7897980259914","75.007773579791","85.936825726759","80.8964724617208","73.1690949453845","68.8671942342472","85.0853078855277","78.2624434499544","67.371374894257","67.020155872921","83.000921021353","82.3136803049273"
"58","Samut Sakhon","59.8747508502829","66.5725914738096","74.1330775346427","73.1893100291285","60.7748741833917","67.1863999149717","73.2005821675267","67.8644344803382","63.1730846308566","68.3222818414096","73.8634892272949","76.5239262916302","63.8168302128233","69.4735255519823","74.8832208041487","76.3874064320532","68.7924361866918","62.8560663473195","76.333288555803","76.1950285234122","68.7802588679873","75.5696201157844","76.9521341547473","75.6013541596512","69.4522268448753","65.7737534954904","76.8177782703268","79.606012878418","69.9489499953697","64.2043753613001","77.4601547609526","77.6192839892157","65.720830923497","67.5994705182656","72.619028086169","75.9493122390221","62.9062290305653","63.4338849192652","70.9315376018656","75.1140702030577","64.3187271083086","59.3284326627885","73.9410393839869","78.1457192256533","64.6744199958889","68.3672858437725","75.5945781392064","77.6523270705651","68.6964843101063","71.0299508456526","73.8837342518773","73.8721184723953","66.589580258775","62.9173524422481","74.3730058735815","68.4140976478314","61.2334605793569","62.6839015110059","72.5179616494014","77.8098656858247"
"59","Samut Songkhram","64.5749400071507","69.0377994449774","73.3109195828957","71.3819437500905","63.1205606712778","70.7443964103737","72.9597342157738","66.2331981076919","64.2510560004387","69.3098111683392","74.5286297735798","73.4565984963747","61.837429004504","69.9438494045143","74.0909385265427","73.8403880843517","68.2494286434902","65.7050599151141","76.3504058834565","73.6935615672583","69.2876816516489","73.3854213804397","76.5811716177823","73.7204384575123","69.9354363374674","67.3744211870375","75.7826070610918","79.3529149615048","70.5696810717085","67.1016134091915","77.7363653873088","77.8269110648862","66.9183588812289","69.9292599146742","73.4514786022688","77.4544691968817","66.7419560240369","67.8422524436412","71.002735094704","75.0112460301873","65.8806070828292","65.9672180304379","73.6200817028335","78.1625056445547","65.6175320222606","71.6681256891509","76.4398401238759","77.7097794250914","71.6024142029465","74.1302639030849","74.7746349940013","75.5362324901737","69.7884945103125","67.0423800560736","74.8387042979313","70.9529712447521","65.7435818843736","69.0030693745967","74.4543938857114","75.4480068669074"
"60","Saraburi","69.4069460035669","72.895986286903","74.707776242092","72.3595561856538","66.651361239675","74.7267358540277","74.3797874118248","69.1678788552876","67.8244464793929","72.3582942632981","76.1385794870214","74.6218579859516","65.7778704220087","72.8121310243073","74.5611437753915","74.4719330532099","71.5857180482509","70.4536053637447","77.2003102146722","74.6163895218461","71.6911226880663","75.1891575732262","76.8945562990143","74.9603539011837","72.4666522932641","71.1166908136726","76.1059372222501","79.6184756958406","72.799297008639","71.4986176944419","77.9415068699124","78.5630751881984","70.2360215973144","73.8318903527575","75.1088338781286","78.9896981731739","70.304380883665","72.8388082356062","73.5085457986736","77.3443705157777","70.5728398242028","72.3345468281488","75.3417203109508","79.4558153173244","70.2827804332725","75.1601942085926","76.9801278207816","78.8428445620734","75.2780049364898","77.2167435745095","75.9606022055632","77.7509538571559","74.1345679588567","72.6245381529122","75.8038098993904","74.1148312221685","70.8618778347883","73.6277180590661","76.2866548442633","76.9625813685731"
"61","Satun","69.5442387620026","72.7774962224401","75.0511857341698","71.6365964357925","66.8730439064034","72.9814644078345","74.8578299003045","70.0656060532563","68.8110454180087","72.4128479290923","76.9106586185151","75.3717519042935","66.908779865738","71.7737447465315","74.7218562405759","74.2368519914627","71.0983940589534","69.4946529526186","76.5444571694622","75.8932898596109","72.3729002794981","73.6181382834534","75.6605504298646","76.3537928849799","72.2693910134768","69.5898633508331","75.5939897018739","80.46886429465","73.2408341892864","70.4349082587547","78.3822282590019","79.9598444274417","71.5575792429107","72.0075577393057","75.4922074545441","80.0114812404213","71.5583447977095","70.9865963980066","73.9159997590607","76.465745844835","69.9169373806931","71.1416023085588","75.6256485582153","80.1286828897814","71.9050923296475","72.9803931630167","74.4079749369022","78.6163182202548","73.9702854792392","75.9828454528945","76.0997749203733","78.5872501035908","73.1660334379597","70.3299109949416","76.1000472286291","75.006729426102","71.1916782491611","71.5019849088543","76.2076388345444","78.2697876805875"
"62","Si Sa Ket","68.7426441201831","78.5571794068905","81.8608190423761","75.3013397971453","67.7703204076358","74.6239955106029","80.2955926013942","76.9295858744401","71.6619228398316","76.3947093980495","81.722722945081","79.7483505598743","68.9065307077271","76.177997931161","80.5044664882205","77.734525415952","71.6771161578293","71.8144860814075","80.8115191741501","78.5494916936601","72.1298886104717","78.706750287653","80.7855619584694","78.3136946950804","72.5666566917011","74.8669103600196","81.9223264549265","83.0478852827673","72.6930177302834","72.6736935353634","82.480575533914","83.2429451246458","72.0510008213364","74.1970329422715","81.1708985525391","83.2689417941435","71.704778593805","72.7841320919808","80.5950025551569","81.3546774971183","71.5024968612419","70.256258384358","81.5138487614539","83.7791651966201","75.6884998556213","76.5765816351473","79.8156694198259","82.1657707619293","74.6612694636377","78.7554619869267","82.3667483036424","81.569315750435","73.0300617532458","73.854666958001","81.4652624578902","77.7259449055744","69.4233999862027","72.8301212784752","80.7474519317774","82.0557981659046"
"63","Sing Buri","71.7985052596273","79.5482869412228","83.596911685346","79.1504104892834","70.5111873328663","77.6421340325321","82.9622195909947","80.712703161161","75.2759987838979","78.0563751178767","82.4744940803807","80.424496200256","68.6972654003418","79.2237605771505","82.2974628408048","79.1772099507291","75.4095594528192","75.6868146395374","82.5202401321825","80.5653499517902","72.5029519915721","80.7551042416725","82.9899006047153","79.3123767030534","74.3091701377267","76.8755774436205","82.7280385878959","83.9996161444027","74.4367955286081","75.9248185593987","83.2861034721312","83.8398605769037","73.2201473114768","77.4013437870956","83.0109911964695","83.8592921190745","72.431515930679","75.943477868753","82.8798868900474","84.2607909608084","75.0490531876455","74.4546863299798","83.447395486461","84.7033547220578","78.2911327618171","80.3184257180821","82.4339005523071","83.3714957984233","75.8595446649139","80.7538218623664","84.3237381857612","82.1827420615476","77.8406720530252","77.0566227511888","82.8707381316995","80.2511321473318","73.7180234012671","76.8666715648158","82.8667613120467","82.4733379350534"
"64","Songkhla","81.4719191258788","79.5947245424934","82.0709369494845","84.9012917957982","76.7866365680587","78.6287185069409","82.5224401917773","85.4096596986745","79.9902898438723","81.523346589906","81.8281387805204","85.4264241205342","79.8762419376853","81.2431549558165","78.9368894794505","83.4058381331903","78.9857494881291","75.7933995384526","81.8461377257008","86.0340145593064","83.4608423715992","81.1115819385374","81.5537792052988","84.4137212462344","82.2436579041562","80.6330012089789","79.3349501502532","85.1108080330542","81.6857748105089","79.1664682024861","80.8078245756623","85.6552262240088","77.420306196443","76.9062293924058","80.7845599463981","86.3346582215813","80.9630742026527","75.5494598708033","82.5850667292238","86.5384681742805","81.0065846396644","73.6205415985311","82.2643310740843","86.4480470119529","85.0925905553879","82.2994493309142","82.2680784998395","85.2868358012525","82.9909554683801","79.6126908202874","81.8836534938018","85.4678436655477","80.8171787467686","75.3767937129745","80.4992462416827","85.5825534138731","79.9191875781043","76.1319090251011","83.699426160204","86.8932620314494"
"65","Sukhothai","77.5135824879918","79.0255716053862","85.1936928503771","85.2238069763648","73.5058928653711","79.1674071475977","84.7731753339143","86.0300467562276","75.1771719171455","82.2358841646873","83.9854412282075","86.1829042304052","75.6847236822971","82.4067344375215","84.4308676697892","84.6206052074694","74.9857406654919","76.6139335671033","85.6238326184463","87.2406123842097","82.2314654407859","82.6533354551643","85.0883072979374","84.6469320706581","82.1201201099723","84.1509033737299","83.9308886680429","85.2598618459484","78.5352322149253","79.357971528168","85.1405294874125","86.5838704450309","73.1335932278258","77.117004928705","86.1583300202949","86.4646364325258","77.2575625376554","76.0024576733887","85.7815412175891","86.4012985055305","75.9666566776177","73.0660803711154","86.5901523050108","87.3160150316027","83.6870871301474","82.594633306603","85.2485519624011","85.7009518302557","81.0461121998965","78.4126133834088","86.1170103285048","85.5892639682717","77.3820861901564","78.0037149693505","84.817314708251","85.7340459663937","74.1677549063161","76.2454143777709","85.723407812133","87.8061088492337"
"66","Suphan Buri","78.255698602591","80.6878554216072","85.7511392244652","84.5163196094001","74.842486398137","81.1872290283886","85.2761771145152","84.7534888537962","75.2920099846759","83.4008827589045","84.2327697312654","84.6442201173128","73.6199927638419","83.320275221298","85.6126546717401","83.5686464736711","76.4219721182069","78.722479004172","85.7338559805457","86.2888560935633","80.9941347511253","83.7718836798597","85.2618157614523","84.0710857377123","81.1752460584119","84.7274169162731","84.7500603021081","84.5307340835458","77.6171465252169","81.7027439525471","85.8924150502504","85.5544615503567","72.1072073480976","77.8016414239039","86.4379754351146","85.0671659868154","75.1239765888423","78.4219045496699","85.8541887589355","84.9033594558488","75.9485685149235","75.8931696711488","86.9689640393898","86.6386648363142","82.4739191710059","84.013228981056","85.2871018310091","84.29534050244","80.2842547003902","81.0546391425441","86.5019583630918","84.4100405849628","77.5638182673288","80.1662329868297","84.7187879654899","84.2027005579934","73.3465412528953","78.2401615256694","84.9081550569677","86.4927705864408"
"67","Surat Thani","77.3088754640592","79.1523202215875","82.2907138037515","82.3459882802896","76.3571468788983","80.5228974491288","81.680519897621","81.3587673694103","77.1775542216979","81.2723241330305","81.204440330292","82.1957023193786","76.3332188123868","81.3080557087362","81.9691765991958","81.6717921970608","77.0288374218352","78.5699873704177","82.1057916721264","82.8776860537229","79.2769033347532","81.1895352165738","81.5254525271329","82.4827727071055","79.7667636826878","81.9092993302779","81.4006869909647","82.5952747718438","77.7269295201157","79.8118367495237","82.2096412498634","82.6777787108522","74.8073456148445","78.6926434745878","81.6244079483139","81.9426069593096","76.2067083878951","78.5874386144963","82.1655150860339","82.0137177980863","76.6485489709672","78.5816298887168","82.9878806400966","84.0178372176377","79.8561187690788","81.3060559626226","81.4344519034966","81.1551103125086","78.4434315785939","78.6349170747059","82.0259939807278","81.7156046220473","77.3783997666864","79.6937899645114","80.5281147056526","82.0455831781134","77.0669799840256","79.3139565741266","80.9514070457512","83.4665219500349"
"68","Surin","81.6449765692224","79.2892115147612","84.2142343865686","85.7482412578343","76.0495863405419","78.2347841774111","84.2800633479387","86.5346909836456","76.706067455028","80.483251667986","82.3410546940801","85.4437524599906","76.7128336075766","81.0110292723685","81.4726970745967","84.183987666399","76.4603676369881","73.7283083130985","83.5885930783821","87.5645546746421","83.1362706816465","82.3977098235254","83.9354378938119","85.5142614391301","82.9302394499404","80.9332195480572","80.3327449229492","85.5221005486441","79.5364453746259","78.0192950025676","84.2356810669799","86.9897713650079","74.7309902231176","75.0472449952535","83.7607890331384","86.9983532267572","79.7255277922659","75.6649071916463","84.1319391366207","87.1183600503525","80.4808555564495","71.81824153583","85.5541906334581","87.5208329465284","84.8744176895746","82.7031104125621","84.6817553704713","86.6229196606261","82.9382369168155","79.4810428293342","83.9061681540696","86.0218370744398","80.1276748378609","74.75282046178","82.4794988787813","85.8422260262194","76.9903166103289","73.7342933315405","84.9461386431625","87.9390497718935"
"69","Tak","78.5051061969431","81.0798321284176","87.8484909198576","84.0256806212815","74.7751652730071","80.5352219426696","87.1869464768548","85.7584018046531","76.0724096790105","81.939913631495","86.5985477262501","85.2467666608357","72.9465758343492","83.8392235665619","87.908483509654","84.3706352815342","76.6582952650627","77.7589241010212","86.998761817985","87.3849235076551","80.3759028645458","84.2318042229468","87.3887719601462","85.3714730612951","80.8327160982833","84.3814438077649","87.0380577545519","85.8292591015681","78.8323454177774","80.2549885727058","87.9846431740988","86.9916176828997","74.380955943518","78.9588087932067","88.1854137394224","86.6373791859827","75.728350615116","78.8526189156548","87.4992883959764","86.5581209213574","80.2621654895198","76.2959798412015","88.4520512728438","87.809779372006","83.0543068466598","84.0342142224037","87.2785780952929","85.9421985969807","81.0071052040294","81.8496913484099","88.6439141059858","85.1003823577669","80.9144324228523","80.8036152382279","87.1656497708644","85.5729017191616","76.3599609774383","77.3806359553172","87.0224209888978","87.2039875004087"
"70","Trang","80.4788433089202","81.0861353448636","85.9920091640905","84.1787670938343","76.2246599399287","79.9458198753221","85.5571213718666","84.9156853045206","78.5152687303948","80.5270157113715","84.9723482903923","84.6325113194372","74.9712185208458","82.2073191305867","85.4400149805014","83.771904808795","80.4459381008505","77.9156092243503","84.4374309364024","86.5382573375963","80.7938465927587","83.5630031599945","85.6784323672132","85.2676333407239","82.1239590262812","80.1342190639168","83.5996804195798","85.8897733628972","81.3593725740489","80.2329035593098","86.0613876357025","86.9334936035081","76.6838733677846","78.2751823194099","85.4611222895412","86.6640938251728","78.3589438014428","79.3262823761227","85.594682714859","87.3374067760197","82.0234609424152","76.7202756223762","86.5871762789944","87.2941450734216","83.146931228226","83.4759642306874","85.6239548917131","85.8225473425309","80.9208429383262","81.6535286719297","86.6534548720268","85.068456937189","82.7446215428867","78.1103698426433","85.038812499563","85.4568341066353","80.174356333098","79.2710925933977","86.1970719447914","86.3164427437789"
"71","Trat","78.9531962819619","81.0004671908841","81.4782834194674","85.4350724097526","78.0756024854805","79.8178439577814","82.1179541748349","85.7671441710822","79.399022808012","80.3849166165091","81.544747409254","86.1020270659192","78.6866816328697","83.0067902945843","79.6075257197465","84.6048969835338","77.1968532474128","75.230926717626","81.6484549456304","85.5744921127168","80.3423221776981","81.5048049523885","81.0073938766328","85.1552359099435","81.1741862659014","81.2110948241583","78.9525897375428","84.5340522463959","81.1715704637785","79.2229577369816","79.6091753648059","85.6071010362984","77.315327415844","77.498091719725","79.9455676768086","87.1211053036227","78.9739990561709","76.1839260516781","83.0614654389938","86.6880101685476","79.9308051584578","73.3570439064857","79.8926912081124","85.2840216343946","83.9139013913598","81.5800483804331","81.8015721462741","85.8901128750037","81.7167804554351","79.2691490626571","80.0933728529675","85.6058813378363","79.9087542870651","76.3515946668367","80.793048835981","86.5951093654822","77.047704765899","77.8204281218374","83.949773690252","87.2538135868488"
"72","Ubon Ratchathani","76.9208405124795","80.9037498601613","83.8874483586616","84.7893416975922","76.4220709553285","80.2692895921155","83.483368785526","85.0703094301249","76.6403115305234","81.7023568736322","84.0716409658064","86.0076379801164","77.9216701739067","82.9502027607216","82.4414095815694","85.2254418949339","76.7595822444167","77.1816171261964","84.0317956426213","85.5421950307559","79.6973286798992","82.1006610907267","83.513211101844","84.7266059915749","80.7378192992198","83.3131090229608","83.2339808280361","84.6383397547739","79.4331894457707","79.6237673864306","83.5038881427695","85.9110656375936","74.9958791338569","78.9181009995487","83.6930350401785","86.1421869121944","77.5579653012721","77.4536019344548","85.1354980670053","85.5702707597637","78.2107637350037","74.9018677415403","83.7949838462166","86.2500821921315","82.5393143908015","82.2312113242707","83.9634800108253","84.9036235155091","80.5580094806332","78.7998518058891","83.7041069121348","84.9551428339412","78.5669013017505","78.6288033102098","83.6117776553675","85.7512335764702","75.2977226210353","78.2579324297876","84.9671513902166","86.8219355379372"
"73","Udon Thani","76.8456368354059","79.7694752970049","83.8024148479585","84.3655100730157","75.7037290470575","79.8415960045271","83.6532459782016","85.4096696607528","76.4536795872514","81.3089866104946","83.5720033368757","85.7347619641211","77.4144815547492","82.3327461119621","82.8490059637254","84.4110478739585","76.0209794895623","77.2795639571323","84.1845445048424","86.005050653027","80.9627473892704","81.7456039182602","83.4306089801173","83.9478074658302","81.018170883835","83.4613632366221","82.9930410046732","84.4907823008876","79.2158022316553","79.572128611739","83.5928193953729","85.9086746831094","74.2906696688744","78.40703945365","84.2514625949244","85.9030497397146","77.7562286582044","76.7085969207107","85.0719206256251","85.7055532393917","77.6174389992991","74.4540432099373","84.8296495191512","86.5723609678207","82.8865787506103","82.3861450400404","84.3664145500429","84.890372633165","80.5941901217225","79.1101001985611","84.4920045237387","84.799268094955","77.6953962879796","78.685439021613","83.6476669742215","85.5623859836209","75.7043447227888","77.3092371745776","85.0081674175877","86.9831707000732"
"74","Uthai Thani","82.330348866881","82.1706789340104","81.7595730994685","85.5301839473746","81.3148628301359","81.2706159978414","82.3401049739573","85.4142678650836","82.3487290813821","82.5261657368566","82.174740736274","85.4854914322239","81.2393072385808","82.5715874984182","78.2689885345067","82.8482794326459","81.4055020797019","78.0045514802285","78.9212370384604","85.148270613111","83.2843297197128","82.3544875968151","80.5754497219438","84.5110486317104","82.6371773379627","80.587631113924","77.700388998249","84.5016760428551","83.0611303160407","80.3867240583322","79.5006823480923","85.0649686699497","79.7770885485722","77.5040025615394","78.5210454091099","86.5685300671767","81.6822732399412","78.0366592407226","81.3354406813182","86.5555708912951","82.6362717861683","76.9504474952923","79.7487225205544","85.2851691921179","85.5163546792576","83.1310692529815","81.8071281798202","84.9586736550164","83.4069388335795","81.9006006886665","79.7698357548688","85.3522924546485","82.57283342459","77.3066577406389","78.7198531457104","86.174990399459","81.4043326783271","80.4194214878418","83.5381269506709","86.777333849101"
"75","Uttaradit","80.8649924231964","80.9228691422052","78.225843298088","85.3375918119856","79.7652143706781","78.9009667356423","79.8041187119715","85.1993039844106","81.3152835660768","78.5274270412605","79.4853837281755","84.8864358883459","79.5153379693386","82.1979674009058","77.3059182954066","84.4127627326447","78.1154890757934","74.3545872018561","78.6240509866511","84.5925922208619","80.8655921615058","80.2759090682835","79.862561398108","84.5386065288655","81.3829783269888","77.9725928050415","76.5534337145611","83.9059302913332","82.4475223405461","78.6298800693747","76.9099490397185","84.47360395413","78.958166575509","76.6712345481305","78.4002830579443","87.1941516654005","79.5869204993387","75.5275323787553","78.8358537340627","86.3423356065472","81.6957933493802","74.2154152435006","77.9769063523672","84.740998903293","83.8894507472955","80.9236359309224","81.0130057899697","85.5597478959167","81.9547373478467","78.6981324056977","77.0003824696958","85.317434573868","80.9929520319966","75.8634096756722","80.3029398964447","86.3724107871936","78.9871227943396","77.5991929582022","82.6736739834536","86.2615950167757"
"76","Yala","81.1217099076611","81.6277852850445","79.2994204537343","85.8989543332892","79.7238828928457","78.64838652961","79.5174673112772","86.6847071372856","79.8576634466311","79.9311305978204","80.5328630738339","87.1915864847474","81.1386753319347","83.3830604337703","79.3264323994265","85.8355049327268","78.0504154011354","74.2752478044585","81.4522945953628","86.1875091164799","82.8007124776894","81.4143478436659","80.3509072449248","84.1960523573019","82.0500085776808","81.3127163773876","78.3911292350898","84.8497352729409","83.5704400402005","79.4241868444755","79.2391191514872","85.9293442871611","79.3262127461406","77.4454678594729","79.9470783912529","88.3654788647668","81.6098828030171","75.1772559731693","82.0376590017545","87.7839657928984","80.7150589032362","70.7298432237011","79.1958595437519","86.5808281720695","85.3062833150228","82.6659144730218","81.4890839140294","86.379391324318","84.1095842954129","79.1276987884004","77.9407333438679","86.3629226555258","81.3166605415991","76.1726166590459","81.0832809512898","86.8801578327761","78.190557464772","78.1796853922181","84.1815680261386","87.7411409604347"
"77","Yasothon","85.1931687722404","84.2177815115892","83.0762331017881","86.5904073564351","84.5064889114943","81.5938646899035","82.106463264736","86.8599555564773","84.3498124765062","82.9038214126985","83.0630743394503","87.1030094608276","83.679292315412","83.5819423186808","80.8890301067129","85.6706883209085","83.0905125066054","75.9540058574701","81.9761276587608","85.8772130039014","84.9771392200346","83.7905263749898","83.4832742331425","86.7764024184065","84.9689865460232","81.9005860079553","80.1309822754454","85.3461233777539","86.3059780049633","82.2101729753029","82.279796243988","86.5279123747436","83.0280568923504","79.3582033970357","84.324903213351","88.3581363927508","83.5243653461466","77.4028677275093","81.446207826899","87.9601592870796","85.1635344713115","76.6775443359914","81.4085252777334","84.7868886623896","86.5585880178968","84.0191735154427","84.4580836375588","87.2862275031042","85.7093815721303","81.878651534558","82.4535952401294","86.5845044997575","84.9762116554916","78.3862358942422","84.9521956034021","87.8456968329513","84.9525176438746","82.5206370751233","85.3773324574197","87.1267283481632"
