"","X","Reporting.areas","X2006.total","X2006.01","X2006.02","X2006.03","X2006.04","X2006.05","X2006.06","X2006.07","X2006.08","X2006.09","X2006.10","X2006.11","X2006.12","X2007.total","X2007.01","X2007.02","X2007.03","X2007.04","X2007.05","X2007.06","X2007.07","X2007.08","X2007.09","X2007.10","X2007.11","X2007.12","X2008.total","X2008.01","X2008.02","X2008.03","X2008.04","X2008.05","X2008.06","X2008.07","X2008.08","X2008.09","X2008.10","X2008.11","X2008.12","X2009.total","X2009.01","X2009.02","X2009.03","X2009.04","X2009.05","X2009.06","X2009.07","X2009.08","X2009.09","X2009.10","X2009.11","X2009.12","X2010.total","X2010.01","X2010.02","X2010.03","X2010.04","X2010.05","X2010.06","X2010.07","X2010.08","X2010.09","X2010.10","X2010.11","X2010.12","X2011.total","X2011.01","X2011.02","X2011.03","X2011.04","X2011.05","X2011.06","X2011.07","X2011.08","X2011.09","X2011.10","X2011.11","X2011.12","X2012.total","X2012.01","X2012.02","X2012.03","X2012.04","X2012.05","X2012.06","X2012.07","X2012.08","X2012.09","X2012.10","X2012.11","X2012.12","X2013.total","X2013.01","X2013.02","X2013.03","X2013.04","X2013.05","X2013.06","X2013.07","X2013.08","X2013.09","X2013.10","X2013.11","X2013.12","X2014.total","X2014.01","X2014.02","X2014.03","X2014.04","X2014.05","X2014.06","X2014.07","X2014.08","X2014.09","X2014.10","X2014.11","X2014.12","X2015.total","X2015.01","X2015.02","X2015.03","X2015.04","X2015.05","X2015.06","X2015.07","X2015.08","X2015.09","X2015.10","X2015.11","X2015.12","X2016.total","X2016.01","X2016.02","X2016.03","X2016.04","X2016.05","X2016.06","X2016.07","X2016.08","X2016.09","X2016.10","X2016.11","X2016.12","X2017.total","X2017.01","X2017.02","X2017.03","X2017.04","X2017.05","X2017.06","X2017.07","X2017.08","X2017.09","X2017.10","X2017.11","X2017.12","X2018.total","X2018.01","X2018.02","X2018.03","X2018.04","X2018.05","X2018.06","X2018.07","X2018.08","X2018.09","X2018.10","X2018.11","X2018.12","X2019.total","X2019.01","X2019.02","X2019.03","X2019.04","X2019.05","X2019.06","X2019.07","X2019.08","X2019.09","X2019.10","X2019.11","X2019.12","X2020.total","X2020.01","X2020.02","X2020.03","X2020.04","X2020.05","X2020.06","X2020.07","X2020.08","X2020.09","X2020.10","X2020.11","X2020.12"
"1",1,"Amnat Charoen",271,11.6765136207356,8.71699601323287,1,12,29,44,35,35,21,23,16,11,277,1,1,2,29,21,54,65,61,28,15,18.152311595095,13.7455017561224,362,3,2,3,31,68,140,55,26,14,10,7,3,239,2,2,8,20,33,59,49,48,4,12,1,1,388,1,1,4,10,36,61,102,96,46,18,9,4,309,5,2,7,8,65,63,97,30,19,3,7,3,242,1,2,5,3,19,48,65,33,38,12,7,9,553,8,14,9,45,109,139,129,60,28,11,0,1,136,0,1,4,0,6,9,33,24,17,20,13,9,592,2,3,4,2,20,86,127,145,103,47,41,12,4590,460,276,377,243,181,473,752,790,528,336,129,45,137,4,6,3,4,19,44,42,6,8,1,0,0,202,0,0,2,6,22,59,35,33,24,17,3,1,549,10,3,20,37,110,100,73,35,76,62,22,1,549,10,3,20,37,110,100,73,35,76,62,22,1
"2",2,"Ang Thong",325,13,15,23,24,29,43,25,38,23,23,25,1,406,9,1,2,6,12,25,41,52,50,40,71,97,799,82,91,94,60,57,83,104,55,51,67,33,22,156,22,17,20,15,9,8,10,10,13,14,16,2,308,13,22,21,18,12,22,47,73,52,16,7,5,359,5,20,7,24,42,81,58,47,16,27,22,10,273,13,14,12,21,11,24,26,32,46,31,27,16,229,24,17,15,19,25,23,21,33,19,19,7,7,143,4,4,13,3,16,9,25,12,8,12,24,13,1064,17,18,23,55,155,166,142,134,136,120,75,23,139,12,6,15,7,1,3,9,24,40,18,2,2,267,9,5,2,3,11,21,52,43,46,42,19,14,259,6,2,11,17,24,23,30,22,40,31,32,21,276,30,20,24,11,20,27,42,29,18,26,18,11,276,30,20,24,11,20,27,42,29,18,26,18,11
"3",3,"Bangkok",7632,519,349,418,219,796,979,835,692,683,709,643,790,7285,600,282,323,273,448,725,698,768,839,842,958,529,11009,601,550,605,656,715,1026,1174,1406,620,1660,1154,842,7873,502,310,322,266,409,777,725,888,772,880,1068,954,10912,617,621,591,381,348,536,901,1399,1576,1654,1462,826,10574,690,421,389,468,1068,1436,1539,1238,873,780,1078,594,10030,310,266,285,256,211,340,703,1031,1063,1665,2257,1643,14775,1509,760,643,551,635,965,1862,2138,1640,1649,1596,827,4718,405,313,251,168,170,212,348,408,533,625,809,476,26240,614,444,418,414,1001,1099,1590,2390,2814,3955,8324,3177,7791,2149,815,552,250,123,124,363,608,630,726,782,669,9218,394,250,215,220,275,679,1253,1458,1116,1141,1359,858,9022,478,381,576,499,433,878,1320,1367,1019,819,754,498,13975,928,562,421,285,256,513,1274,1985,1723,2431,2404,1193,13975,928,562,421,285,256,513,1274,1985,1723,2431,2404,1193
"4",4,"Bungkan",626.941136288394,26.4109589041096,20.1643835616438,25.6,28.0921052631579,63.2763157894737,100.973333333333,101.105263157895,81.7631578947368,54.6447368421053,45.8082191780822,42.4459459459459,36.6567164179104,876.108412255213,30.2,21.1470588235294,30,38.5945945945946,82.6973684210526,158.223684210526,128.184210526316,113.078947368421,92.4605263157895,73.08,64.8082191780822,43.6338028169014,1196.3220066642,44.4459459459459,42.7260273972603,51.527027027027,60.9733333333333,115.56,184.2,191.56,164.466666666667,107.48,108.040540540541,80.7945205479452,44.5479452054795,754.650094168021,37.7971014492754,28.0547945205479,31.1216216216216,39.0405405405405,82.2666666666667,114.635135135135,94.3066666666667,96.28,66.0133333333333,61.0666666666667,63.1081081081081,40.9594594594595,1538.77631578947,47.7105263157895,48.8157894736842,59.8684210526316,56.4605263157895,100.210526315789,182.578947368421,282.302631578947,308.710526315789,217,117.065789473684,75.3026315789474,42.75,54,37.9210526315789,29.6710526315789,31.5657894736842,42.7368421052632,105.684210526316,161.078947368421,158.026315789474,128.184210526316,81.9342105263158,54.0131578947368,54.4736842105263,30,159,1,12,8,11,21,20,30,17,8,12,10,9,1245,7,9,34,110,251,432,243,123,27,5,2,2,165,3,3,4,8,31,57,17,15,17,6,4,0,363,2,1,2,0,2,17,39,36,63,101,92,8,771,35,26,29,26,75,179,165,128,56,33,14,5,211,9.8963758810496,10,9,9,15,28,62,36,22,6,4,10,213,3,1,2,4,53,50,33,13,10,10,18,16,873,17,31,48,21,154,453,122,21,5,1,0,0,873,17,31,48,21,154,453,122,21,5,1,0,0
"5",5,"Buri Ram",1622,4,14,41,44,171,292,332,287,81,47,13,4,1683,14,6,26,120,153,442,319,297,175,57,45,29,1708,48,34,38,50,203,397,364,290,153,88,31,12,1319,11,12,23,36,130,274,233,303,123,82,63,29,3889,60,110,125,102,182,406,735,986,737,258,102,86,1835,49,16,42,54,163,439,373,359,238,32,54,16,2715,20,12,41,77,210,439,554,351,335,316,218,142,2524,111,120,184,158,211,466,477,378,278,87,49,5,484,6,25,15,19,51,90,61,72,67,35,37,6,1845,6,9,24,35,100,160,207,424,390,204,173,113,743,103,88,94,35,12,36,76,110,95,54,31,9,625,11,12,6,25,61,140,133,122,60,35,16,4,1517,8,2,5,22,99,222,295,258,234,165,106,101,3853,118,162,194,149,245,591,939,521,439,296,145,54,3853,118,162,194,149,245,591,939,521,439,296,145,54
"6",6,"Chachoengsao",515,22,6,6,12,22,46,61,78,59,68,58,31,787,24,10,12,20,81,166,132,106,63,44,96,33,1420,32,51,67,73,96,228,264,196,170,128,70,45,743,28,32,35,33,46,97,79,96,78,98,84,37,975,48,55,58,51,59,76,145,166,139,117,61,0,1934,49,35,31,57,170,338,340,285,221,169,159,80,1540,47,39,46,50,91,160,265,263,212,191,127,49,684,40,31,35,34,54,98,126,104,77,46,31,8,308,14,9,8,3,14,12,37,43,48,49,55,16,2335,15,18,28,34,80,121,239,280,459,375,496,190,396,54,33,41,9,9,13,33,52,61,43,29,19,442,16,7,6,17,17,46,74,72,85,38,31,33,1598,20,17,27,24,110,287,255,261,166,153,159,119,1138,92,75,82,84,104,115,194,152,94,77,51,18,1138,92,75,82,84,104,115,194,152,94,77,51,18
"7",7,"Chai Nat",183,7,14,10,3,5,20,29,16,19,25,12,3,264,2,1,13,11,16,21,25,44,23,22,35,51,552,45,16,44,40,74,125,76,39,39,31,20,3,129,9,6,12,17,32,16,8,4,6,4,10,5,205,10,5,8,18,9,11,22,37,45,17,16,7,357,11,13,7,10,47,52,72,29,38,30,34,14,382,10,26,37,29,18,19,30,22,31,38,71,51,398,40,41,44,26,33,68,101,20,5,13,4,3,62,2,2,4,0,4,6,13,4,7,2,11,7,605,11,13,10,14,34,105,79,84,70,71,70,44,137,26,12,14,7,4,3,10,19,27,7,4,4,195,4,4,7,12,7,37,42,31,21,13,13,4,164,4,3,2,2,7,17,23,18,9,18,41,20,337,27,21,24,11,8,23,57,39,53,36,20,18,337,27,21,24,11,8,23,57,39,53,36,20,18
"8",8,"Chaiyaphum",620,5,2,12,33,69,94,99,44,39,59,51,19,789,13,23,25,19,76,159,106,108,112,87,33,28,785,19,14,28,37,132,149,169,99,62,38,29,9,425,12,18,7,24,40,38,71,77,44,41,38,15,952,17,36,58,30,95,128,210,192,115,40,23,8,878,8,6,11,38,86,177,150,150,99,80,48,25,1163,16,27,26,60,121,215,220,153,121,78,76,50,1434,43,45,101,115,142,289,280,226,113,42,31,7,663,5,4,8,13,48,120,122,99,60,89,64,31,3021,25,33,49,71,214,319,393,653,574,343,263,84,696,74,53,49,19,19,46,108,140,96,66,23,3,386,19,4,12,8,21,103,82,67,33,21,14,2,924,7,2,10,22,99,206,161,123,96,87,59,52,2688,76,53,111,162,196,475,503,331,222,268,211,80,2688,76,53,111,162,196,475,503,331,222,268,211,80
"9",9,"Chanthaburi",724,18,14,21,28,108,116,111,68,48,29,36,11,1034,13,12,24,70,149,220,143,146,74,72,73,38,1208,28,39,78,106,227,255,184,134,84,33,34,6,542,9,4,4,37,54,74,75,85,65,47,48,40,2222,28,60,92,149,352,487,456,255,172,85,53,33,831,28,16,21,28,149,160,138,115,53,42,53,28,1263,25,31,33,76,176,274,245,143,81,65,69,45,1476,62,36,64,105,184,281,273,192,119,81,60,19,1113,13,11,31,37,71,141,208,203,139,114,71,74,2189,39,37,52,68,183,254,399,389,268,190,220,90,717,53,38,41,18,47,84,142,102,64,62,49,17,352,6,19,12,24,40,53,61,57,39,24,11,6,418,7,7,10,18,29,72,73,51,46,27,46,32,1957,30,35,39,100,198,429,433,320,156,106,73,38,1957,30,35,39,100,198,429,433,320,156,106,73,38
"10",10,"Chiang Mai",1196,8,4,8,18,95,301,217,137,47,35,16,9,665,1,3,3,12,32,99,160,156,98,48,43,10,4261,21,21,27,74,227,591,987,971,561,383,270,128,1791,87,44,34,54,151,314,322,287,177,144,133,44,6546,44,30,44,45,158,525,1850,2304,1153,283,69,41,601,29,7,11,12,87,142,93,96,49,22,40,13,1938,19,23,5,20,65,170,252,335,332,373,215,129,11432,138,90,175,573,1293,3120,3146,1691,818,240,106,42,786,12,9,2,5,19,89,150,184,168,83,40,25,5262,17,13,7,25,173,390,607,823,1062,888,897,360,4743,80,28,42,61,109,277,1072,1621,867,301,213,72,2206,46,29,36,47,165,373,591,374,192,162,121,70,1539,24,16,14,24,67,184,328,312,254,152,95,69,3893,27,25,43,53,104,289,717,730,693,621,432,159,3893,27,25,43,53,104,289,717,730,693,621,432,159
"11",11,"Chiang Rai",131,2,1,5,7,7,18,19,26,12,9,5,2,820,20.9190483592814,16.3589401553163,27.2188027778874,3,193,464,74,39,25,15,5,2,936,1,2,1,5,114,160,130,199,112,116,87,9,1038,3,4,7,29,126,170,156,250,161,69,46,17,2349,15,8,9,10,52,213,571,707,434,227,68,35,518,21,7,4,10,41,108,92,102,78,21,20,14,1425,4,6,1,10,36,152,201,262,206,188,199,160,13312,131,47,86,222,997,2577,3982,3204,1415,461,150,40,313,15,4,4,3,24,43,51,33,47,21,46,22,1873,7,2,2,10,142,295,272,360,289,158,240,96,1335,40,22,21,34,49,142,357,334,183,72,56,25,1809,15,14,5,20,59,304,371,370,260,181,151,59,2914,31,15,18,29,157,462,687,616,361,287,162,89,5470,35,27,52,78,134,433,1350,1255,1071,534,427,74,5470,35,27,52,78,134,433,1350,1255,1071,534,427,74
"12",12,"Chon Buri",83,4,3,6,11,6,7,9,10,9,5,6,3.5678122676225,184,4,3.67078657143684,7,7,14,35,62,23,13,13,4,2,2434,11,8,25,51,220,397,427,410,345,264,206,70,1795,66,46,60,86,231,332,223,147,158,166,170,110,2280,133,135,140,142,231,291,402,457,319,30,0,0,1843,94,76,131,168,268,269,224,141,155,110,132,75,1803,77,53,77,102,117,123,182,211,240,226,235,160,2081,144,119,121,155,166,270,202,313,251,165,118,57,631,44,44,62,57,28,47,44,48,43,53,80,81,3224,106,59,64,78,266,303,417,423,327,421,503,257,822,219,121,93,51,29,19,21,75,74,60,42,18,744,38,35,38,39,72,109,121,49,54,58,69,62,2748,58,60,87,136,317,465,432,322,236,138,277,220,3747,202,200,163,210,208,363,602,468,298,364,404,265,3747,202,200,163,210,208,363,602,468,298,364,404,265
"13",13,"Chumphon",434,7,10,8,15,49,75,57,32,31,26,33,16,1093,30,12,29,74,167,214,176,136,121,56,45,33,772,36,48,49,68,115,132,82,90,65,50,28,9,669,17,26,44,46,226,163,57,31,12,24,13,10,668,19,13,30,34,56,95,84,68,103,82,61,23,287,32,35,24,17,26,35,43,20,18,17,16,4,899,9,25,26,30,89,88,170,157,85,76,60,84,1181,60,76,91,86,161,200,205,109,81,42,44,26,518,20,29,29,23,25,68,100,53,40,53,48,30,581,30,34,31,32,48,71,72,73,57,51,48,34,247,27,20,5,6,7,19,28,44,34,32,18,7,336,15,14,23,24,46,34,32,29,29,34,42,14,287,15,26,10,21,27,23,63,32,20,14,25,11,591,37,43,37,58,77,79,92,62,45,38,10,13,591,37,43,37,58,77,79,92,62,45,38,10,13
"14",14,"Kalasin",672,4,9,8,34,65,91,59,65,77,49,69,51,1435,38,21,57,67,83,206,255,260,199,133,71,45,1196.3220066642,44.4459459459459,42.7260273972603,51.527027027027,60.9733333333333,115.56,184.2,191.56,164.466666666667,107.48,108.040540540541,80.7945205479452,44.5479452054795,754.650094168021,37.7971014492754,28.0547945205479,31.1216216216216,39.0405405405405,82.2666666666667,114.635135135135,94.3066666666667,96.28,66.0133333333333,61.0666666666667,63.1081081081081,40.9594594594595,465,19,52,63,13,28,74,59,61,63,20,8,5,915.289473684211,37.9210526315789,29.6710526315789,31.5657894736842,42.7368421052632,105.684210526316,161.078947368421,158.026315789474,128.184210526316,81.9342105263158,54.0131578947368,54.4736842105263,30,1043.65789473684,25.8421052631579,26.5263157894737,31.1578947368421,40.6842105263158,64.5,109.539473684211,133.302631578947,127.210526315789,117.092105263158,127.157894736842,138.763157894737,101.881578947368,2101.03947368421,109.223684210526,81.8421052631579,103.934210526316,123.526315789474,216.763157894737,391.868421052632,424.868421052632,300.078947368421,158.986842105263,91.4078947368421,66.8684210526316,31.6710526315789,321,4,10,17,14,38,30,44,60,53,40,7,4,1405,3,1,16,30,68,167,185,253,229,145,194,114,778,54,31,54,31,27,74,151,175,98,64,9,10,605,25,8,8,10,38,170,143,114,49,31,7,2,654,1,1,9,4,51,135,156,125,69,50,22,31,1328,26,22,48,55,74,236,292,239,138,93,72,33,1328,26,22,48,55,74,236,292,239,138,93,72,33
"15",15,"Kamphaeng Phet",723,16,19,37,27,33,110,159,110,34,23,25,20,756,16,20,36,45,55,156,132,126,52,45,40,33,1148,32,50,72,89,136,217,202,128,81,63,54,24,371,12,10,16,17,26,57,81,51,43,21,22,15,541,26,31,47,27,25,39,66,116,73,45,26,20,1325,15,26,23,48,141,323,279,214,108,60,58,30,1100,21,30,50,58,59,114,176,134,145,148,121,44,1135,37,63,76,90,91,239,259,123,64,40,37,16,758,10,8,19,21,33,183,255,112,55,26,24,12,729,6,14,21,20,40,71,100,79,119,137,57,65,181,38,11,21,28,7,7,8,15,18,16,6,6,499,4,7,16,19,24,87,140,71,75,34,14,8,904,13,12,20,36,76,171,189,151,92,54,48,42,487,20,19,39,44,31,74,100,78,27,27,23,5,487,20,19,39,44,31,74,100,78,27,27,23,5
"16",16,"Kanchanaburi",439,14,13,18,25,22,59,61,51,34,37,26,20,871,12,18,16,21,76,145,138,148,90,106,65,36,1174,38,54,73,76,147,162,135,126,101,113,106,43,818,41,31,45,36,87,132,108,108,76,73,58,23,710,37,49,40,20,31,59,111,122,106,64,48,23,901,21,38,63,100,165,153,74,66,42,71,86,22,1207,40,53,48,49,68,127,142,136,194,171,120,59,506,65,52,49,44,34,38,74,70,31,28,15,6,330,13,21,15,27,43,38,37,19,30,29,42,16,1224,30,27,46,51,76,98,191,200,142,119,171,73,197,40,17,27,10,9,8,23,23,16,15,3,6,131,4,2,3,1,7,19,33,21,7,8,14,12,603,15,18,21,37,50,109,85,115,34,35,41,43,894,37,38,46,11,34,114,217,204,114,27,28,24,894,37,38,46,11,34,114,217,204,114,27,28,24
"17",17,"Khon Kaen",1713,16,18,25,53,179,249,279,218,188,126,81,32,983,30,12,44,56,134,185,173,136,114,52,34,13,703,12,8,11,33,76,141,134,93,75,54,53,13,872,7,4,13,18,58,215,119,166,102,84,60,26,1021,23,52,75,23,59,115,182,197,171,65,15,44,1261,14,13,6,30,127,241,311,197,141,86,49,46,1747,39,30,51,67,136,259,231,170,218,204,181,161,3083,112,67,101,104,217,377,825,794,359,96,28,3,438,6,20,16,7,20,35,89,82,70,50,30,13,2290,5,4,21,41,110,207,341,394,401,294,335,137,783,90,54,52,25,33,74,111,157,101,55,22,9,397,9,3,6,11,32,81,89,81,47,18,14,6,1390,6,7,11,19,103,261,239,233,164,97,121,129,3547,130,130,168,101,186,592,524,486,453,410,291,76,3547,130,130,168,101,186,592,524,486,453,410,291,76
"18",18,"Krabi",201,23,10,11,14,14,24,10,16,18,11,19,7,665,10,13,15,36,76,153,104,79,49,35,46,49,985,54,56,83,100,138,142,105,66,54,62,68,57,874,42,37,54,92,163,137,70,98,56,43,54,28,1678,62,51,60,57,170,274,344,304,163,89,56,48,698,53,61,47,31,66,70,85,64,62,46,44,69,1830,71,91,174,253,263,192,163,124,114,113,150,122,2239,201,168,186,207,384,417,295,155,85,59,53,29,997,25,19,36,40,115,205,162,105,88,78,71,53,1685,66,53,39,63,111,234,306,277,216,139,125,56,557,39,29,38,23,18,44,81,95,59,52,47,32,526,15,26,42,36,56,59,63,59,56,31,49,34,962,36,40,53,70,140,161,131,91,81,56,57,46,589,43,50,38,47,63,82,110,44,37,32,29,14,589,43,50,38,47,63,82,110,44,37,32,29,14
"19",19,"Lampang",269,2,2,3,16,36,62,31,24,10,9,5,7,239,1,4,4,15,46,80,47,23,7,2,6,4,1221,2,6,8,21,58,270,338,255,96,75,73,19,474,13,8,8,17,45,108,104,70,40,26,25,10,1525,11,13,17,21,39,90,305,583,287,117,29,13,204,11,3,4,6,26,48,47,26,13,7,5,8,249,2,6,4,3,7,43,49,51,14,17,31,22,3433,33,35,37,109,302,928,979,573,302,89,39,7,160,7,2,1,6,20,31,33,15,16,14,10,5,1407,3,3,0,9,57,190,229,257,291,133,141,94,748,23,23,28,19,26,32,162,248,104,59,16,8,339,6,8,9,17,38,59,82,51,31,16,14,8,325,4,0,1,14,41,86,76,53,26,12,5,7,880,8,22,18,31,42,110,291,178,99,52,23,6,880,8,22,18,31,42,110,291,178,99,52,23,6
"20",20,"Lamphun",347,3,5,4,11,31,60,66,67,25,9,6,14.9160344200603,392,10.0003255571199,1,1,4,19,39,109,67,77,39,29,7,351,8,5,2,4,18,23,56,103,60,51,16,5,156,7.53514515611775,1,2,4,9,32,29,33,23,12,7,4,532,3,5,11,17,39,97,129,135,51,22,15,8,102,2,1,4,5,12,28,16,13,9,7,5,0,237,2,2,1,0,3,8,9,8,30,20,107,47,1252,37,23,48,97,115,209,379,213,88,38,4,1,35,0,2,1,3,0,4,11,5,2,0,6,1,715,0,0,1,2,8,31,41,91,163,179,143,56,531,35,12,17,20,20,38,95,148,88,34,12,12,279,3,2,6,7,21,24,70,81,28,17,15,5,256,0,3,10,20,37,40,44,26,35,10,19,12,332,3,4,6,3,3,28,38,67,113,46,19,2,332,3,4,6,3,3,28,38,67,113,46,19,2
"21",21,"Loei",493,4,6,20,53,87,106,47,29,10,12,11,2,293,8,5.84532861647279,3,6,50,100,62,30,14,11,3,6,258,2,9.18457810859274,6,20,52,68,43,30,19,10,7,1,340,3,1,5,12,49,45,56,48,46,36,27,12,902,19,36,44,51,137,232,175,136,47,15,4,6,311,1,7,5,11,45,68,81,26,36,16,10,5,779,1,13,4,15,109,178,150,69,58,59,64,59,2754,83,89,156,256,472,670,608,251,80,57,25,7,103,2,4,5,8,7,13,12,26,7,5,11,3,958,0,1,7,12,78,141,166,186,138,110,96,23,684,22,26,37,27,53,155,136,98,66,42,15,7,364,7,8,9,13,51,73,72,48,37,25,13,8,484,2,5,12,9,46,104,127,73,37,32,19,18,1755,16,7,18,65,164,432,444,208,175,132,73,21,1755,16,7,18,65,164,432,444,208,175,132,73,21
"22",22,"Lop Buri",912,17,8,44,45,84,103,122,104,65,90,79,48,541,9,11,13,12,13,48,50,91,66,82,79,67,1450,59,92,98,84,186,213,229,125,121,127,75,41,370,31,28,19,22,38,48,35,52,19,34,31,13,1218,33,64,77,25,24,65,225,358,239,41,34,33,1417,58,67,18,10,64,206,285,241,160,124,133,51,1565,54,65,83,77,62,103,217,295,297,232,80,0,828,38,57,55,17,47,84,147,116,87,73,80,27,658,20,29,28,41,67,79,47,103,41,74,90,39,2264,38,79,84,80,258,190,148,213,386,375,326,87,442,80,71,61,13,8,4,18,44,68,42,14,19,200,12,15,8,1,8,11,18,52,37,22,10,6,1230,14,12,10,10,62,158,225,199,211,151,86,92,1265,136,151,188,69,53,95,119,94,152,126,62,20,1265,136,151,188,69,53,95,119,94,152,126,62,20
"23",23,"Mae Hong Son",81,1,3,3.19760262321036,2,4,15,30,9,1,1,4.72465675820145,3.48184088767979,210,5.3573172627428,4.18948467392248,6.97066900409311,10.3978520458342,9,65,84,24,7,13,8,10.4207775046415,338,1,12.0325093050556,2,11,25,72,60,58,43,41,19,6,604,5,4,6,19,82,127,132,101,57,41,23,7,649,2,1,1,9,51,68,149,210,125,20,9,4,169,2,0,4,8,55,42,36,10,4,4,4,0,151,0,0,1,0,4,22,34,16,26,27,14,7,1875,5,11,12,44,182,412,513,331,156,92,88,29,593,3,4,5,20,53,94,163,143,44,33,28,3,700,10,10,1,2,15,70,176,191,97,53,55,20,1129,16,17,25,37,89,93,236,248,169,118,61,20,511,3,6,6,17,41,82,90,101,57,44,35,29,580,6,4,3,12,43,179,140,74,34,33,29,23,413,11,4,7,5,5,32,49,99,93,62,43,3,413,11,4,7,5,5,32,49,99,93,62,43,3
"24",24,"Maha Sarakham",298,4,2,4,5,43,61,36,26,9,12,19,16,740,18.8781655925223,3,13,33,109,172,112,131,91,43,21,12,468,6,6,7,16,59,95,108,76,46,30,17,2,326,1,1,5,6,36,71,41,86,32,28,17,2,808,6,7,19,16,37,89,139,238,152,70,23,12,601,9,5,11,9,49,82,145,111,105,40,29,6,1208,12,14,16,22,58,112,166,147,195,203,166,97,2749,96,91,139,67,164,484,610,590,310,126,55,17,362,11,28,20,5,17,35,55,55,59,42,22,13,1153,4,6,26,50,97,114,119,170,205,124,182,56,615,54,52,64,34,13,22,60,101,85,75,40,15,450,13,22,14,26,36,79,80,69,49,32,21,9,670,13,5,11,11,72,193,137,89,36,36,32,35,1350,45,42,71,39,22,179,244,239,238,145,60,26,1350,45,42,71,39,22,179,244,239,238,145,60,26
"25",25,"Mukdahan",236,1,4,7,4,24,54,31,26,19,9,3,10.1446228332399,328,6,4,9,24,30,57,71,63,28,16,5,15,161,9,6,6.67321682445511,9,21,19,31,21,12,9,16,8,460,1,4,3,18,47,64,67,93,62,61,30,10,872,22,23,49,30,111,278,196,102,28,21,7,5,112,0,1,6,4,11,32,37,12,7,2,0,0,250,2,3,1,5,17,56,39,39,25,24,20,19,999,19,20,39,91,231,260,165,117,33,15,7,2,87,2,1,2,5,18,15,14,16,6,7,1,0,386,0,2,6,2,20,68,52,67,68,31,47,23,333,26,15,31,19,20,38,70,58,25,19,9,3,279,4,12,14,22,25,85,60,29,15,8,5,0,244,0,2,5,5,44,57,51,42,16,9,4,9,786,8,14,42,61,157,199,129,113,40,18,4,1,786,8,14,42,61,157,199,129,113,40,18,4,1
"26",26,"Nakhon Nayok",221,6,3,19,20,22,31,27,15,13,17,9,8,420,6,5,8,12,60,98,57,63,33,42,19,17,283,31,29,31,20,36,53,20,27,11,11,12,2,57,7,2,1,2,5,12,1,5,5,5,10,2,99,3,10,6,2,10,18,8,21,9,11,1,0,302,3,4,2,13,48,66,62,51,15,18,16,4,156,2,11,11,4,13,33,7,5,11,17,26,16,341,10,26,25,30,63,49,53,51,22,10,1,1,99,4,3,5,5,12,5,10,22,13,5,11,4,453,7,2,4,6,17,38,85,102,130,34,24,4,79,11,17,10,0,0,5,13,16,4,3,0,0,35,1,2,2,1,10,4,5,3,6,0,0,1,644,2,4,10,24,34,70,197,165,85,38,9,6,354,9,33,36,27,29,58,58,24,18,30,17,15,354,9,33,36,27,29,58,58,24,18,30,17,15
"27",27,"Nakhon Pathom",953,49,37,45,26,33,92,122,110,77,111,91,68,1286,52,29,35,23,40,129,132,176,232,171,162,105,2544,73,72,61,98,153,257,417,462,379,254,196,122,1137,52,65,44,35,44,68,128,217,129,140,142,73,1535,76,80,96,43,49,62,110,164,236,236,226,157,1415,99,80,64,43,90,132,209,176,156,158,140,68,1223,64,37,53,43,31,74,111,131,192,166,182,139,1241,129,122,110,108,35,31,114,208,151,100,81,52,834,44,62,49,22,22,28,45,81,101,111,147,122,3062,126,97,102,91,106,161,330,487,493,390,409,270,750,213,85,63,34,20,20,38,89,78,48,35,27,1070,25,22,27,21,29,70,112,168,151,151,153,141,3253,119,91,85,127,185,349,415,394,331,367,436,354,2304,297,189,128,53,43,99,155,252,311,337,260,180,2304,297,189,128,53,43,99,155,252,311,337,260,180
"28",28,"Nakhon Phanom",262,1,3,1,16,52,45,35,39,15,2,5,3,105,1,2,5,35,36,20,3,2,1,8.15535006285531,6.88084013532481,5.21038875232077,86,1,3,1,8,22,24,16,9,2,6.41966437299851,4.84760956437259,2.47885532852469,275,13.2831084482845,5,3,7,25,61,21,72,27,29,23,2,1013,11,18,41,74,174,208,216,138,99,19,12,3,233,1,2,0,3,30,51,58,39,28,13,3,5,374,0,1,5,9,38,67,42,46,40,25,55,46,2345,37,35,91,238,527,764,459,127,32,26,9,0,152,1,0,15,5,10,28,41,25,15,7,2,3,867,5,1,9,31,59,152,150,180,106,69,72,33,326,10,7,16,3,43,63,66,66,26,14,10,2,149,4,1,5,13,23,26,31,28,7,6,4,1,156,2,1,11,8,35,38,27,13,6,4,6,5,1037,6,15,20,78,259,367,156,80,34,12,7,3,1037,6,15,20,78,259,367,156,80,34,12,7,3
"29",29,"Nakhon Ratchasima",2165,18,11,19,81,188,342,334,238,196,179,146,71,1362,32,21,21,38,125,371,224,161,209,100,50,10,1819,48,40,45,65,240,377,288,269,162,162,118,5,1763,22,30,66,89,229,329,241,237,158,151,143,68,5620,94,82,183,167,376,769,1081,1290,964,313,214,87,2530,44,35,56,79,215,413,470,519,317,157,151,74,3685,77,65,73,121,297,554,561,437,278,416,497,309,6962,294,221,365,366,663,1364,1560,1092,614,281,111,31,901,20,23,21,14,62,110,129,139,99,118,97,69,7300,45,35,70,108,295,558,1012,1289,1457,1099,955,377,1629,184,115,137,64,52,94,193,318,211,131,100,30,1739,38,27,44,49,167,346,387,364,159,83,58,17,3670,28,22,34,58,256,671,512,569,460,471,353,236,9695,214,279,336,365,792,2011,1710,1031,758,1056,863,280,9695,214,279,336,365,792,2011,1710,1031,758,1056,863,280
"30",30,"Nakhon Sawan",1313,61,52,46,39,74,168,256,191,70,67,71,50,1496,17,28,38,31,98,263,256,191,159,173,133,109,2638,107,128,179,146,244,507,449,344,239,173,93,29,1014,33,38,27,60,134,121,136,124,103,86,99,53,696,35,33,35,15,19,34,81,141,108,66,81,48,2631,52,67,76,147,393,635,555,372,156,93,65,20,2225,24,24,33,32,58,219,233,286,283,392,379,262,1954,182,149,210,153,107,284,339,218,131,92,65,24,657,12,22,39,22,35,99,117,94,77,46,61,33,3631,23,23,38,72,239,360,462,561,593,536,563,161,617,126,76,74,24,9,16,53,96,74,35,25,9,568,12,10,15,17,13,63,89,120,74,50,68,37,2936,22,24,59,87,216,466,423,401,401,358,266,213,1391,148,136,108,70,45,83,235,158,113,123,117,55,1391,148,136,108,70,45,83,235,158,113,123,117,55
"31",31,"Nakhon Si Thammarat",728,127,68,62,51,76,69,49,21,29,20,38,49,1103,67,51,50,76,183,209,167,70,50,51,67,62,2127,96,110,109,78,215,262,246,231,200,237,193,150,1338,148,125,99,93,214,160,97,103,98,78,70,53,6039,157,132,164,177,361,655,1367,1209,833,529,294,161,850,135,96,90,58,81,70,52,67,64,55,50,32,2033,55,54,47,61,76,130,129,221,277,269,371,343,4543,565,388,325,358,664,936,490,361,191,109,112,44,3191,106,74,98,67,149,256,492,521,466,443,339,180,2177,157,115,88,76,77,192,268,249,207,205,301,242,2411,265,174,104,40,40,66,159,307,346,303,319,288,2982,234,268,216,207,278,297,265,284,213,247,274,199,3972,174,210,194,156,323,354,465,505,410,383,408,390,4328,295,289,221,191,225,484,708,484,452,400,349,230,4328,295,289,221,191,225,484,708,484,452,400,349,230
"32",32,"Nan",123,1,3.95642254475145,2,1,8,11,13,17,28,15,13,3,78,1.98986069759018,1,3,7,4,21,18,8,7,5,2,2,265,1,1,2,2,34,87,88,17,15,10,5,3,130,1,1,5.26909763170351,3,29,36,25,16,16,2,9.89063029823688,1,278,2,2,4,13,21,63,42,55,36,31,6,3,46,0,2,0,3,9,9,9,5,7,1,0,1,211,0,1,1,1,16,42,49,37,19,19,17,9,876,16,22,18,36,59,178,291,156,63,20,16,1,463,1,0,1,27,103,164,79,57,26,3,0,2,531,0,0,3,17,83,94,129,101,61,20,12,11,211,1,5,7,4,22,51,36,29,6,16,17,17,372,12,9,2,15,69,78,70,46,27,24,16,4,436,7,6,7,12,78,120,115,56,17,11,4,3,449,4,11,5,21,31,83,68,57,80,52,33,4,449,4,11,5,21,31,83,68,57,80,52,33,4
"33",33,"Narathiwat",184,8,9,6,5,9,16,21,16,11,15,25,27,1519,38,29,34,34,88,201,286,213,236,168,137,55,767,69,59,45,20,61,100,84,91,63,69,71,35,452,57,33,28,14,31,50,16,23,22,53,84,41,3485,86,65,58,82,166,404,735,880,547,264,144,54,321,50,22,16,15,24,29,27,30,27,17,25,39,421,29,40,25,13,24,31,21,37,18,42,69,72,1540,124,92,89,53,54,148,277,235,150,145,115,58,1131,78,50,17,26,22,49,125,181,194,177,143,69,883,33,44,42,21,24,26,93,101,89,147,147,116,1777,107,58,56,31,23,43,124,200,202,308,335,290,1087,268,202,123,57,89,83,58,48,46,40,35,38,785,40,21,23,18,26,24,30,101,78,183,154,87,2088,97,96,96,76,79,204,342,322,187,274,208,107,2088,97,96,96,76,79,204,342,322,187,274,208,107
"34",34,"Nong Bua Lam Phu",207,3,3,8,28,38,44,21,12,2,1,3,8.89803782407058,111,3,2.21444189907331,6,5.49600750994094,11,21,19,24,19,6,2,5.50812525245339,112,1,1,3,3,20,35,30,9,7,2,6.31316594429919,1,127,6.13438099248047,3,7,16,20,32,9,11,13,9,5,2,211,8,13,9,7,30,63,44,29,7,0,0,1,94,1,1,3,3,13,34,23,13,3,0,0,0,295,0,6,5,7,42,51,74,30,26,12,22,20,7509,179,183,345,564,1107,1856,1875,956,288,105,41,10,82,0,5,9,4,4,6,17,18,11,4,1,3,215,0,2,1,0,19,50,34,22,27,23,24,13,221,15,7,17,13,3,25,28,59,37,14,3,0,135,1,1,2,8,19,16,37,27,11,8,3,2,337,0,2,2,9,43,105,57,42,23,13,23,18,466,10,7,14,14,46,90,110,65,41,26,33,10,466,10,7,14,14,46,90,110,65,41,26,33,10
"35",35,"Nong Khai",341,6,7,11,18,41,31,56,39,21,38,27,15,453,7,3,6,8,49,120,115,55,33,31,17,9,178,7,8,2,8,23,43,34,20,21,8,1,3,376,4,6,10,12,42,88,55,53,24,52,20,10,894,19,25,50,78,133,183,223,103,46,18,13,3,154,5,1,0,1,5,44,38,31,21,2,6,0,155,2,1,3,3,12,34,24,17,14,9,17,19,1079,21,16,12,26,106,196,403,210,67,17,5,0,264,2,8,11,4,12,81,85,42,6,4,5,4,578,0,2,14,11,33,53,70,103,110,97,61,24,183,17,19,19,7,8,13,28,29,24,7,9,3,164,4,3,4,6,16,31,36,27,14,11,5,7,189,1,0,1,5,23,55,38,20,13,11,10,12,737,18,3,31,66,68,90,152,96,89,75,43,6,737,18,3,31,66,68,90,152,96,89,75,43,6
"36",36,"Nonthaburi",1668,39,25,27,49,108,146,220,283,224,169,175,57,2214,55,54,90,74,109,286,284,396,335,237,188,106,2479,89,79,132,114,125,303,492,329,254,253,203,106,1417,70,40,48,55,104,125,145,163,174,181,174,138,1582,136,111,112,36,40,96,166,210,204,198,182,91,1354,50,52,52,58,156,222,229,207,124,76,85,43,859,33,24,27,20,20,34,50,116,139,128,133,135,1343,106,85,106,57,62,71,132,211,172,145,122,74,423,45,23,32,15,22,12,13,29,72,50,56,54,1950,28,32,34,22,45,78,135,161,184,300,624,307,606,154,45,32,21,19,20,43,66,55,62,49,40,1040,41,27,15,13,45,94,104,151,139,131,163,117,2380,51,41,58,126,205,404,421,319,179,181,240,155,1470,119,74,48,29,37,58,142,191,204,241,238,89,1470,119,74,48,29,37,58,142,191,204,241,238,89
"37",37,"P.Nakhon S.Ayutthaya",417,35,33,28,12,22,36,30,65,27,46,40,7,775,14,18,12,17,41,45,57,72,110,126,154,109,1476,85,124,161,105,112,139,134,213,134,133,88,48,511,43,26,24,19,30,48,49,71,49,60,56,36,562,53,45,28,30,14,19,61,83,97,58,49,25,685,31,14,25,46,91,123,146,92,80,18,18,1,640,10,7,4,10,14,18,26,72,104,122,159,94,719,96,88,71,39,24,38,73,86,73,54,38,39,355,25,20,27,15,20,27,34,31,43,31,56,26,1568,33,13,28,30,86,116,141,172,238,290,316,105,535,77,60,46,37,12,20,35,71,82,44,25,26,488,21,13,20,30,32,58,91,70,53,39,33,28,1318,30,24,31,20,70,181,241,205,134,118,155,109,679,91,64,57,41,17,42,55,55,64,94,81,18,679,91,64,57,41,17,42,55,55,64,94,81,18
"38",38,"Pathum Thani",713,8,12,29,40,61,55,137,120,127,44.3044154381639,50,19,651,6,6,7,2,25,58,53,103,128,121,78,64,1344,69,59,85,85,70,179,231,191,157,113,75,30,602,46,44,31,23,39,54,56,66,70,64,61,48,775,63,51,91,30,27,44,75,121,114,68,54,37,771,18,21,49,51,165,137,136,81,55,16,34,8,540,11,20,14,15,14,21,53,79,77,55,96,85,1102,105,72,70,61,90,103,166,149,91,86,85,24,375,16,20,24,11,10,11,27,46,47,54,52,57,1455,24,43,29,23,48,55,101,123,207,267,393,142,403,87,35,27,17,8,15,32,63,53,21,27,18,381,18,20,24,23,26,38,45,36,38,42,49,22,1964,47,29,50,63,192,312,300,364,160,182,177,88,618,68,77,39,17,11,43,46,66,46,97,57,51,618,68,77,39,17,11,43,46,66,46,97,57,51
"39",39,"Pattani",427,39,26,18,6,27,25,27,38,31,39,55,71,1158,82,55,73,74,149,234,81,76,59,70,106,99,809,70,39,25,43,76,123,106,58,39,70,71,89,715,112,81,50,50,90,77,23,30,49,35,65,53,3196,135,130,126,139,259,310,596,637,427,241,141,55,155,38,7,8,11,12,13,11,6,14,11,16,8,342,7,15,8,13,22,22,32,30,18,33,59,83,1180,89,80,102,81,84,125,137,102,88,108,111,73,1500,88,42,27,42,62,134,249,261,212,202,114,67,572,63,33,17,8,21,39,43,32,64,73,81,98,2348,73,51,34,39,31,46,91,252,267,475,562,427,916,349,193,84,46,39,49,40,26,28,23,26,13,668,27,26,20,12,24,20,39,63,95,103,116,123,1264,122,72,55,36,78,147,198,168,113,116,95,64,1264,122,72,55,36,78,147,198,168,113,116,95,64
"40",40,"Phangnga",284,12,17,19,17,15,29,46,29,19,22,18,12,332,14,12,15,33,48,72,43,29,12,26,19,9,288,34,27,14,19,47,35,47,29,15,9,5,7,673,10,12,27,40,107,265,62,34,28,24,31,33,590,21,11,14,28,45,89,119,105,85,48,18,7,313,11,15,19,19,32,40,57,55,26,16,11,12,644,19,19,23,58,74,84,114,59,17,36,46,95,1182,74,51,75,198,239,228,148,60,44,26,19,20,161,14,9,13,18,26,32,29,4,6,3,1,6,680,31,30,11,19,45,140,135,74,58,48,57,32,388,50,32,21,28,29,63,58,60,26,10,9,2,473,18,21,12,26,44,74,63,44,36,37,51,47,596,32,35,41,47,93,71,76,62,62,31,26,20,711,66,52,34,39,93,148,100,55,43,36,28,22.7290876583265,711,66,52,34,39,93,148,100,55,43,36,28,17
"41",41,"Phatthalung",165,37,26,19,13,4,4,13,7,6,8,12,12,606,12,14,21,17,48,110,114,58,59,49,48,56,734,56,28,46,61,108,80,64,54,42,77,64,54,727,71,33,41,71,160,82,42,30,21,49,55,72,2078,54,78,43,49,107,176,247,435,355,270,159,105,477,69,40,22,24,34,28,40,43,29,54,44,50,944,33,33,21,33,75,85,53,42,57,82,209,221,1378,157,72,92,89,110,192,184,136,82,94,98,72,742,54,56,38,30,27,86,51,76,61,101,91,71,540,40,27,14,13,32,57,83,59,39,37,66,73,1470,41,31,24,20,13,20,116,258,261,228,256,202,999,194,151,119,101,110,96,89,40,26,33,28,12,633,36,11,18,26,53,81,56,59,50,61,102,80,894,50,42,30,33,69,162,88,167,124,69,42,18,894,50,42,30,33,69,162,88,167,124,69,42,18
"42",42,"Phayao",90,3.87780895153582,2,3,8,11,10,24,15,4,2,1,3.86871209742199,51,1.30106276380897,1.0174462779526,1.6928767581369,1,5,21,9,8,4,2,1,2.53076025112723,351,13.7580915015526,1,8,41,44,51,89,49,30,24,12,2,589,28.4500031855984,2,5,23,123,113,87,107,47,31,32,19,1366,2,3,2,4,17,147,409,522,194,38,14,14,154,3,3,2,8,23,60,32,14,5,1,1,2,135,0,0,0,2,11,22,34,18,10,9,21,8,945,18,5,7,12,61,215,316,197,79,28,5,2,94,0,0,0,0,9,14,26,15,11,7,6,6,318,0,0,1,4,38,57,59,40,31,27,37,24,202,8,6,2,25,46,18,22,35,32,5,2,1,82,0,1,0,3,16,15,16,10,11,6,1,3,173,0,0,0,2,18,42,31,44,15,12,8,1,409,1,0,14,20,14,82,138,62,34,20,21,3,409,1,0,14,20,14,82,138,62,34,20,21,3
"43",43,"Phetchabun",961,13,13,14,30,112,206,149,109,61,27,11,10,805,10,2,16,21,70,208,194,114,78,49,22,21,2022,21,24,53,73,348,540,453,289,123,66,17,15,691,12,7,26,35,133,148,137,72,45,32,27,17,2300,18,36,61,57,125,334,591,547,346,125,41,19,1231,24,37,35,80,181,314,240,173,75,42,23,7,660,8,19,28,31,95,107,85,91,68,46,46,36,3105,48,64,97,149,602,1150,801,143,22,20,8,1,190,5,5,3,7,11,26,45,39,19,5,11,14,790,3,10,8,10,50,91,117,172,161,75,77,16,900,17,34,47,33,121,240,212,110,54,25,6,1,521,2,7,13,14,38,86,152,99,50,28,14,18,867,12,18,18,23,126,257,175,102,68,34,20,14,2265,27,22,60,77,166,460,503,411,295,136,85,23,2265,27,22,60,77,166,460,503,411,295,136,85,23
"44",44,"Phetchaburi",228,19,19,24,26,35,16,19,31,10,8,3,2,348,4,3,5,8,31,55,64,39,38,30,37,34,580,35,35,29,26,62,104,102,79,37,25,25,21,585,24,16,27,35,73,91,87,81,45,34,42,30,427,26,25,54,77,31,31,40,36,34,37,20,16,1749,17,23,25,95,235,383,352,314,168,58,55,24,681,29,21,23,40,52,138,113,77,51,48,54,35,737,50,40,49,48,71,85,87,96,59,75,51,26,570,26,30,47,23,23,38,43,47,59,62,103,69,2969,53,65,70,102,169,369,547,507,420,299,284,84,483,41,27,30,21,19,22,56,86,74,54,30,23,1026,40,28,41,24,59,121,239,185,111,55,77,46,924,39,59,51,49,76,114,98,101,105,95,77,60,964,72,38,89,48,44,53,108,117,119,106,135,35,964,72,38,89,48,44,53,108,117,119,106,135,35
"45",45,"Phichit",405,37,30,31,12,22,47,47,46,34,25,15,12,896,7,5,26,36,57,133,129,124,105,113,106,55,1225,51,43,35,60,95,200,200,172,119,112,94,44,526,19,27,41,33,69,97,58,58,37,47,28,12,412,23,32,35,9,5,14,21,74,87,49,35,28,1883,34,34,50,97,256,457,449,296,122,44,32,12,602,13,28,41,13,35,53,58,131,80,73,56,21,731,54,53,66,62,66,98,149,96,31,21,23,12,397,13,19,29,12,14,52,84,71,52,18,23,10,885,2,16,33,44,78,67,76,103,129,100,165,72,330,42,56,64,21,2,5,10,42,29,27,13,19,555,7,6,14,20,34,80,125,93,62,34,45,35,1275,15,26,24,46,155,337,235,148,129,90,43,27,319,11,30,33,14,10,27,40,44,43,38,19,10,319,11,30,33,14,10,27,40,44,43,38,19,10
"46",46,"Phitsanulok",596,10,6,21,32,55,111,73,60,32,32,24,29,625,9,4,6,27,44,117,112,100,78,60,45,23,1826,25,26,55,88,165,228,312,301,236,205,147,38,737,36,23,30,35,93,113,102,126,66,47,41,25,821,24,32,35,37,52,67,85,167,167,83,48,24,1249,27,31,30,68,176,300,293,147,73,45,38,21,1252,16,11,36,80,84,187,175,202,148,132,118,63,1245,69,68,56,96,119,205,246,173,112,51,38,12,152,3,11,8,1,6,7,28,29,22,21,10,6,1250,5,2,4,7,22,88,159,239,224,137,220,143,573,92,55,47,22,8,49,92,65,71,32,26,14,613,15,6,18,33,59,129,117,100,64,28,29,15,1279,6,12,20,49,115,247,294,229,142,87,51,27,688,25,26,34,25,28,56,82,118,133,75,64,22,688,25,26,34,25,28,56,82,118,133,75,64,22
"47",47,"Phrae",699,5,10,17,41,100,139,161,53,11,9,8,6,311,2,6.204427302809,8,16,46,120,69,27,10,7,3,3,595,2,5,15,33,55,106,125,112,49,44,37,12,677,7,9,7,39,140,232,139,77,16,6,1,4,326,4,4,6,9,17,25,50,110,62,22,15,2,98,2,1,2,2,10,30,20,15,10,2,2,2,672,3,0,1,21,58,190,181,130,38,36,14,0,992,10,6,39,51,135,238,211,163,80,32,24,3,328,4,5,2,7,22,58,106,72,28,8,10,6,1336,1,3,7,20,94,200,320,374,205,46,43,23,118,12,9,13,3,6,7,16,16,10,13,10,3,52,1,3,3,2,8,11,10,9,5,0,0,0,401,0,1,3,18,123,151,68,18,7,5,4,3,418,1,7,7,9,23,65,119,93,45,27,17,5,418,1,7,7,9,23,65,119,93,45,27,17,5
"48",48,"Phuket",155,9,6,12,7,18,24,17,18,10,4,5,1,496,5,10,16,20,47,94,85,68,47,23,36,45,784,60,39,39,65,84,110,140,95,28,51,43,30,309,36,16,17,33,40,42,12,25,19,18,38,13,654,28,49,44,41,50,129,130,69,61,29,6,18,217,28,17,12,7,23,17,26,28,14,21,7,17,363,20,28,36,56,63,48,26,26,9,10,29,12,2263,25,35,132,296,331,474,315,254,155,99,77,70,707,84,28,15,18,37,68,122,134,94,63,25,19,833,22,16,26,40,28,49,98,95,88,117,149,105,501,67,42,44,28,29,23,37,58,31,49,51,42,777,35,34,36,38,84,143,78,50,48,55,84,92,928,67,69,74,54,92,88,104,103,49,40,96,92,573,64,30,38,13,37,55,79,57,53,38,58,51,573,64,30,38,13,37,55,79,57,53,38,58,51
"49",49,"Prachin Buri",437,17,3,14,37,91,90,56,27,12,27.1543191395198,25.4898148559757,18.7847465174823,784,6,8,18,37,103,182,124,117,73,51,32,33,973,46,54,48,84,128,193,198,113,53,30,14,12,552,20,15,32,28,69,147,88,53,35,25,24,16,1348,34,31,49,71,135,244,283,209,156,75,39,22,827,13,8,30,42,135,223,133,89,58,41,43,12,957,8,23,33,60,96,111,152,156,143,100,48,27,1020,34,25,39,49,101,192,251,177,90,29,23,10,404,9,13,23,22,35,44,80,67,57,27,15,12,2318,26,21,46,90,193,256,382,414,380,232,177,101,313,46,34,25,7,6,22,27,49,29,30,22,16,480,19,4,8,19,36,76,111,113,37,26,20,11,538,18,16,19,30,51,94,90,75,43,37,34,31,1465,44,42,55,82,107,208,322,291,152,84,64,14,1465,44,42,55,82,107,208,322,291,152,84,64,14
"50",50,"Prachuap Khiri Khan",239,14,7,17,22,36,19,21,22,31,9,15,7,692,6,2,12,16,58,148,121,99,84,51,54,41,770,54,37,65,110,147,184,42,42,26,23,27,13,569,9,17,31,45,108,125,85,62,39,17,18,13,824,17,15,29,37,65,73,127,117,141,91,77,35,656,29,23,22,49,72,116,100,82,66,41,31,25,441,17,15,22,31,41,43,63,52,38,48,34,37,417,39,29,43,31,34,46,72,41,30,19,16,17,279,4,6,19,13,15,24,35,33,25,15,36,54,1356,22,21,37,52,96,199,160,173,183,144,167,102,320,23,28,28,9,8,9,30,47,30,24,46,38,397,22,21,16,20,31,60,53,67,27,23,28,29,463,29,29,28,35,40,53,64,54,33,37,27,34,564,35,36,31,39,53,89,69,58,37,26,52,39,564,35,36,31,39,53,89,69,58,37,26,52,39
"51",51,"Ranong",140,15,10,6,8,18,14,20,10,10,8,7,6.01799659598976,131,10,3,11,10,6,15,28,11,15,7,13,2,120,11,1,4,5,8,19,21,22,9,12,4,4,174,18,5,9,16,30,19,16,29,12,8,8,4,180,9,5,13,18,24,32,42,18,8,9,2,0,81,5,6,7,7,10,6,3,8,5,5,14,5,214,7,15,54,23,20,26,26,10,9,6,9,9,298,15,11,18,29,42,60,38,38,12,15,15,5,149,4,3,13,11,30,37,13,8,10,7,7,6,265,17,12,12,12,13,59,46,28,16,12,23,15,129,13,12,4,6,7,12,18,18,10,9,11,9,183,10,11,18,23,29,27,13,15,11,7,13,6,216,9,11,31,25,42,41,13,15,9,5,7,8,191,17,15,13,10,35,36,34,10,5,5,5,6,191,17,15,13,10,35,36,34,10,5,5,5,6
"52",52,"Ratchaburi",1248,66,67,93,64,47,121,222,173,111,78,53,32,1243,27,13,28,18,63,216,159,184,154,162,124,95,3195,97,119,160,171,349,597,558,433,231,232,159,89,1583,76,61,73,87,108,172,216,269,177,128,135,81,1122,119,87,45,50,33,60,127,172,169,131,84,45,1943,78,79,79,69,115,203,193,319,273,191,233,111,1785,105,95,93,116,98,157,222,188,213,198,193,107,1333,110,107,75,61,43,49,164,206,170,152,133,63,1084,31,45,42,28,24,59,138,179,162,103,163,110,4473,81,81,189,190,297,477,750,849,749,342,287,181,394,94,54,34,20,5,16,37,40,47,22,14,11,646,16,5,8,7,14,42,72,101,98,91,91,101,1780,84,74,99,71,98,195,230,209,183,185,181,171,2016,208,140,152,60,54,110,189,222,250,273,237,121,2016,208,140,152,60,54,110,189,222,250,273,237,121
"53",53,"Rayong",995,19,37,64,48,92,135,147,106,62,50,67,33,1267,18,18,10,23,122,269,259,192,117,102,93,44,2100,63,49,77,129,305,477,371,251,123,97,88,70,954,46,30,37,60,132,160,134,76,73,85,79,42,2134,62,65,85,109,143,293,431,353,259,139,125,70,1478,58,36,57,81,147,198,233,187,148,127,130,76,2277,72,56,67,112,156,275,367,336,199,178,249,210,1955,205,143,144,124,153,235,278,223,163,117,117,53,960,35,49,44,25,60,62,66,75,91,144,163,146,4434,136,98,150,250,411,613,736,601,453,353,398,235,879,147,89,85,71,42,55,104,107,53,67,35,24,657,29,23,19,40,71,79,97,79,45,32,70,73,1644,45,18,67,90,186,241,202,245,116,136,171,127,2715,108,76,90,116,135,374,547,374,220,227,285,163,2715,108,76,90,116,135,374,547,374,220,227,285,163
"54",54,"Roi Et",1572,3,2,7,31,146,329,256,210,117,35,53,54,2070,25,41,99,95,237,405,347,317,302,119,59,24,1376,29,15,23,49,158,252,249,251,140,122,75,13,771,9,14,32,28,88,184,169,131,67,35,11,3,1618,7,35,48,39,87,208,273,471,316,79,36,19,1727,9,12,23,35,163,379,384,423,176,66,45,12,1562,10,12,9,16,87,214,213,181,219,229,221,151,4142,104,103,143,205,470,930,1005,764,298,95,20,5,402,2,8,14,8,22,45,79,111,59,24,18,12,2027,10,6,22,45,174,260,272,349,323,206,228,132,1186,118,91,103,44,31,76,165,221,152,120,44,21,618,16,9,10,24,47,186,140,115,44,18,6,3,1395,6,7,6,28,184,373,269,233,132,46,52,59,3797,49,77,82,96,275,821,863,565,462,308,141,58,3797,49,77,82,96,275,821,863,565,462,308,141,58
"55",55,"Sa Kaeo",443,12,9,24,45,42,59,59,53,32,21,13,15,488,20,13,56,58,76,83,53,59,34,15,14,7,808,14,24,41,37,128,129,209,114,48,28,28,8,403,11,6,16,35,72,74,45,28,40,37,33,6,812,18,41,51,28,77,141,162,157,106,20,7,4,811,10,12,24,64,126,157,176,96,80,29,22,15,774,15,19,31,29,47,140,150,106,103,56,56,22,639,23,14,33,38,72,94,126,118,60,39,14,8,203,3,1,9,8,18,25,49,37,19,17,15,2,1310,10,9,17,12,37,131,211,297,270,140,108,68,246,47,35,23,21,8,8,18,15,29,25,11,6,478,1,6,11,20,49,135,100,100,37,12,6,1,422,6,4,6,11,27,102,89,80,43,29,12,13,1502,28,54,52,75,141,252,301,270,156,91,61,21,1502,28,54,52,75,141,252,301,270,156,91,61,21
"56",56,"Sakon Nakhon",1033,3,5,4,44,124,211,211,122,53,14,23,8,710,7,5,26,31,66,170,182,117,64,20,14,8,218,2,3,5,7,28,66,51,24,14,12,6,6.28361001881841,363,17.5337031517355,2,6,19,44,40,45,75,41,49,42,16.2293009475931,1019,23,38,63,60,155,337,275,45,19,4,0,0,93,0,0,0,3,13,29,18,18,4,6,0,2,86,1,2,1,3,6,12,7,7,4,5,29,9,788,26,21,90,74,116,310,119,21,6,3,2,0,76,0,0,0,2,3,9,11,19,15,11,4,2,842,1,0,3,14,94,180,177,180,106,35,29,23,365,7,3,10,18,30,85,121,52,23,14,0,2,294,5,3,14,18,61,71,49,53,9,6,2,3,290,1,2,11,11,35,88,55,48,12,8,10,9,918,10,14,33,64,97,312,217,104,46,11,6,4,918,10,14,33,64,97,312,217,104,46,11,6,4
"57",57,"Samut Prakan",1398,80,85,87,94,61,118,126,133,144,148,123,81,2596,119,55,93,73,136,323,313,421,258,310,333,162,3163,140,108,113,111,141,283,421,542,423,383,303,195,2042,95,117,115,119,128,216,234,286,204,158,257,113,2160,146,125,204,93,89,124,214,278,271,264,225,127,1870,139,123,124,161,265,287,229,190,111,114,78,49,1009,44,36,27,45,53,68,79,97,93,93,205,169,1778,201,129,161,134,163,81,121,224,173,161,150,80,914,68,63,76,37,40,57,51,57,56,134,139,136,3085,132,123,114,118,145,163,210,284,269,417,664,446,969,276,153,111,43,27,16,31,56,55,68,75,58,844,49,31,48,30,30,72,133,130,88,79,89,65,1531,50,68,93,90,157,176,168,185,115,115,164,150,1302,124,87,77,30,33,46,122,135,126,184,216,122,1302,124,87,77,30,33,46,122,135,126,184,216,122
"58",58,"Samut Sakhon",472,66,37,49,34,12,17,38,71,45,30,33,23,1286,119,60,58,47,39,124,146,191,152,147,113,90,1522,95,69,89,78,106,111,155,178,176,205,169,91,568,52,16,26,7,21,26,73,68,56,58,96,69,810,136,79,50,32,13,30,76,80,81,49,105,79,1312,72,64,55,45,120,102,153,152,150,169,142,88,1328,71,47,63,55,67,75,109,114,127,200,222,178,1009,147,100,71,43,37,42,99,118,92,91,115,54,503,26,20,14,20,16,22,30,55,78,54,84,84,1505,68,55,75,62,55,64,74,64,154,226,390,218,427,153,51,33,10,14,8,16,20,45,39,30,8,794,12,17,19,9,30,70,96,110,114,90,103,124,1448,90,60,81,72,94,114,118,134,162,144,170,209,1246,169,140,133,63,42,46,101,130,92,114,160,56,1246,169,140,133,63,42,46,101,130,92,114,160,56
"59",59,"Samut Songkhram",168,14,12,10,5,13,11,15,14,19,18,17,9,383,9,6,12,14,10,46,32,63,51,55,47,38,165,18,4,9,10,12,25,29,23,21,7,5,2,107,2,1,2,5,6,5,12,29,18,13,10,4,113,7,11,9,7,7,4,7,12,12,8,16,13,481,7,9,21,37,57,65,85,63,44,32,48,13,244,15,18,8,8,12,20,22,35,16,36,26,28,271,22,23,35,23,11,11,20,34,25,35,25,7,168,3,3,5,11,18,9,12,17,17,26,27,20,674,20,29,43,36,47,34,57,106,111,79,69,43,69,21,9,8,5,3,2,1,8,3,3,3,3,150,4,1,3,6,1,4,11,19,37,19,22,23,233,16,16,6,6,14,31,30,34,32,12,14,22,257,19,8,7,4,5,6,19,34,46,41,42,26,257,19,8,7,4,5,6,19,34,46,41,42,26
"60",60,"Saraburi",359,13,4,11,8,48,61,51,36,15,13,22,16,413,3,18,15,10,12,59,68,73,46,49,37,23,780,16,31,37,42,79,151,115,110,66,55,55,23,325,17,20,11,24,30,59,56,41,30,23,7,7,631,19,28,23,17,25,42,91,135,111,65,57,18,715,21,32,41,61,116,125,137,62,43,28,34,15,566,17,21,11,22,16,39,92,95,75,84,68,26,916,40,19,52,27,52,59,148,234,106,84,72,23,544,27,16,31,23,26,45,115,91,77,39,30,24,1587,25,13,24,87,191,130,163,259,230,230,144,91,239,49,33,19,9,6,7,10,32,28,18,15,13,228,18,8,6,5,11,35,58,60,16,6,5,0,578,0,9,6,18,52,79,91,87,80,73,56,27,917,31,44,54,26,22,34,126,165,150,131,100,34,917,31,44,54,26,22,34,126,165,150,131,100,34
"61",61,"Satun",25,3,2,1,2,1,3.46798114692251,1,2,4,5,2,2,175,3,3.49123722826873,1,5,30,34,40,12,12,12,20,6,494,15,16,28,65,99,86,51,32,20,32,32,18,193,9,16,16,25,25,15,12,5,18,10,22,20,1062,37,46,35,59,186,219,132,99,87,70,41,51,334,26,14,9,30,50,52,29,21,16,31,32,24,422,37,35,39,45,65,38,27,27,17,32,43,17,376,37,17,22,27,53,60,68,32,18,21,11,10,181,14,10,16,21,13,24,31,12,7,12,11,10,152,6,5,4,4,3,22,21,19,13,24,17,14,348,21,29,15,10,10,51,57,69,29,28,20,9,73,8,7,10,6,7,5,1,4,6,9,6,4,110,4,8,12,4,9,24,12,10,7,12,5,3,169,14,11,3,5,24,14,48,19,13,8,7,3,169,14,11,3,5,24,14,48,19,13,8,7,3
"62",62,"Si Sa Ket",1685,9,12,50,92,170,295,260,223,119,80,41,39,1893,14,19,60,89,256,618,320,181,149,114,41,32,1697,21,41,89,97,185,323,316,253,166,105,75,26,1251,15,25,49,81,171,295,239,229,89,26,22,10,2633,10,51,109,74,251,443,436,579,327,203,88,62,2039,11,20,39,87,321,405,461,377,182,77,32,27,1478,12,17,44,43,109,219,241,203,189,183,123,95,4683,107,115,192,281,628,1175,1065,621,305,125,53,16,529,4,14,28,19,39,91,104,82,64,39,30,15,3383,11,8,24,46,163,320,450,650,576,374,369,392,506,21,9,13,13,11,92,112,93,65,43,23,11,637,19,10,15,5,31,119,126,125,75,55,35,22,2095,15,10,35,35,116,400,436,338,301,155,145,109,2587,78,63,114,80,216,577,532,342,278,186,92,29,2587,78,63,114,80,216,577,532,342,278,186,92,29
"63",63,"Sing Buri",115,12,2,7,9,9,13,12,10,8,3,11,6,53,2,4,3,1,3,3,1,4,6,8,6,12,147,15,20,12,6,11,27,16,11,12,4,9,4,25,2,2,1,1.40287125436457,2,4.07516785049944,2,1,1,4,4,6,67,4,1,2,4,1,4,4,20,17,10,0,0,54,1,4,4,2,7,10,11,12,1,0,1,1,32,0,1,2,3,5,3,4,0,1,5,1,7,95,7,3,11,3,4,30,18,12,3,1,2,1,11,2,1,4,0,0,3,1,0,0,0,0,0,112,0,0,3,7,15,20,17,12,18,13,4,3,6,1,2,1,0,0,0,0,1,1,0,0,0,13,0,1,0,0,1,8,2,1,0,0,0,0,55,0,0,1,1,0,3,9,4,8,11,5,13,195,6,13,27,4,5,58,23,27,12,19,1,0,195,6,13,27,4,5,58,23,27,12,19,1,0
"64",64,"Songkhla",966,87,59,37,40,68,80,64,48,50,69,123,161,2400,158,108,111,194,366,411,256,214,182,154,126,120,2463,149,111,100,94,190,301,335,263,263,273,212,172,2023,243,192,205,242,216,174,97,87,121,143,149,154,6048,242,154,178,231,393,821,1211,964,742,555,337,220,1049,195,126,94,63,70,84,63,56,68,84,76,70,2956,85,101,64,126,223,207,232,167,170,357,648,576,5636,710,491,558,489,826,1128,752,331,112,93,97,49,1424,87,37,34,58,99,145,232,190,177,134,108,123,2173,119,80,56,34,86,161,221,248,271,293,335,269,5514,217,147,116,61,54,117,289,588,902,970,954,1099,3015,887,517,341,202,245,251,164,86,71,82,82,87,2182,99,77,76,54,93,185,220,239,164,267,384,324,3091,226,135,86,82,181,411,424,390,309,320,328,199,3091,226,135,86,82,181,411,424,390,309,320,328,199
"65",65,"Sukhothai",288,4,1,5,7,15,54,63,50,18,12,2,3,202,4,1,11,18,52,47,18,26,13,7,4,1,550,4,4,10,18,29,87,133,108,89,38,20,10,339,8,9,12,12,29,43,48,66,51,29,28,4,445,17,14,24,42,27,27,69,90,70,33,20,12,841,16,13,22,49,149,224,177,100,44,27,14,6,432,16,11,11,18,21,46,70,77,63,45,37,17,679,22,39,58,98,98,85,119,56,51,33,10,10,274,10,13,14,4,21,34,51,39,44,25,9,10,582,2,14,59,57,63,58,44,63,56,45,76,45,311,43,18,42,10,2,4,20,68,69,23,7,5,218,1,4,0,4,5,31,38,63,34,17,15,6,681,4,5,9,16,44,125,137,106,73,64,48,50,688,50,36,61,50,23,54,110,108,102,60,25,9,688,50,36,61,50,23,54,110,108,102,60,25,9
"66",66,"Suphan Buri",673,34,26,33,27,36,64,61,54,45,86,100,43,741,37,9,26,37,23,56,45,120,92,128,96,72,1076,108,100,57,74,81,94,87,129,104,122,94,26,575,49,27,31,33,34,39,50,71,36,53,94,58,615,70,83,64,31,14,17,39,65,92,72,43,25,1073,40,44,41,61,128,111,182,210,116,62,42,36,643,43,48,46,51,19,20,49,49,45,94,92,87,638,98,68,61,37,24,36,41,59,71,60,63,20,300,10,14,21,8,24,39,33,34,18,29,35,35,1244,17,18,36,31,85,96,114,149,175,183,232,108,355,44,27,36,24,8,8,27,50,63,24,27,17,609,13,24,32,20,39,53,92,95,67,62,58,54,1525,48,22,31,49,95,149,171,196,222,209,178,155,690,102,62,38,13,20,52,55,68,39,88,84,69,690,102,62,38,13,20,52,55,68,39,88,84,69
"67",67,"Surat Thani",998,110,62,62,45,95,107,107,68,31,51,76,77,1185,55,55,48,86,242,254,144,90,89,47,43,32,1071,23,27,34,72,129,177,200,114,85,88,75,47,671,56,58,56,56,108,88,38,60,28,68,31,24,2176,54,48,60,83,166,293,449,475,296,132,71,49,353,58,36,31,18,36,31,19,31,18,26,28,21,1171,26,30,42,42,70,119,150,154,108,127,177,126,1585,232,133,147,153,174,231,148,139,101,53,30,44,668,35,15,25,16,28,79,127,93,74,86,43,47,533,37,20,24,16,18,47,56,75,66,48,81,45,557,44,32,26,13,11,16,41,62,95,68,63,86,997,83,78,80,83,84,125,65,91,79,70,83,76,1163,68,69,59,73,170,214,134,97,66,59,63,91,537,48,42,38,25,17,42,61,67,80,42,28,47,537,48,42,38,25,17,42,61,67,80,42,28,47
"68",68,"Surin",2800,14,33,35,46,203,408,565,484,340,102,93,69,2562,61,70,129,142,367,552,396,308,290,134,75,38,1219,56,25,50,53,134,294,179,203,132,54,34,5,1028,12,7,17,48,142,244,221,168,101,30,33,5,4639,42,54,140,210,439,684,897,1193,706,165,75,34,1951,37,17,59,40,200,437,497,380,175,64,32,13,2782,8,29,33,55,122,292,494,417,441,415,273,203,4089,223,207,298,292,318,706,879,666,349,113,38,0,569,6,13,24,16,61,39,89,129,79,62,40,11,3006,9,4,17,40,141,242,384,693,615,373,339,149,2249,224,134,121,87,56,176,319,496,306,210,95,25,1270,34,19,42,65,146,321,313,197,79,36,12,6,2331,13,12,23,48,190,389,522,400,365,202,85,82,3787,101,114,113,122,196,658,703,607,570,364,170,69,3787,101,114,113,122,196,658,703,607,570,364,170,69
"69",69,"Tak",919,18,6,18,26,99,165,241,111,38,16,12,4,516,5,12,12,17,23,95,133,67,58,60,32,2,1086,21,17,30,30,56,194,245,148,92,121,97,35,952,19,21,19,24,124,156,186,135,79,83,75,31,2087,34,21,56,158,187,351,569,411,189,36,47,28,666,34,36,47,24,91,148,98,73,43,31,27,14,716,20,16,10,7,28,89,164,109,72,78,84,39,1364,30,45,68,85,155,308,337,158,100,38,32,8,554,9,11,20,17,28,73,87,102,70,41,59,37,2167,29,14,27,44,181,378,449,326,253,175,180,111,705,52,32,45,39,38,62,130,112,60,59,52,24,1292,9,5,19,10,69,268,305,254,136,109,66,42,1213,19,24,21,36,107,235,288,168,115,74,72,54,1337,20,39,38,58,92,161,359,248,134,85,77,26,1337,20,39,38,58,92,161,359,248,134,85,77,26
"70",70,"Trang",104,15,6,4,6,12,15,10,10,5,3,3,4.47051175702097,260,5,4,2,18,63,53,29,25,15,18,24,4,585,13,14,10,25,71,80,93,68,45,46,66,54,417,38,25,15,32,52,40,47,27,33,47,36,25,951,29,16,15,31,66,195,239,141,98,71,40,10,286,15,9,12,14,25,43,22,27,28,21,36,34,751,30,26,29,66,115,101,76,79,36,57,62,74,1129,96,57,56,82,133,221,144,129,63,63,50,35,461,35,12,10,15,35,64,59,56,44,58,41,32,512,22,14,7,10,29,51,84,83,58,55,36,63,778,35,30,29,22,31,54,155,191,84,60,56,31,352,28,21,18,20,30,51,43,38,25,28,23,27,636,30,16,21,38,42,81,102,115,64,45,40,42,701,35,42,14,20,83,113,117,102,75,44,35,21,701,35,42,14,20,83,113,117,102,75,44,35,21
"71",71,"Trat",145,8,6,4,11,19,13,7,16,14,14,13,7,205,13,13,28,21,17,28,10,15,10,27,7,16,432,16,19,32,60,93,74,44,36,25,16,9,8,196,2,6,12,21,40,32,24,13,10,13,13,10,666,16,12,28,56,87,119,137,86,53,31,25,16,467,14,9,16,40,93,87,65,38,42,23,15,25,406,19,7,20,46,46,58,54,40,46,30,21,19,706,25,20,67,80,114,169,111,53,28,15,15,9,167,5,7,3,8,24,45,18,22,14,7,8,6,917,21,17,39,68,111,179,182,79,72,44,61,44,234,26,28,13,19,29,30,22,29,13,8,13,4,100,6,2,2,4,10,18,16,14,9,10,4,5,484,7,12,21,24,41,70,84,43,61,52,44,25,630,30,22,35,64,148,145,56,58,26,22,18,6,630,30,22,35,64,148,145,56,58,26,22,18,6
"72",72,"Ubon Ratchathani",1021,2,10,21,31,78,177,156,165,90,66,26,22,1046,14,20,57,105,158,306,211,79,58,22,7,9,710,12,8,20,27,78,124,178,104,76,37,37,9,710,8,11,26,35,123,145,119,109,60,44,23,7,1820,4,7,70,100,156,306,340,247,307,201,76,6,1088,20,19,16,29,137,288,208,190,112,44,23,2,877,5,4,20,25,61,109,130,104,134,124,109,52,3094,78,117,223,204,438,741,622,409,146,74,27,15,503,7,2,15,18,67,87,76,110,53,29,26,13,4974,19,14,49,99,241,555,914,1229,812,455,413,174,1204,165,97,125,68,24,79,119,174,193,120,26,14,778,12,21,26,27,86,160,204,109,70,41,16,6,2072,10,25,43,77,416,548,413,239,111,64,60,66,7560,122,139,276,310,1093,2108,1445,1025,571,260,151,60,7560,122,139,276,310,1093,2108,1445,1025,571,260,151,60
"73",73,"Udon Thani",627,7,2,9,20,48,81,103,80,66,45,52,33,635,13,9,13,18,71,123,139,112,82,38,13,4,274,11,7,4,6,35,54,77,23,15,26,13,3,562,3,9,16,14,54,73,120,94,57,46,54,22,1246,32,31,41,46,106,196,329,282,122,39,17,5,148,2,1,0,1,14,31,31,32,20,8,6,2,538,5,0,7,7,24,83,109,98,64,50,68,23,1280,37,25,35,48,92,277,394,254,89,19,9,1,63,2,8,1,2,4,10,12,8,10,4,1,1,374,2,0,3,3,13,24,53,62,62,53,81,18,174,12,9,12,5,4,9,41,30,22,18,9,3,243,5,2,5,12,18,47,60,48,27,10,6,3,425,2,1,2,4,48,144,67,41,41,27,29,19,1614,57,50,102,92,110,351,464,220,82,51,26,9,1614,57,50,102,92,110,351,464,220,82,51,26,9
"74",74,"Uthai Thani",316,10,12,10,12,32,50,46,39,16,14,16,9,274,7,6,8,19,13,62,34,57,34,17,9,8,523,17,35,34,66,129,112,65,19,18,15,9,4,76,3,2.72919909690118,2,3,8,18,13,9,6,2,6,6,153,8,5,5,5,4,17,31,24,23,18,8,5,192,4,7,2,28,14,28,33,21,18,12,15,10,512,13,14,13,29,44,100,66,66,47,52,42,26,439,40,26,52,51,25,53,72,53,29,18,19,1,197,3,9,7,8,9,10,35,14,19,21,42,20,1570,9,7,6,39,97,141,237,301,295,211,176,51,171,40,20,23,11,3,8,11,12,16,15,8,4,119,2,1,0,0,5,11,22,16,17,16,14,15,621,13,9,8,21,77,147,132,50,33,46,53,32,689,19,37,33,43,39,66,143,68,71,85,55,30,689,19,37,33,43,39,66,143,68,71,85,55,30
"75",75,"Uttaradit",372,3,3,7,8,24,75,64,49,26,17,9,12,367,12,3,11,16,56,88,72,42,37,15,10,5,1262,12,11,21,51,112,177,261,217,175,118,70,37,107,13,8,5,6,18,23,12,13,1,4,1,3,228,2,2,5,10,12,13,28,45,49,31,16,15,346,7,5,1,6,46,114,60,52,23,10,19,3,405,5,4,4,11,25,69,79,81,49,26,24,28,479,18,16,36,32,43,95,127,57,28,12,12,3,106,0,0,6,6,15,9,14,29,13,5,4,5,303,3,0,0,3,7,16,37,77,80,34,33,13,246,13,7,27,17,17,15,41,54,37,9,7,2,242,2,7,5,3,27,32,55,63,25,14,3,6,274,0,3,4,9,40,44,65,50,25,17,10,7,588,12,8,12,47,25,78,178,74,63,45,24,22,588,12,8,12,47,25,78,178,74,63,45,24,22
"76",76,"Yala",318,13,3,8,10,17,41,30,21,10,35,32,57,780,55,50,33,32,71,140,108,92,83,41,38,37,447,28,9,12,15,24,43,27,39,58,76,67,49,431,39,34,16,23,33,22,20,19,31,59,67,68,1362,76,49,53,76,178,228,238,171,99,101,63,30,114,10,9,8,10,16,10,9,13,4,9,10,6,309,6,6,10,14,20,16,20,29,28,51,56,53,495,49,35,40,59,64,73,44,41,26,19,23,22,547,15,14,21,21,38,84,82,66,67,62,48,29,177,9,7,10,6,8,11,25,14,13,14,34,26,850,28,22,14,11,15,19,50,105,138,164,124,160,288,83,32,22,19,23,21,14,7,8,18,16,25,504,27,15,8,8,14,16,46,57,66,74,85,88,1440,87,60,55,47,114,247,282,155,152,108,87,46,1440,87,60,55,47,114,247,282,155,152,108,87,46
"77",77,"Yasothon",122,5.25658546763744,3.92425650780225,2,10,14,24,15,27,2,7.58083966824123,2,2,283,3,3,21,33,70,79,45,15,10,3,18.5455024599707,1,123,2,2,3,6,19,33,17,19,10,7,3,2,248,11.9789487097256,8.90580757936175,4,15,54,47,74,35,7,10,1,1,404,6,9,16,11,21,84,97,75,52,26,5,2,174,1,0,1,5,18,35,40,46,16,10,2,0,378,1,0,2,4,11,46,94,72,62,39,26,21,857,25,28,19,33,112,211,181,134,76,32,5,1,192,1,0,3,6,4,27,53,43,27,8,15,5,1074,9,5,3,11,27,104,159,353,230,101,50,22,2188,228,132,182,122,112,237,384,379,193,137,66,16,214,0,5,7,34,30,39,39,30,14,10,2,4,412,3,1,5,10,39,92,116,86,30,16,8,6,870,21,26,65,52,73,198,156,103,77,58,27,14,870,21,26,65,52,73,198,156,103,77,58,27,14
