"","Provinces","intermon_06","premon_06","mon_06","postmon_06","intermon_07","premon_07","mon_07","postmon_07","intermon_08","premon_08","mon_08","postmon_08","intermon_09","premon_09","mon_09","postmon_09","intermon_10","premon_10","mon_10","postmon_10","intermon_11","premon_11","mon_11","postmon_11","intermon_12","premon_12","mon_12","postmon_12","intermon_13","premon_13","mon_13","postmon_13","intermon_14","premon_14","mon_14","postmon_14","intermon_15","premon_15","mon_15","postmon_15","intermon_16","premon_16","mon_16","postmon_16","intermon_17","premon_17","mon_17","postmon_17","intermon_18","premon_18","mon_18","postmon_18","intermon_19","premon_19","mon_19","postmon_19","intermon_20","premon_20","mon_20","postmon_20"
"1","Amnat Charoen",NA,11.3847363213748,36.5937953187048,10.5715408698481,3.52302380410038,14.0739858610573,56.2959434442291,NA,NA,27.5077938749312,63.3757996138121,4.58463231248854,1.88392572447902,16.3918126926374,42.9949185380653,3.4933371312178,0.806004568806364,13.4321581985864,81.936165011377,7.25336542723666,2.9487660833583,21.4193534568159,55.9580609059316,2.67741918210199,1.60387054056487,7.20580307340845,49.106213537302,5.07075031091706,8.26266215363637,43.4226650327668,94.8372316053066,2.93036389791678,0.532084237586889,2.65687519594455,22.0520641263397,8.767688146617,3.71702560592158,6.89435723377174,122.242257106491,23.3347475604582,197.835905298996,211.844795256369,672.560941744004,122.981060916619,14.5425565829625,6.86702533668233,26.4116359103167,0.264116359103166,0,7.92732230907044,39.9008556223212,5.2848815393803,3.71989872415997,44.3918712369914,75.49276306171,22.3288454126185,0.797239808784849,13.2855055134848,81.0415836322572,7.17417297728178
"2","Ang Thong",9.84508062417811,26.7223616941977,45.3576928756777,16.8772810700196,3.8624638268288,7.02170760907345,58.982343916217,38.9704772303577,94.798170948166,74.0852577359405,102.876684912941,35.1114965573178,21.4101803637806,15.440221777731,14.3874793837948,10.527423939362,13.0231254487919,17.9538901855587,68.2951901176156,8.09685243662453,10.5666612424497,25.7149097160088,71.1563255155311,17.2606928230744,13.0386125338143,15.5075916710135,45.1129939520392,20.4418253845178,20.0977373456243,20.8062969023303,33.8543136037917,9.16887660102691,5.29367180217885,11.3005124076095,19.069614687841,12.7130764585607,16.9844253243426,82.5059135139729,204.67132193595,69.0500134559001,14.5457944826635,8.17961001042011,27.0282765561708,7.11270435688705,5.69631530109249,5.69719413189004,57.6840905853867,21.7205526278308,7.84572270301741,18.5944059444885,41.1222439156958,22.5278379712073,25.5869700072171,19.8854597518295,41.9402423856767,15.9083678014636,16.7153427337683,18.5614511415292,70.6063043422877,8.37085051480731
"3","Bangkok",15.184785544644,25.0688913427129,55.7883422832599,23.6518779451136,29.2644507577236,18.280885810478,53.0565938752379,31.5187686387552,29.4468094129545,34.6508913924275,74.1066128665985,49.3459556570298,29.0073387289966,17.486951436789,55.4601208055433,34.1670826468053,38.5483314264134,23.2605554021494,77.7466442683965,54.909008055377,34.1375301104742,33.9293142224635,89.6438920184152,32.748397831344,20.5993122321095,13.2248799384902,55.1681494242605,68.9733764877111,68.7552290310794,32.1312148164076,116.034266737218,57.0069940291103,27.1328708683398,10.3398474372188,26.3499337916221,25.1737542019894,26.9611329753828,32.2334113992677,138.798863161167,215.926927753196,108.028650430644,16.2782901284049,30.3568113205389,26.5380124471725,23.117886500445,12.5073811164617,79.377830015178,44.0400743537383,30.2744542923286,26.6136558409562,80.8998662963815,27.7607961789285,35.4520811452937,17.2147777951556,98.3318128735759,86.5212584610991,43.7435757415889,23.8784629650466,79.8119534862013,56.3676443932465
"4","Bungkan",NA,NA,NA,NA,NA,NA,NA,NA,NA,NA,NA,NA,NA,NA,NA,NA,NA,0,0,0,0.484715702122812,0.727073553184219,10.6637454467019,1.21178925530703,3.1232281686351,9.60993282656954,18.0186240498179,5.28546305461325,5.98481005930804,94.3698245915817,197.101532374823,1.67237663833183,1.90419602984679,10.2223479544606,25.1992763528564,2.37729022196759,0.711532760154165,0.948710346872221,36.7625259412985,45.7752742365846,16.3171336232628,30.7305357514325,124.813252898126,11.1102706178256,NA,7.78412039439543,34.9106005566826,2.35882436193801,3.30201815760922,13.9121084861504,24.9946355852871,6.60235656969848,15.1460508282367,52.838343103293,142.402888812014,0.236943242615664,11.3745423523975,52.8442280121802,142.418749037311,0.236969632341615
"5","Buri Ram",1.17182159667203,16.6659071526688,64.5803902165917,3.90607198890676,1.55771612154502,19.3948042681542,79.9792430188434,6.61628774365128,7.18242338599086,18.8132279620167,77.8389225644951,7.69338188137452,2.25607854614013,12.1640016347388,60.0476906095838,9.33217056633403,12.7702655272051,26.2333355782398,183.697489232466,23.0904665236341,9.66479786553698,16.5311410955232,89.93196063163,5.48910476530886,3.0549918016847,20.8460708334234,106.709002833286,33.9384201983173,23.6520383268844,35.0166661600964,101.250721862557,8.61169366685916,2.27286075088677,5.36392326182067,18.3004440697411,4.54355852765986,1.32327553127373,10.0132439320686,74.3751011558055,23.742094103081,19.1145340036106,8.85731246525389,19.9132485920956,5.33951460671334,2.00750226434462,5.76856757688811,28.529328777001,3.19779289588363,0.877473041864092,7.89598852449668,63.2305747715647,16.982641985227,24.0375731430536,37.1873229175099,157.476928681292,27.8904921881324,14.1759840557387,25.8892711442235,181.288196961017,22.7876225230329
"6","Chachoengsao",4.2490811362043,6.07011590886328,37.027707044066,19.1208651129193,9.8184291454348,16.9968262563362,70.2435209000797,21.058014830859,17.3705671772842,35.2774285744182,128.254380156147,29.5971646514186,15.6295904937625,16.9156281113998,51.933945956052,27.005651897147,20.6512651425965,24.7287928522013,77.4246728586779,26.2007448076895,12.2498800532578,37.624631592149,172.664975988777,47.8328649698638,24.1262395486474,27.0925754752791,130.392074479953,46.07186631625,17.3079300848294,17.6856780516422,58.2333301700413,11.0715220323288,4.4317738601548,3.56683245303908,19.9742617370189,14.8380230046426,6.96761758091153,20.1590291865832,156.019528704612,123.651510010662,39.2287860292593,8.31115850506206,22.3978678356757,10.1424307180418,5.89321749913193,5.59433517620058,38.740771095189,9.650228178946,9.75340901575162,22.3576022096532,134.562214541329,43.3265334746075,39.6965217137165,37.4626414214714,77.0065406996911,17.7600670442531,16.7205319446617,23.198716337696,72.6340761525481,24.5795923101779
"7","Chai Nat",6.22873701975696,5.33891744550597,24.9149480790278,10.9744414157623,1.78280428635272,11.9064628280231,33.6357574891651,16.9667095299328,33.3668947774842,47.1051219366764,83.1792975970425,15.2048178403196,5.37289531994356,18.2125433667529,10.1512536798295,4.17992798581213,5.99387566576854,10.5024365652831,34.5080058573589,9.90229733298125,9.30397380051656,19.2092972998931,57.3277466293686,19.2092972998932,15.0203491923373,25.2427359519667,30.6518936559595,32.7554549852901,39.7027581604885,30.9976736697333,58.3839678827987,5.11612089694628,2.10891743958422,2.41214515083445,9.04554431562919,3.91973587010598,9.3738680467131,17.552832512688,102.290644642906,42.6715411084311,24.8408022430669,7.58214495848017,17.8938621020132,3.33614378173128,3.65021346932457,7.92047839689517,39.9070257689718,7.92047839689517,3.36175750342778,3.36792085998328,20.5136997835345,18.0643027944558,21.0082749533079,13.3342843055474,53.3371372221895,17.3655795607129,10.2629738366804,10.9227542817197,35.8890497827932,10.2985968941928
"8","Chaiyaphum",0.625224969341647,10.1822352149925,24.6517273626135,9.82496380394017,4.90374620835189,10.6890233528438,43.2014693844102,10.6890233528438,5.42700601655758,17.5085276305896,42.5714961170174,5.95467690989596,3.46081757566858,6.2975475930507,20.4005062873473,7.0071304204367,6.03145403278095,16.2317071764546,57.2101154579958,5.58796476566471,1.94520329420341,11.9149116443108,50.8369563490592,11.2971014109021,5.99259959048627,18.2262752449321,62.427193954864,13.5596443851186,12.1418141971513,31.4850107603102,79.8558373473791,6.4201278924655,1.40631477153436,6.06192653296458,35.2294570973739,13.441663181791,7.81924395985703,29.3446049416666,170.356853239196,53.2420077684131,18.5267280401292,7.6358925568479,34.2298631858699,7.81143031677544,2.2830172592663,3.60035371279891,25.0268489792119,3.0734726816576,0.966935280343164,11.5179314850131,51.5229606886844,12.8367786016176,16.0394446936007,41.6917053952089,136.098083070501,42.5806543375375,11.8341837962503,16.3063091159396,57.4730567201151,5.61364740056938
"9","Chanthaburi",6.34916855653637,31.1506082305066,68.0551504653742,12.8967486304645,7.10359279106923,47.8327624896658,114.7592614464,28.5421833786071,20.5852574808243,80.3918270265195,128.509562911006,13.1052370091893,3.69975873888305,18.4603665645841,58.1015747664278,18.4603665645841,24.7988377159536,114.732371748363,265.064669975138,26.6999448588095,14.8169250650208,37.9447003901788,89.3041938475926,18.2057905912474,16.0476400361871,54.3623392972952,141.7235722733,25.5598367222371,27.1670107124786,66.938465914478,164.0276855978,26.7374608893524,8.12237935775631,26.1752005980751,130.122759807697,34.8374971988769,28.2082106902579,56.9050418242667,246.025098316137,77.0002216103939,33.9290509803885,19.8331396795638,73.3451957961228,20.768665136147,7.84065354113955,14.1659956458203,39.1428827055561,6.52381378425934,3.72206011260767,10.6007461437461,45.0066766102905,13.5763941840959,18.0881474826926,62.924906499564,249.832418090257,33.4230215531809,23.4962570598656,110.519478825176,255.331679579243,25.7195414466683
"10","Chiang Mai",0.720980966703297,7.26989141425824,42.1773865521428,3.06416910848901,0.780211225785712,2.81383713390931,30.7127329722442,5.44806764224994,3.17135430292381,20.0912928746965,190.49975865947,39.9988239243195,15.8259770722324,14.5689155423507,67.0535861781833,16.8853121557789,7.17749743802971,15.0047626453093,354.28249290463,21.3833054702383,4.66505221245954,6.64394838980891,22.951821710249,3.74477091061957,3.3048592890502,5.39928297522089,65.3313240001728,35.2753154381098,21.3242772545803,121.612313529772,522.855488105708,20.6162961691823,3.71766378884419,1.50441894132882,34.1965997817435,7.1170588378248,3.17490422430676,11.8103749246729,166.036587965401,102.836679222151,26.9227631665753,12.1362002244052,219.65377481624,29.4245609214353,8.37405099671417,14.0610134588846,86.7473814197315,16.0454306809046,6.21696765042875,5.90134966677046,60.5871899121767,13.8822225494505,6.79222358611706,11.2084377119095,136.126476011141,59.0124245532036,13.0462070490837,13.8036252678993,325.922034665542,19.6715631348201
"11","Chiang Rai",0.244895360294136,1.55100394852953,6.12238400735339,1.14284501470597,NA,NA,49.0500824155455,1.62957084437028,0.414017185714673,10.0424040511058,50.2957069559549,16.988400186454,1.33738117546064,13.5200773148125,61.5080060556593,9.59758574816937,3.33758928567736,5.92330076352181,160.596534785627,24.6108975385765,5.25244811926472,4.58171827764046,31.6555081000614,3.41546271605926,1.9963653020889,3.90151578038617,68.1520096956818,32.1252469576478,28.0205276778588,108.056726055085,925.561750071831,50.5920763369018,4.79883969011303,2.42576000626003,13.6155561641692,5.24277162643296,2.42323741222367,12.0073853216732,94.8115620204843,31.0320737534151,12.3002272110395,8.07694846673889,78.9055734827569,9.94085965137095,4.18593036868599,6.50089387290752,100.996029811242,25.6940091167297,8.10918793000704,15.7128068618752,163.752095040915,34.5835798087351,11.6426457782849,20.3856910980938,317.290926977528,74.2070043381368,7.48554785004425,5.46816335175309,148.256541579221,22.7198336446079
"12","Chon Buri",0.567515724239245,1.86469452250038,2.83757862119623,0.891810423804528,NA,2.21398654370607,10.5164360826038,1.34420611582154,1.63147838276938,22.9530315836816,122.442016454842,36.4456920416566,13.9368256673326,28.6410396469479,65.3349976031172,25.526231621683,28.376881860277,38.3220185021395,109.736930174742,2.24105371357541,12.4633248338346,41.5688540046129,57.844489964091,17.741909469341,14.8486623897544,21.2895420878424,54.3746412784082,33.157023319241,30.0104196396788,31.0955555164712,72.8846052377016,19.9095977628084,10.058008182478,10.1028219862148,12.5082557924564,9.14064846371815,16.6925892396377,27.5108914135676,99.1201234753538,62.3040776130795,39.8587759741906,11.4635964548994,12.5238134680692,6.758883458958,5.94706617675004,9.70402717127608,21.687523812315,8.2712177902823,11.6102669759374,34.6531254231371,93.3709212790084,26.6315686122257,39.7739389915981,37.0799388595845,110.473965862204,49.0144458591409,33.8352327709672,32.3930712925404,92.7591066837072,1.89433165453452
"13","Chumphon",3.53211523837622,14.9595468919464,40.5154394990214,12.2585175920116,11.9891041731403,55.7020312674069,133.478571222268,20.8366857704004,24.0301753680298,47.5659362288414,75.654441674321,15.991995801076,10.6213852675546,64.4945342923154,53.677413034427,7.5515752177711,8.54262623013055,24.3812248314648,71.111905758439,29.0542929241622,18.1999502473077,13.5268821546102,23.4196765661909,6.6624941955543,7.63085608889763,29.0992867664471,100.342368160162,27.2931241395642,44.026273781587,67.5223492983069,118.863307196724,17.180242720871,14.8810758776607,15.2225055848803,51.5983630864124,19.9671826502975,18.5391000098355,21.8674399728923,53.7820820954918,19.5033924082553,15.9201498748792,3.53183557343275,24.5266359266163,9.81065437064652,7.04904933329108,18.2009264858708,24.2679019811611,14.8738754078084,10.7586373551278,11.3435451316634,26.9898142787852,7.62755620922191,17.8620342673952,33.7779453582819,54.5945861023393,9.42640335579959,8.83391044327565,23.5534732540497,68.6976303243117,28.0678889610759
"14","Kalasin",1.32991238946382,10.9462019748176,29.8718782864181,12.0715124582101,11.2464743917993,21.1530345407594,94.0134868478198,20.8464688227774,NA,NA,NA,NA,NA,NA,NA,NA,NA,10.5943534133682,26.1802771849581,2.85232591898376,NA,NA,NA,NA,NA,NA,NA,NA,NA,NA,NA,NA,NA,7.00363275385885,18.9808597821972,4.77059042654154,0.812003441040466,11.5708787371908,84.6501128668172,34.4081394026991,20.1915246771201,11.3589687679069,50.5068432715858,7.40361357193929,4.36327101991711,5.68328282654012,48.307904025591,3.85651334658079,0.406346706469187,6.50791423382529,49.3177875532073,7.32140351305345,8.06439007589776,18.1134392509018,92.6139125540461,16.8854094711797,10.6548784644462,10.6604344127023,26.3435735006202,2.87011695726601
"15","Kamphaeng Phet",4.8209764818993,13.3609919641209,56.8875224864117,6.6116248894619,7.71206699793471,18.7272879995263,64.1685015277887,11.7045549997039,15.8257408430621,40.8614754707325,86.4006956081481,16.0969448824098,6.32768514968609,8.11450529712155,31.907885236139,5.91396148773266,9.91415216251274,13.636194592629,40.4953657599286,9.77949309168344,8.39009958061144,29.1386905457319,127.000707850266,16.2187051150772,11.1228272993814,22.9196946053627,78.091654074559,36.9185499930692,19.7463277341072,35.2285469115393,93.8970997447644,10.5548564676596,4.65843678486907,9.99783608479261,82.8587785109524,6.84783293478946,4.38492590745827,11.1028563125906,50.5796787573574,26.5920262301554,15.63000979643,7.68035461294441,6.5831610968095,3.01728216937102,2.33428483244624,8.10654472957803,51.2498505785188,6.59515503423298,4.54334963090887,18.1851496210738,83.0730698599055,14.0521610708298,11.2474662794278,15.963748288098,39.0691734419242,7.00164398600791,8.70417482909017,13.9017023266395,41.2838432730505,9.96990772920607
"16","Kanchanaburi",3.23244125935911,7.78180303179046,24.5426095618007,7.5423629385046,5.96198585624472,13.437903211421,61.9570581694722,20.3352340633008,15.3199141318681,35.5161784591978,62.8732348399312,26.2771725762308,13.7331597391355,20.0053347559349,50.4896543840262,15.5993979346873,12.9901743591596,10.8473574168508,47.4422884824905,13.3505937438164,9.77995326361537,39.1282511938292,39.9633053351609,18.7290714555829,13.6580287809456,19.5756938693672,71.0657007742484,34.5244055514295,20.7937426197583,14.9729190589933,25.1120610989415,5.06957101997411,4.56161928323726,9.63559320112544,14.0566300816418,8.04855432094007,8.25362169800449,19.5455490378619,71.290412964687,32.7642151501731,14.6666145349313,5.18030268733833,7.88306930681919,2.02707496461065,1.34747055899729,1.2315946575663,8.95705205502765,2.4631893151326,5.02854706036883,12.0599648251026,38.301554953798,8.48664191396108,13.209950642958,10.2020682170821,72.7598051965524,6.16608518614851,12.3097611350383,10.178356117192,44.5163267543124,12.5272075288517
"17","Khon Kaen",1.94018080202509,14.6654842976603,53.297907914454,11.8122772358586,4.21771450254831,13.3249739052594,34.6221544205032,4.89721263184749,1.87519423378326,6.80950743427974,25.1384316115494,6.0718107955661,1.36000902708635,5.03507296047015,34.0574598000341,8.14663490233373,5.71764709671512,8.88981498992676,37.6543119000083,4.5298420330837,4.01269757810625,9.18405062834683,50.1460433081514,7.60642229955105,6.46462162600963,14.2564076659061,49.2800233490771,21.6091218558026,19.0362681314486,23.5747736514475,131.560644429287,6.92718467483292,1.61363308609372,2.3915275409424,15.3502697976768,4.44935356454399,1.22253348356234,9.54625856041311,74.5385188757838,34.9104455494177,15.5775252396958,6.0911119601752,24.5305690759783,4.26377837212264,1.16285416624134,2.71333604666938,16.5015131001526,1.77197456109021,1.05331694245021,7.37711828682236,49.7539481449598,12.0918179438141,21.6437152989754,25.3548141547847,114.514600193588,39.0631312582508,8.4230148763353,8.7667230826702,37.1329353501636,4.46712004212494
"18","Krabi",8.0363535411096,9.49750873040226,16.5597588119834,7.30577594646327,7.19780867385927,30.331617726084,91.9501797208058,19.345362486715,37.4906888928968,75.2538939787507,86.0379410909705,30.4766548823601,31.6201254122618,71.411403638515,83.4288566780062,22.417172015974,32.2677260355918,65.519280246736,247.694839957173,33.1020753859816,36.577805832748,32.361950436774,63.1507505050936,20.2262190229837,51.4357084574421,153.030672669609,131.517665062432,58.3290824813147,107.834986532727,170.092226325548,208.40128630878,24.5177983892682,15.8700864454435,41.3329553495881,121.185628250101,32.2440332308305,37.0096165016099,45.7149234543312,221.706647550818,56.6607501969176,26.4941465244195,16.8167759047532,59.3908921193182,21.0741875262097,15.4664313750657,28.285676893135,50.0276524154702,16.8869712794836,23.1185996223177,55.1664537619117,97.3278880058061,23.702696863483,29.1143186070657,30.9772484668355,57.1404650773385,12.7676497059254,26.5038203176621,59.8726194375312,226.347707629691,30.2492328168711
"19","Lampang",0.51906728799021,7.13717520986539,16.4803863936892,1.81673550796574,1.55973595288466,8.46778658572331,20.4529614455163,1.04218911824287,1.56753287550683,11.3800166906911,125.441793176699,19.3591088531298,5.24138097594116,9.18696658175285,42.2600462760631,6.69336136670565,4.48059842717886,10.1645602705621,166.989204444949,19.2730623311957,3.565961995281,4.75680189637836,17.7058737254083,1.58560063212612,2.11686344821348,1.85464363022645,20.7985035675395,6.35877816077641,11.9448285759447,59.4943247991734,369.449133016296,16.9983785140496,2.12584102947539,3.5887266134649,12.6270010473765,3.1899792119688,1.46580755293751,8.81351405488416,129.131334713227,36.5894371369433,18.7142824320824,9.77835286994657,73.1367214656278,10.0462529485752,2.95615010230093,8.61508474416564,30.0181859054521,4.03832097382764,1.61865903420307,7.58482817655313,32.6418498312376,2.30253712502506,5.06353309060751,12.483469691233,93.008708248967,10.2885739213459,4.13490164428042,10.6254088022542,174.560287465605,20.1468790276509
"20","Lamphun",1.97454320177117,11.3536234101842,53.8063022482643,3.70226850332093,NA,5.92409750077137,72.0765195927183,16.7849429188522,4.94017332574298,5.93042133172553,59.7984150948991,16.5557595510671,NA,3.70773185683211,28.9203084832905,4.69646035198734,2.96916181396539,16.5861290450351,101.992315918723,9.15950409949697,2.72177262239601,5.18937512510101,16.3094646788889,2.96535721434343,0.987001194271445,0.987001194271445,13.5712664212324,31.3372879181184,26.3949792654575,64.1234326753283,219.25281403218,10.3584006629376,0.738772736234049,0.984288298042497,5.41358563923373,1.47643244706374,0.246072074510624,2.70936627922729,80.2957642752815,79.3105401737443,25.3718306551295,14.0422449854404,90.9050596425879,11.3323380584256,4.18792571023335,8.37531253464054,50.0055424862362,7.88264709142639,1.97226719996279,16.5401468863791,35.795840276492,7.1591680552984,4.70366025401628,2.98499294795416,61.1923554330603,16.1687118014184,2.49181999512612,16.7024398026619,102.707540279055,9.22373541341031
"21","Loei",1.62459506967888,25.9935211148621,31.1922253378345,3.73656866026143,NA,9.54039548981846,33.3105334051289,2.26382265860099,NA,12.5648377847224,25.7740262250717,2.73849028641387,0.802045511313863,10.5758044822182,31.2466950610993,10.0950860966629,10.7240000864192,37.1247519682519,94.4120847468476,3.04038916981374,2.230393638061,9.68581441026887,33.5033908289628,4.12837991257362,3.00839078567766,20.2465972271652,71.9703260809389,19.4557145229791,36.4398195402126,139.319446567683,253.58030489525,12.9232970798077,2.04244146602577,3.13077726241705,9.07925406100946,2.50462180993364,0.625915188458214,15.1609641122787,98.6244160293591,32.1975114137052,11.0753950316959,18.2337851779586,70.9091645809502,8.88312611233882,3.42454900504272,11.3570420661727,35.7824613043796,5.91188491115837,2.33333897737134,10.4207170075434,53.0367835757057,7.93218757290614,6.40045731582805,38.6701234939004,197.108038375792,32.0946369078931,11.8985534606483,36.3219628889738,92.3705090710971,2.97464351245906
"22","Lop Buri",3.33412907880681,23.0721732253431,52.5458742819953,22.538712572734,9.05474797827094,5.04111827922754,33.8285568737638,21.358422183043,28.9028145927872,48.7771256488153,91.1920175173503,26.7744004920127,13.2401482826643,10.4517539101467,20.3743050906657,8.59954435644979,14.5484416442236,16.6638673132953,117.308335768991,9.91896863886622,20.8538278905211,12.1362585234131,117.668941335701,33.9023743534474,22.427538337851,29.288758130269,120.321384751375,41.1625789938916,12.5262722077621,15.6908041339335,57.2252856649341,20.1738910293431,10.0188972121792,17.9264619622885,35.5892994839552,21.617204130995,20.5898718475073,55.7227384424834,123.725606446936,92.5631271283907,31.4278319477511,10.8283274327752,17.6950716584376,7.39495531994406,6.06756677769234,2.24057738361189,15.552243015659,4.21755742797532,4.23196646411335,10.8529347923913,104.955820614223,31.3676286072773,50.807394013769,41.7267891370362,61.9171709775375,25.3052785734284,15.809500771629,17.0391616732457,119.950288921976,10.1423581388367
"23","Mae Hong Son",1.56983406853896,NA,21.5852184424106,NA,NA,NA,71.232963449575,8.31051240245041,NA,15.7124132199283,96.3419021116656,24.80907350515,6.18854756110896,44.0797225037282,171.78732975752,26.3654414975571,4.1129865376234,24.9950829345047,226.18501278437,11.8829082803383,2.45749979015938,27.4190116060174,37.6499860858747,3.27391183355432,0,2.02799443518327,39.7486909295921,16.6295543685028,9.28617784053735,95.8989112653015,568.946481960528,72.5285883519087,14.2421083160351,28.4916935754884,162.183486506626,22.281965488523,8.34525803910618,6.52448130373635,193.559612010845,39.1468878224181,19.0736511546226,54.1047984864989,267.29920311873,64.137476351545,10.3512950542392,22.6495756743557,116.786874570897,27.9580699730328,13.7825055989433,20.4126164047048,150.279089738085,21.8203830533051,13.3661580414351,5.97436645358093,95.9412965780938,36.9004986838822,2.1035591853852,21.3349375341009,193.063697029897,10.1428391555562
"24","Maha Sarakham",0.641022216761663,5.55552587860108,14.1024887687566,3.31194811993526,NA,16.5447337578748,54.0105502031266,6.83137393873538,2.55871540909158,8.73185743645444,34.6079715469231,5.00484511601657,0.425532087788811,4.99515894702049,24.4443948471216,4.78259899182813,1.59592719875864,7.66172627205939,65.7631505018431,9.89639643474337,2.75820230889709,7.30043622751545,46.8709166491209,7.30043622751545,3.35549895314917,10.0455818275425,64.8777159695451,38.6127051496164,29.6174662852539,38.5180743461297,207.581189854547,18.8426255585121,5.81289281257883,4.35415448540114,21.1487503576627,6.63490207299222,2.38561443832411,17.9556692171328,63.1043172486518,31.7597386152754,16.8186857859271,11.5256180223285,27.8276182881446,11.9409556087188,5.19181417116846,7.89161899678832,28.7628745014522,5.50336587933922,2.80434315995438,9.76455984168948,47.2646247656246,7.06372414079664,12.7584885158221,13.8414109850471,94.3732567162301,21.4961306964746,4.09719826731621,7.59245394438527,65.1685630226403,9.80691967816431
"25","Mukdahan",1.48762150148613,10.4133505104029,38.6781590386395,3.57029160356672,NA,18.6668325940675,64.8894656841394,6.22227753135583,8.88172363290711,NA,24.5527262400606,7.39539946989777,3.83895660162548,20.0250312891114,84.2229257159685,26.7982036368991,16.1575734603157,55.7870227640415,177.344009207795,8.221245459964,1.75973697727017,6.12480604780849,25.665853914626,0.583314861696046,1.45221346376147,6.68018193330274,46.1803881476146,12.7794784811009,16.7895662533876,104.330435586794,166.177286599464,6.35808748728383,1.43982679332383,7.18182366611989,14.6509202788846,2.29818357315836,0.572288639498217,8.01204095297504,72.9668015360227,22.3192569404305,18.269490355022,19.9554139037921,54.4497722232042,7.98216556151684,5.39704795600307,17.3156732390528,53.6502006914915,3.6902254443883,0.566293101983725,15.2899137535606,47.0023274646492,3.68090516289421,8.81771490262759,74.0928611528279,137.071793132732,6.26939594370082,13.0878312789973,54.0565146635409,171.842815035677,7.96622321357444
"26","Nakhon Nayok",3.62178868070311,24.5476788358766,34.6082029489408,10.4629450775868,7.60615471374388,31.9039054368243,100.098503308036,24.3267278955785,30.6190923078315,34.5672929836342,44.1030979446367,9.13847975429409,4.35570670184661,3.1653833674931,9.10047718154265,5.93509381404955,5.9128637021819,7.0913324219658,22.0619230905603,4.7275549479772,2.74322619075611,24.689035716805,76.0265544295265,13.3242414979583,6.64399728674861,10.9338696136049,21.8677392272097,16.7912997637503,20.2393751631348,45.860862806063,68.0139914496696,4.27516517683638,3.09577536985847,8.5081039690305,19.3365999296148,6.18771197747673,5.03046634038518,10.450615038048,137.40623475952,22.449469340992,12.3447936216913,3.85591227028403,14.6524666270793,1.15677368108521,1.15343357952732,4.99821217795173,6.92060147716394,0,2.68552368517005,26.0785193537129,198.273448615729,18.0248589650663,18.4498610021379,35.3735951492035,60.7503047127626,18.0712931740496,10.7591209131143,6.91156650654871,21.5026513537071,4.60771100436581
"27","Nakhon Pathom",10.3493507587518,12.5154939408162,48.2568564448777,24.3089401542775,17.7849259286533,11.6168938085512,79.3030812032731,39.4737310025261,29.4769247136647,36.6444059730382,177.936779003695,52.8525086149589,27.9296630482444,14.2982356209735,63.0052333867289,32.7813206919881,26.4984703513483,21.7074026861756,66.0459273217684,53.3447874521975,38.5941151032083,22.5241706074437,76.9480549178154,34.0720956396864,19.2236993572544,14.3960897046421,57.5843588185685,39.4475528914603,43.9247003704258,28.3927992269976,56.5611494482482,20.312635020105,17.6220690915023,10.3408936755984,28.3540633040601,28.687640519402,38.2061395837604,33.0383819811538,162.539999646412,88.2865123844209,62.5276399506181,12.8360972998117,24.684802499638,9.10594936653311,8.08728902517527,8.39646127323066,54.6315207517995,33.1496652865211,38.2006808275262,43.150766822821,161.842548612545,87.2797626164364,91.2612673515476,24.3285483567912,88.7340357477607,64.8399257544837,36.466328593513,20.3866744887879,62.0275415297163,50.099168158617
"28","Nakhon Phanom",0.573801651114251,9.89807848172083,19.2223553123274,1.00415288944994,0.85931240877054,10.8670163176829,3.71766347710205,NA,NA,4.42421042115629,7.27853972512809,NA,NA,4.9758882671398,25.732450752923,7.39274828260771,4.39916574956019,41.0064021067926,93.7897293861242,4.39861060661097,0.849191440789415,4.65871391261382,24.846474200607,2.25877038187337,0.8465404200803,7.31508313873336,27.4315617702501,11.2539740595898,16.5643845482652,119.998710294235,193.736235545132,4.90648932277831,0.139782135563511,4.19346406690532,15.2362527764227,1.2580392200716,1.25631473999364,13.8099774995013,82.0228966637047,19.6687558326231,6.97092152581419,8.63476076141878,30.7787440044121,3.34248803667824,0.974158002281138,5.70406212697521,12.7993589190663,1.3912346651159,0.556290733899122,7.50901081297557,11.6806834868509,1.39055755795844,3.62332823791751,49.7768408019509,88.8175002544614,2.64918760570607,4.46269755503521,40.3045855182417,92.1845364275354,4.32332924244115
"29","Nakhon Ratchasima",1.13592564622418,11.2809167625022,43.4785333554774,12.7302012076848,4.84724189695105,7.17316208188554,37.6201163533671,5.847686479798,3.81224975522066,13.6118340507418,42.6244860560372,10.8894672405934,2.20832803523618,14.8716794812262,37.3728403629774,11.3861296028138,9.44118131840138,28.0815758173537,158.742131066694,20.384284374305,6.40224586385166,13.4554990125586,66.0857222931092,11.8408391310516,8.28514812010891,18.8110785375938,70.1105371156755,34.9786450200064,31.4909471294281,53.1956098739295,176.682692766351,14.9588802514924,2.81868880088243,3.68987126533674,18.1450370470683,8.17858063966391,5.66492008377929,17.9749832315828,164.016971728354,78.0562696779514,25.6558627308205,9.58614381640678,30.9181555501499,8.75256609324097,3.5928628353085,9.8246637603296,47.4606833960537,5.32799073156336,2.52993859648889,13.1373948772465,83.5055099668658,31.1069349966987,27.6316849796982,56.6989226445167,209.250545057795,72.8769139684043,17.314883583187,27.5610309799655,155.799547027243,20.0064233146581
"30","Nakhon Sawan",10.5245216698038,14.8088402256532,63.7990915381914,12.8529556675481,8.84587993789603,15.545888764046,80.8944750656046,28.4852812083717,32.0506239815841,53.0354153539858,143.447283356387,24.7933576171533,9.31694586662122,20.5869612806767,45.0863767413914,17.2334291263583,11.2822867010393,6.43845305434614,33.9651726345217,13.7167043331722,15.5657392181074,57.3905735982865,160.060073769247,14.7203094618982,6.33617733467343,11.4616704965419,95.141183552596,71.8451053075921,55.2693959148769,43.8123860411874,90.6077430468811,14.6352012946094,5.40904162373167,8.95570842452297,36.1026995863582,9.98188334816622,7.39188070249744,32.7252439155895,185.286767842994,103.051699321584,34.0579353967887,10.0437984707143,22.4342788271096,5.63203652563421,2.91254461287598,4.22946641051765,32.5198972897579,11.0906008098018,7.81764658185133,34.1545844038091,159.545310018898,58.8742007402676,47.3960894074119,21.4359593505,56.6178477912311,23.0700907808072,11.8567663774847,6.66648631727837,35.1681307172366,14.2025143281148
"31","Nakhon Si Thammarat",12.9396408884689,12.5414980919006,11.1479983039117,3.84871370015999,11.0497340643075,20.4208006672117,32.77901984122,7.79823455899992,17.6812967573825,26.5084249973129,61.9189330161114,28.3547829573247,27.8215194496322,26.6655982913,30.0808965946192,9.72046440175468,22.4184970618537,46.00048097369,266.304778742273,53.9293388053374,25.5999357064343,14.919665095867,16.4832981190146,6.84089447627089,9.15430570757119,11.9337701698552,49.097087057502,41.5087658081919,83.8082981408117,87.0139299805947,127.775466593627,14.2762275617754,14.4363047097151,20.2250520118774,111.753074014673,50.3693970486883,29.0923319564911,15.5040555006588,58.9282773386034,32.5520833333333,43.7549092589369,11.8139407068589,56.3730431555549,39.9362560851426,50.6619432416998,44.9234283048359,67.8657782807721,33.3881685403987,37.3378863343504,43.0878011584408,111.016712048642,50.6425716438732,62.6290581156388,41.0776664532176,137.22649012943,48.3001133021349,33.4848662381955,45.309498729785,262.304562447074,53.1192556333519
"32","Nan",NA,2.30423917164697,14.4538638948764,5.86533607328318,NA,2.94127533698612,11.3449191569465,1.47063766849306,0.840691259276074,7.98967229728309,43.5226885667789,3.15381801208543,1.05061149152686,NA,19.5229268436046,NA,1.04918103417915,7.97294235143051,41.123597391589,7.76312807902445,1.04813928949107,2.51217883363724,6.28044708409309,0.209348236136436,0.418591778880707,3.76638376939688,30.7588007834078,7.53276753879375,9.82859442388182,23.6271180770453,143.85360386732,7.52722345817373,0.41763228551127,27.3190995958442,67.9849348721007,0.625628235019332,0.417085490012888,21.4620891989431,80.2223722484768,6.66783353753573,3.54248979595879,6.87732109586986,25.4252476877613,6.87732109586986,7.92709667620148,17.9544832971112,46.1388466123439,8.35092246377265,3.55346657488653,20.2832546050307,64.4045610139118,3.13658576366454,3.77377204200916,11.9565285792498,60.4119338741041,17.8299110392321,1.679611506066,7.9852902547938,41.1872865773575,7.77515103756239
"33","Narathiwat",2.38926125447459,2.81089559349952,8.99486589919847,5.62179118699905,13.1011694015362,21.6687733529649,130.012640117789,42.3652299529121,25.2203346117436,17.3060044968142,46.4240438089142,19.2288938853491,17.0162087418748,9.9028436083249,15.0577485003296,18.584788689596,25.7659996676369,40.9434659045295,343.33638402295,54.591287872706,16.7315606056843,7.2617134739113,14.919520410036,5.54530847098681,14.1553430915776,8.09246291498346,13.9660247081166,14.4881190897284,37.275896956517,25.2968834497721,104.54324282814,33.5570902905141,23.8314825069642,8.30053557609548,70.1076004811757,40.8641751438547,18.5621105457949,11.017106907726,39.1297245343373,37.23022334335,35.411897160025,13.814947522038,71.4609558185419,80.7546477879129,94.9901010371106,33.5213352706754,29.2844378758689,9.34609719442624,12.2846739980286,8.29187396351576,28.8359199029727,41.7068884433554,34.7592335516812,31.2022565074108,131.148926754257,59.9182774365419,31.9511639650698,37.7936417755601,316.92315292839,50.3915223674135
"34","Nong Bua Lam Phu",1.20578051177344,14.8712929785391,15.8761100716837,0.803853674515628,NA,NA,16.6159513132607,1.60153747597694,NA,5.19052210663329,16.1704727168191,NA,NA,8.55095174081469,12.9258572826269,2.78403079933501,4.57639905835758,9.15329986409339,28.4548234905512,0,0.594968710626285,3.76184734423477,14.453413480481,0,1.18311225566267,10.648010300964,35.6905530458239,6.70430278208847,75.0825579779373,396.176581562068,977.667903408376,28.6913595774116,2.94541153941196,3.33284974337057,10.1945992150159,0.980249924520756,0.979743230272726,3.91593275560272,26.0409528247581,9.20244197566639,6.84524625304865,6.44983494286033,29.121982014733,3.32264224329168,0.390535756477524,5.66276846892409,17.7693769197273,2.14794666062638,0.780566568911706,10.5308319357229,44.2684972112797,7.02055462381528,6.84707830117099,14.5248984238522,60.0624178067403,11.5806622568552,6.08855274447749,9.03731033927242,28.0942473590425,0
"35","Nong Khai",1.44025490296006,7.75521870824646,16.2859592873176,7.20127451480028,2.76451795001931,6.94691782898894,35.6167374406893,5.29288977446776,2.64576486247297,3.63736566547258,13.0063378341141,0.992008817856159,1.42603544171071,7.0103413488554,24.0980483866904,7.88663401746232,9.72501653103392,51.1895188969737,108.851275815404,6.07998117167121,1.75925634421004,1.17087106953218,26.1494538862187,1.5611614260429,0.582588752541543,3.49553251524926,17.2834663253991,5.04910252202671,10.8428045887002,27.8389977960793,169.353903259483,4.25318021884545,1.92463143308057,5.19650486931753,41.1871126679241,1.73216828977251,1.15419965402006,11.1460653428472,64.5703095723562,30.3634193822389,11.5102231660717,6.51483274125,18.0115964022794,3.06580364294118,1.91556980114215,4.97986029576539,20.6855735362563,3.0645294127787,1.53218843213442,5.55224760726847,24.1235585695113,4.02059309491854,6.35596254388797,31.8880632349957,82.5224424323828,22.8047967377545,9.67278948726402,50.4988942483501,107.382706160285,5.99795295670058
"36","Nonthaburi",6.24883444591878,17.9653990320165,85.2380073638608,33.5874851468134,15.9207575410364,25.9359751926672,123.59964734674,40.3765181570827,25.6537678664276,34.413317861254,127.820894913229,42.2977707405171,19.8165561453628,18.7884107273656,55.0945184130963,32.221670571086,34.5275721853773,16.7464349245119,60.2159043030321,33.8491769750772,17.0402441247573,23.2991408222845,68.4959703873176,14.1021115503301,8.69604266055783,5.7944893541393,29.3183864336302,22.5725630064232,27.9464305965047,19.1673694702139,49.9203489313127,22.7452784379872,12.0004560327573,5.78029355514023,10.5553186659082,8.87987125862123,9.47451349572917,8.33385591835792,46.0424911133041,76.2424046392348,41.5139696843073,5.85491996243093,14.9625732373235,9.02633494208102,8.7089054065485,5.85736121865208,39.1560585575646,23.5899205244344,16.6583285308993,30.7415834049188,104.552994459403,33.2704540192052,27.3657829927801,8.92895605622109,46.6028846793996,37.5172802713149,26.1383906933575,14.5890580512588,52.4585278864413,29.4885215929699
"37","P.Nakhon S.Ayutthaya",8.93899399509933,8.15025923082586,20.7700154592014,11.3051982879197,5.08075722749939,9.101239588832,36.9250291889755,36.404958355328,41.1342101163224,48.7643148420255,79.9837968308356,28.5103533864753,15.014740297491,9.33389251447393,27.7459544608335,14.831938790123,17.045042622905,9.14108116137436,33.0094597494074,13.5846622814869,8.84499969758141,20.4156474595751,55.5759291955101,4.53681054657225,2.25642842016646,3.50890384350289,27.5699587703798,35.2143564294397,34.6768836311526,16.6749834183467,33.598847186221,11.4484960782679,10.419993477176,7.66985006680192,16.7004799841655,10.7625315453511,8.89315840893212,17.7707572317109,82.3131602329944,74.7852700167835,29.7913712866146,11.6728840133095,25.557472365983,8.47819996756167,7.35400563592992,10.0313050116155,33.2745727214564,8.80797513215021,10.0091800466489,14.7527152311421,92.7836057099104,33.2850517198496,32.2131216674666,14.0400054694978,26.3707928818393,21.3652257144531,14.1413280172486,8.77500877500878,31.6875316875317,13.040638040638
"38","Pathum Thani",2.23004472354693,14.495290703055,48.9494816818551,NA,3.40990649059799,3.65886467581383,36.8038740920097,21.4151197202045,20.2711320788843,25.094732615624,79.2575305110124,19.6575405489055,12.2679367097749,9.43546497058266,24.9583266963799,12.6820765733638,16.1470195450405,14.6404483934086,35.0183698058558,12.0684777297017,7.43246692798197,25.6326674321,39.5613621876563,4.83635234567925,3.71734431698505,4.08295811264786,21.8390782769537,14.3378296513913,24.5505206809697,20.5761700019924,47.3903643937292,15.9209279200937,5.52444381176523,4.1124095155673,11.971681034207,9.68700908111408,11.2376148436826,8.99785491138912,43.7295748693511,59.3858424151682,23.5818764134281,4.6053767773876,14.4360848983496,4.25111702528086,4.90978403579453,6.36947121173518,13.6987257567455,7.94002575709454,8.45099832199325,26.2116665119749,97.627715270831,30.8524205829475,19.8883241534493,5.69528362512453,17.0858508753736,13.0906519144653,13.9145648341411,12.4363477471724,29.7463993412097,10.2515839537502
"39","Pattani",10.1911866617749,7.99616184231569,18.9712859396117,14.7380237877975,32.4658595015374,46.0937852808217,70.0750114066546,27.4071155723805,32.247256156642,22.2351240843452,50.3378503576149,21.771892332588,43.1965441267221,28.9961679274913,27.3174424158997,15.2611410144691,48.0290213303572,78.9769173379956,296.917036556968,57.5747756166304,14.9898292005481,4.61573967228248,6.55137243807836,4.02016035972991,4.43199075294715,6.33435370441843,15.0256762290856,13.5525707164301,36.8556664639734,38.910732658492,65.8713526653123,31.9155447648305,29.3698826140354,18.8754551362131,123.33885188243,45.531632236972,23.3493425053534,6.56241930720825,25.3937094931102,21.9698385502189,31.4506145767284,14.6520972223005,92.4209209406646,146.098315572362,135.637500538307,23.5350804997236,19.9142988843815,6.82378073660624,9.11968712930215,7.72303007568569,29.9267415432821,30.2025640459851,43.6842949105014,23.2777559692293,86.2241138268493,29.0627604112863,45.1374626850005,71.8220458043726,270.017996630943,52.3588196512793
"40","Phangnga",11.7462644853718,20.6572237501367,49.8203631620944,16.2017441177543,15.2633111824961,38.410293958781,62.416727683019,18.0048252931786,27.840306702222,31.7893005161788,50.0681483129816,5.56312759033128,11.4733682137629,68.7442713107241,153.686905401561,21.7295110464933,25.5901227718722,34.1268813914353,156.120675790704,25.8893582969509,12.8432029015262,27.1852050347,69.1280928025228,10.4857219419557,19.3083819223775,59.7486701102459,105.620229743273,31.6089738647753,84.4450751718408,195.89088265677,183.647702490722,17.2169721085052,16.3616674662429,21.5848587895817,26.8864030536895,1.51472693260223,25.240773916802,28.2401846531541,153.250068717783,39.5362585144157,42.7043824506404,29.1598595840608,77.3857812038536,7.10304271919429,15.2869073174834,30.5696391291381,80.8977035490605,32.8064419922458,42.4483304652379,67.3393157432623,100.822953405658,21.2063038528506,51.4330687141267,61.8874170950941,128.994254909052,23.8602090005182,NA,32.4607486120232,148.498597098681,24.6253954987762
"41","Phatthalung",12.5357417875968,7.16328102148387,5.96940085123656,3.97960056749104,7.53496036266718,17.0253539194938,67.5075079831093,19.2030154673361,27.6289718939983,42.3414215295297,47.2648426376145,27.7680950495985,31.0453963305996,53.3821099278949,34.3451074903736,20.4108067371363,39.9590767164954,38.9384479017264,237.348428667307,83.9426841700534,41.7313587353471,15.5493185511145,27.2113074644504,19.0479152251153,22.4591203169935,24.9024653440691,45.7510409809641,56.1753287994116,86.6653683795845,55.9164826803018,114.138799697936,36.8933493973125,34.8786562938292,18.1740615966774,52.4178197630485,36.7307350164428,26.375741985209,11.2654972189497,45.4438701374582,19.6668849754546,27.6566882928137,10.8601009417803,124.795896787125,92.2155939617839,104.195452205809,62.8518752714058,47.8055172518875,11.6180739138053,11.2402063224449,18.4809427186038,46.8691949358406,31.0556047745611,32.8302473208944,25.2352904065749,103.426455378462,21.2205851146198,28.7023516426137,38.0831360601369,232.134894678121,82.0988209537625
"42","Phayao",NA,4.52136240980396,10.8923730781641,0.616549419518722,NA,NA,8.61739976117492,0.615528554369637,NA,19.0918048940713,44.9581212021678,7.39037608802759,NA,31.0505362900573,72.7939724945713,12.9548595117457,4.93482950621741,4.72791856468615,261.474452794817,10.6892071897252,4.10706940712409,6.76063263132017,22.7403097598951,0.409735310989101,0.409735310989101,2.67080847426984,17.2575316798974,6.16340417139194,6.39118722214975,16.5134357441573,166.579283069187,6.8117922444649,0.412835893603933,1.86472459053756,13.6746469972754,2.69349107522092,1.24314972702504,8.97351352704993,39.0243495246125,13.3559271100278,7.94286797122794,15.3007755187592,22.4271641165374,1.46719765248376,0.420030732683422,3.99819029281483,10.9424155382301,1.4730174763002,0.631293204128658,4.23409462354665,27.9450245154079,4.23409462354665,0.425674381722099,10.2705432261488,67.6144095721463,8.77275567233544,1.71832362962485,4.95150751875653,273.839894080796,11.1947126511017
"43","Phetchabun",2.60643528872787,15.6386117323672,52.629943330082,3.80940542198689,2.20701502197345,10.7404808724081,59.6247255907515,7.12686113963529,6.62998981334245,47.6322070091697,141.188292928024,8.34066072101495,3.41491947296892,19.4773054252327,40.3601895924926,5.92351041282852,7.15687698174158,24.5254625774747,183.486794098144,16.7540197031309,8.05629004999857,29.7876023194076,80.7083008789355,6.54119645527532,3.4196498816833,15.4867723856769,35.2977734244975,9.25183804858623,14.8674437929035,85.1570635675387,212.490974656736,2.81178983477722,1.1034441771863,2.10634853448293,12.9389981403951,1.60483697865366,2.71047226436267,6.83263951898218,54.3596761730788,15.2729589247837,6.7316034861044,20.1942871265941,61.888959552149,3.11454179564386,1.00541006792051,6.53568483922215,38.9124620427534,4.22305789611278,4.83270121809037,16.8270272285483,60.6579065364436,5.44107467270424,6.40077058524382,30.8572825223537,169.969651913559,22.5064667902316,7.8616749728713,24.8371784965228,185.818890973985,16.9669614420691
"44","Phetchaburi",8.33221871635592,18.6378576550067,16.6644374327118,2.41195804947145,1.96367536190074,9.58657878969443,42.7038509722752,14.5977449752165,22.5843245775812,25.3664586038908,69.8119629953235,10.8403669247397,13.1730306977712,29.0927584891592,65.5125820792918,16.3781455198229,17.4074084168701,34.7580560377103,30.252382106896,12.2296863836388,11.9639710026865,75.7133046404791,259.558004922431,24.1002913362652,15.7323966984482,24.4116267271226,80.4522306919953,21.6520515318826,26.4092793367605,35.4286871140804,68.9594088470493,26.5715153355603,17.184074017186,19.4321223429707,39.0731922380163,34.4763460923674,38.9673673618235,70.9452993017817,383.437497399366,121.293576225627,31.5731777111421,14.5115314848406,49.3392070484581,17.4138377818088,18.8091323353508,25.6042816966553,135.454909621015,27.256170838375,29.6965937769264,36.2743744216195,86.1516392513464,35.4499568211282,35.1787063281837,37.5368369097021,82.3321781942086,49.9799872665095,17.8202439554411,33.5490551384934,29.2001035464665,11.8042971783588
"45","Phichit",12.0777301077982,11.717200850849,31.3660453545805,7.21058513898403,4.32880270732237,21.4758027258027,88.6102448602449,39.5226957726958,26.9180524661546,34.3460600549898,124.911197357884,37.2383598490943,16.2767541050314,25.8734552823463,45.2333134306754,13.5699940292026,12.1768749917551,8.91414766194641,35.6565906477856,15.2813959919081,17.4710500040799,73.3534160303607,240.992364328034,13.8333985565941,9.65431766268805,16.2155760628946,58.6675898005848,23.5034754170045,23.3679913630982,35.4310072450931,68.3051376786846,8.03589855043348,8.0528761580286,10.074053451096,47.4396335242519,7.50974893627154,5.14362329561422,28.51980378375,68.9995252832661,48.759664533508,31.3334942737143,16.0555707294027,15.8710239394096,7.38187159972539,5.91659046563124,12.6072076147534,66.7440403134003,14.6466088465517,14.1338219447205,41.9532696513777,158.303670817865,24.7990438383699,12.7366711055118,10.7080460633841,28.9305104168624,10.7080460633841,12.267822453312,9.25584865742971,37.0233946297188,15.8671691270224
"46","Phitsanulok",1.90095320922485,12.8314341622677,32.7914428591287,6.65333623228698,4.98577117687102,9.12327679666349,48.2230344966499,12.4408319954502,8.7566332421041,36.4255210446083,127.371058977413,41.6291669081237,11.4377503292199,18.5949732373613,47.8997095418104,10.356693954986,9.51997673588214,14.5649827275749,57.0853355290436,15.3871994944541,9.60764090136237,32.0703393837813,95.1576128431175,9.71473784253229,5.6107664428023,23.3542275822769,83.1410501929059,29.1927844778462,23.3055821401116,31.548752718315,85.6822214047228,10.3610294905167,3.01848163772827,1.73730953296487,9.96057465566525,3.59043970146073,1.50346291009398,3.811684313995,82.0089655435289,41.2354939423096,33.5042915109071,8.89794861839125,32.0095034713555,6.70235090735964,4.04025872094978,12.6890231874596,47.2954500623492,6.57522110622904,3.81065216257425,21.2656039258154,105.403428154042,15.9492029443616,9.12416199593104,10.2415474860532,45.7926663456864,16.3629321903609,9.19839075859104,14.6332713386139,57.352982827148,15.4593431077292
"47","Phrae",3.21974087525436,33.9146038860126,78.1323785728391,3.64903965862161,NA,15.1032305810213,48.7618587330116,2.15760436871733,2.16213772386803,22.2900300807202,84.8319591421585,17.5290527819256,6.0694505113139,40.3684379584856,100.704060283534,1.51924228876021,2.61200766052939,6.97547683923706,53.841961852861,8.06539509536785,1.09155167943956,3.05939375927379,16.389609424681,0.874112502649654,1.09484424187022,17.5410130812105,118.182575634656,10.9631331757566,3.52358489527245,49.5504125897688,152.395046720533,12.3325471334536,2.65029957697077,6.85316107581365,58.3624040004775,3.97925481821438,2.21568262879957,26.9002467708588,244.325381827883,19.7861319223672,9.80533643338974,4.91549811870481,10.9481549007516,5.13892985137321,1.56898984403185,2.9207575995866,7.86357815273315,0,0.226384681906883,32.5993941945912,55.2378623852796,2.03746213716195,2.50835262809175,8.91734308905911,73.6252429404367,10.060592203041,2.98410695373526,7.3634313590133,56.8364858023839,8.51396750885913
"48","Phuket",4.75438830040127,11.7274911409898,21.8701861818458,2.85263298024076,4.90403101687452,25.381797275891,89.9066072182162,18.0424824009345,43.2331322261525,55.9668723746923,111.040656360427,27.9834361873461,24.0004211098865,26.0818913428407,28.4002816844265,16.2287323911009,25.5282018335568,38.1520826798023,109.934519721801,9.89128069476356,17.5555995435748,11.6374115071833,23.5519042407282,7.75827433812222,17.7001351794168,41.9460816947299,29.4975671272617,10.5541753941579,19.1051840342878,200.600479961096,316.626317514351,46.516053324312,47.4708405055371,18.1063359242638,108.120691662032,22.7622508762173,14.5551117911966,23.8476389568941,83.7204346359049,67.4837442822749,53.7516013905742,25.1233156806802,37.0631092714985,24.8745699808715,27.2679312234381,38.5167633242405,77.7648575976753,33.885000646009,55.0741162379501,52.8107311405678,82.576779601615,32.6466337959873,44.7639995240782,21.231883533468,58.8702225246157,23.1620547637832,30.6913645107473,32.236111608582,92.8877586350992,8.35751041703977
"49","Prachin Buri",4.39572032668993,31.2096143194985,40.6604130218819,NA,NA,34.3942583357097,107.971848952608,18.0678698852146,28.8354749271904,56.2948464233286,120.600882529977,9.52682016394791,10.0997454183434,27.6484658316401,69.228329175347,10.5021304321734,17.2693018290268,54.295520938908,189.927861480415,24.2732917138647,9.11685000635272,43.6920868775988,106.169660383731,17.7301222111995,9.0431955604232,39.6919568134709,118.025818672861,31.0815323195434,17.9795381936005,39.4313539767251,148.128366790872,10.8488381311625,6.64878456555474,16.5907983284771,51.4314748182789,8.71016912245046,12.1827593325061,67.8589770826415,295.361869855145,84.3596402030407,37.2408626025948,7.79416832121819,26.0489309682818,10.6657040185091,7.95997491827029,12.8142543324384,68.5460906354243,9.35643967130421,9.11053959092608,20.2150885420878,61.0495673971052,14.3527128648823,23.6872215362033,49.4257297384893,197.095225555533,29.9795409889197,15.9585997449765,51.4813506283753,180.083783374552,23.0151920456266
"50","Prachuap Khiri Khan",4.24595825212096,15.1641366147177,18.80352940225,4.85252371670967,3.01411073114044,17.187006622993,90.3317092278238,20.9841359931891,26.2471043762487,63.8809037759169,58.3260425780111,9.91939499626039,7.68575330959388,36.1397981670837,61.0841153802339,6.87441812960832,8.79642939496485,25.5575845546347,89.3539979085702,32.7761389708292,16.8854167290668,27.6568997195629,70.3993811043419,13.9251523063534,10.9857630523716,18.0675071260939,37.672674433132,15.7610168546777,20.0614200085641,20.5672367726958,35.9926643522177,6.66530821337366,5.10757655747615,8.78966335589347,21.8806513327561,9.53771981171419,18.068602793836,34.2888492662186,132.521768785656,57.642335793481,28.280565295757,8.27237816165698,21.3243525944935,12.868143807022,14.8206265981154,12.2081211337154,37.7176279802848,9.29274892267886,15.7512345400862,18.5881656548448,36.8153960542558,11.5499281738842,19.0290964557526,22.3361020414834,45.9433643617504,14.1643573921602,12.8670083418858,23.6816463625172,82.7953743055945,30.3703556404801
"51","Ranong",13.8284279289993,17.7003877491191,29.8694043266385,8.29705675739959,NA,14.7759797295448,37.7608370866146,10.9451701700332,7.69684763971314,9.35330171550557,39.0637895176997,8.80310749694642,14.7636595642229,30.0416759977933,41.5121341060417,8.7393966539035,9.79979403671424,29.9158548591507,54.392463380274,5.98317097183014,6.02251324952915,13.1400289080636,12.0450264990583,10.4025228855503,15.3250466459398,55.4996109305625,40.6234265574221,8.5824140614272,19.8313315577729,50.2572152985222,83.573796226756,16.9406343702884,6.55605573264724,28.7944714614794,36.2597048033444,7.46523334186503,18.5308087912052,19.5607811624391,78.7717944109033,18.5034416401451,21.0603674798157,8.92861832257522,30.4623448652566,10.5042568500885,15.6719402870242,36.4834156816144,34.3986490712365,10.4238330518898,13.4700159237378,50.6800434400372,40.3371774318664,6.20571960490252,20.6004230068944,29.8396888440722,43.7305784783817,5.14477393863314,10.2821072797202,28.2670257435513,51.3945922610023,5.65340514871025
"52","Ratchaburi",15.9963821716111,24.5358042331479,75.411515951881,15.7558350712861,8.63423827310498,13.040445720042,85.3012642054121,34.216215375523,37.2266351686727,81.4146026668071,217.784062133709,46.8133965334141,26.9832382616816,31.939933855734,99.3951672973214,31.3440395673807,34.0991871642087,15.1895609742205,62.6569390186594,25.5137156988859,23.8841683045842,31.064300740228,116.69782939675,50.0808498625729,36.6357167155001,36.1107647718905,91.7472199416111,45.9912346117563,38.0189913360343,20.9794225853446,69.0328486188156,33.4029912671688,16.1407598619243,10.8309530201652,61.9899226047751,30.649292588978,31.2989982649503,77.7169608069688,324.778719348649,72.3135626443541,37.7868767736216,6.76827491585543,16.060313359657,4.12979486391179,3.66595357474283,3.31990869106304,35.8321179414734,20.8352890266715,29.6588578666891,30.6951887582307,93.5745119980392,41.919548826539,59.6169741451533,30.5988752037528,88.6907247447122,58.6670163680976,37.6440755395918,14.74177138507,60.8098069634139,24.7615691233598
"53","Rayong",9.59775138396147,34.9632371844311,77.1247879068332,20.0524448557766,11.6692075944884,25.8909839242046,139.811313190705,32.572528162709,25.6475119102984,83.4837729437424,199.64221240167,30.224066525621,23.5689170194802,36.557993109856,70.7213578500707,26.181270174744,26.6191559050081,52.84318275901,209.491074676669,41.3964399061681,25.4540154134939,43.8951137807555,117.977744407223,39.5826113742251,31.0635198104962,50.6639242612141,178.004295090893,64.5775989836968,83.3614340050825,62.4265079856997,133.305060995592,34.6978690466835,20.0505187551144,18.7228138212102,42.6705989413628,44.5573941326475,54.6080868113707,115.820245835969,343.176388093507,107.251547007168,66.7424095482459,27.838860800072,44.8514979556715,14.3412313212492,10.563519735532,17.9727809145657,41.4756482643824,14.10172040989,18.6667177505528,46.6823544783077,109.424527698424,41.7827487604678,42.0984820994056,45.9863740081238,204.308963701782,69.0469897130774,38.8848220679264,44.8530165317305,177.81492607238,35.1370811999313
"54","Roi Et",0.382090939171887,14.0609465615254,69.6933873049521,6.72480052942521,9.17549540272658,32.9709335593614,104.879698166786,13.616766063959,5.19947396465551,17.5819606026485,68.1874298154888,15.0593314727032,2.74987962116167,11.3002287532794,42.0704462368711,3.51223326115439,3.44730646230827,13.332740767077,97.1604327164004,8.81186889778079,3.06067923722783,16.8886647256165,104.083083060134,8.48254201150875,2.59775776476304,8.55642427029744,63.1800256387142,34.3784903717308,27.3577349147539,62.5230257475629,229.072748368516,8.78991193272584,1.14659906322839,3.36348750846605,22.4742119883868,3.21060171262668,2.14057319908179,18.4253300121867,92.0501964094307,33.1808847522367,26.0715625729718,13.6094887190336,46.9450903004868,12.5390794939411,3.5180868335201,6.19641250665541,37.1019761200972,1.83597407604605,1.22550430158133,16.7022803209596,77.1522765284693,7.50836454795432,14.2227998777431,34.882646460913,208.756853323477,34.5746319226268,7.70691903878655,13.4257912536371,97.8385247678843,8.87336778257625
"55","Sa Kaeo",3.8951138578877,20.5884589631207,37.6527672929144,6.30637481753246,8.87725119625703,35.0925797663573,42.2957935078727,5.35623585907559,8.29812554408632,37.9757803008935,92.174224031295,10.323513091505,4.59921324154906,22.6061385774674,34.3686822275317,12.8652821172579,11.9166007389111,28.592584989626,103.739763488002,4.94871663281989,4.74523784652744,39.0267387871073,92.825280573073,9.30076485113305,8.90682359688435,19.4214583518624,90.5729693231713,20.3290031346597,10.6938256357093,25.8970240154151,72.0770318750713,9.59819771200698,2.16701799335102,6.28454253917066,23.3425865740624,5.7458674643846,3.7579400081234,11.8064388023978,162.606861687569,44.3635882271917,26.7565668391553,9.25368990885115,12.456890261915,6.40640070612772,2.30866578120856,14.1820837735689,65.9466895470952,3.19096884905299,1.94311518275604,7.76969219658028,55.4473488574138,7.23994045590435,16.9143010425056,47.7782234701609,174.533137228685,27.0980968935241,14.2421861017442,27.7584022548364,100.713177411778,4.8043388517986
"56","Sakon Nakhon",0.718736748291203,15.4528400882609,53.6357298412311,3.32415746084682,1.79397280740768,11.0211696059439,47.7584016257569,3.04650216749669,1.16387169200847,3.57638122077985,13.8584772305219,1.60937154935093,NA,6.14477627225812,17.9000004452736,8.10398030109404,NA,24.7473852785105,60.1770951376729,0.356077486021733,0,1.41696496731239,6.11066142153468,0.531361862742146,0.441595787577483,0.881583888878114,2.64475166663434,2.99738522218559,4.92126921104476,24.5914093424521,40.0488666434219,0.439132309686644,0,0.437545997022937,4.72549676784772,1.31263799106881,0.262282317185996,9.68629493982716,56.1106995162961,5.58489077611656,2.87703476730373,5.04579493889368,24.4460065142953,1.21795050249158,0.868267420761833,8.07094096757564,15.7947446892341,0.694274491834464,0.520455761755657,4.94195371903693,17.6002913151666,1.5606169639064,2.87284023612257,16.9146316795357,59.2012108783751,1.48220999253664,5.6702893597758,24.2522372252649,58.9730660585578,0.348953053600934
"57","Samut Prakan",14.6414183541271,21.4740802527198,46.2313876515165,24.0474204482936,22.3546520883481,26.3244144125297,114.624519710187,56.0483392955517,35.4249636718356,31.3545599408988,143.371946688658,58.9293921081002,34.6386445279501,30.5438836294909,79.3128469937056,35.0157781940296,32.0572574499939,32.0805037802635,73.7186706038698,40.6408454625618,31.9724267039993,44.9602796365902,66.7864517510803,15.6952248913187,10.4487992601684,10.0675735536924,27.1421783007547,24.0010953520026,39.7700714847338,36.3051215587422,47.4820257940754,24.6526043772245,16.5814008924932,11.9595719567579,17.2749372708726,21.3396283934308,30.3438772870828,29.144534472109,71.5857796317584,83.568280542042,67.2076339480157,13.8087194815856,12.0540203209421,10.9096513031311,10.4553109610299,8.14106352441716,31.8858321373005,12.6638765935378,13.6737637910795,25.281159959104,47.8854912166558,20.7454224370295,26.7659781639999,10.3590214868304,31.743001556073,29.5972042480867,29.0057826885194,28.4566541019972,65.3913269131386,36.0500099893177
"58","Samut Sakhon",21.917971459822,20.215604744496,36.3880885400929,13.4061378831921,42.3305685438454,30.1163243026189,128.203519427121,54.3766966575063,52.6646278819739,56.33442425393,127.938985485116,77.1760976958601,32.6024547257079,10.9781311561395,45.3356157003539,31.308003667509,57.1053242256407,19.034337945654,53.4965076998906,30.8556636171654,42.5574840618523,43.2379739471553,109.470688584389,61.1227722616605,40.011218047051,35.6141124289402,81.8162042286465,81.2386780811501,80.704986649659,28.3894887447898,65.9914605921935,38.7300310028258,18.5858741654741,9.1666758333425,33.9167005833673,25.3000253000253,37.4937467079104,34.4877757001288,63.9460841106555,110.648280371247,75.0441096867906,10.0270025419331,15.6561969514394,12.137950445498,6.42491215616193,10.0352271075707,67.4782512405617,33.3930833062267,47.1086734762323,42.2436690080263,90.3022560171574,53.7024780102035,88.4571177807164,40.6005469132496,62.9479067688618,46.7418061102117,46.1931568438034,16.1898058757066,45.5018754611964,26.2445274195665
"59","Samut Songkhram",13.3874322904867,14.4172347743703,30.3791732745659,18.0215434679628,12.3639183445534,18.5515372009853,98.9415317385882,52.562688736125,30.9430564557688,16.0085103306532,50.6075487872262,6.19684270863995,2.57874465192404,6.699062646542,32.9800007214375,11.8521877592666,11.3354892998532,11.8504168255309,18.0332429953732,12.3656523396845,14.9436992263835,59.2655198359118,132.445553024603,41.2281877119387,23.6997247468382,14.4243648127923,47.9094974139174,31.9396649426116,37.5976650512199,35.5323936989222,46.346600476855,30.8977336512367,6.69153643225411,17.4918714244557,28.2956743630901,27.2667407498868,35.5380878646639,64.9253615981945,158.706439462253,76.2615358454982,37.6288009905496,8.25159100989159,7.22014213365515,3.09434662870935,4.12727249336712,5.16019835802488,36.6374083419767,21.156813267902,28.4226064006384,13.4502470189597,65.6992835156876,13.4502470189597,25.4396706842769,8.33107699997917,54.6726928123633,43.217461937392,22.9698861877825,12.0518544135987,18.3397784554763,12.5758480837552
"60","Saraburi",2.7608338367795,10.8809333567192,26.4715244350035,5.6840696639578,5.97659283988177,5.95199794093044,39.5727430667267,13.8343735924329,11.3707675563746,25.7872033451552,72.1388853073329,17.9531162529561,9.7468620482618,10.5282935741775,30.1271169968771,4.85921241885115,8.70891446558386,10.4761996860364,61.084302784735,19.6630209491759,11.3717633937926,34.8415906304889,58.6553383549974,9.90907623435924,8.4366187107135,7.7874688501246,47.8373086507654,24.1570462289579,13.4460530169841,20.6800745114135,86.3511508224671,24.6266536166451,10.3741208781754,12.5456150723019,51.437021796438,10.8205929998604,9.70058155558558,47.1827080062181,122.17509159226,58.4315655441244,26.989095974485,5.29562021057878,11.9930222416049,5.13986667497352,6.05565372940108,3.41072580245076,26.2005754824627,1.70536290122538,1.39338082181601,11.7663269397796,52.1743707724439,19.9717917793628,15.8292164417274,15.84274060774,73.7774685164361,35.8791478469405,12.5794695088497,10.093747622146,58.8543130583589,18.9451878446433
"61","Satun",1.75758044445694,1.40606435556555,NA,2.46061262223972,NA,12.4822734380689,33.9795221369652,11.0953541671723,12.6569378399547,65.5064295242937,64.4828915629766,21.8354765080979,14.5541190094097,22.210032877579,16.8257824830144,10.7685007891292,34.2623480086469,92.8791542689581,178.128949437252,36.819950442337,29.9943409492499,29.0964727882594,38.5773459439844,20.5963796141612,31.0875655124057,48.0966322673527,35.1847846788016,24.2097142285332,22.7579743100568,32.6219404937427,56.9284843910411,10.2343342725467,10.7950172850522,15.8266413018362,23.4234291267176,7.28025499884466,6.62867347402416,3.46334521365691,23.6137173658426,12.908832159994,20.0475560915875,10.9477635283078,64.435408195183,15.014075695965,7.47969540711522,7.15231952832008,4.97552662839657,4.66455621412179,4.95232392592412,7.72592139338538,16.378953353977,5.25362654750205,8.64082678884291,9.87355676369493,29.0035729933539,4.628229732982,26.4770797514512,86.1976080163775,165.31469823141,34.1711946064925
"62","Si Sa Ket",1.45529036161193,21.6214568010916,62.1616883031384,8.38524446452591,4.99210386157593,28.0974488903936,87.9692967728866,10.7533446370642,6.5067127716306,25.6508647660136,73.1499054513273,12.4451634983355,4.55156234468082,20.7233053190046,58.658658245156,3.30471314057217,4.88899657062384,29.8856289375521,122.916699662513,20.0385207853172,6.39503640303488,30.650657926315,97.711828959729,7.47409779411261,3.83492816515,13.4060359993105,58.2752177112887,20.9298317132093,21.6492042918497,75.1426584394214,216.077798927528,12.1484043616867,2.31748326807418,5.85512779837663,23.2162625493771,4.6977188149766,2.31346046821075,15.8466641411754,135.750822428267,50.5324955231473,28.6984827186729,2.51353402204166,24.59187340484,4.48360122850674,2.71602338443772,3.46229593669022,30.2102292515127,6.10993400592392,3.1909184667423,12.6285000804558,100.145363541249,20.3685485168641,17.0675089631338,28.1095311878677,118.539949814203,19.0596333420176,6.17332304708979,29.7758713901902,122.465277491911,19.9649275911183
"63","Sing Buri",6.49191061566498,11.5926975279732,19.9394397481139,6.49191061566498,5.56581138925134,3.24749131296074,6.49498262592147,6.49498262592147,21.8235899086981,13.4696398961444,30.6550425222597,6.03811443620268,3.72128459146813,NA,NA,3.72680645296537,5.13607128431101,3.27735302242178,21.0686980012829,4.68193288917397,2.34503977187453,6.09710340687378,15.9462704487468,0.469007954374906,0.939175804297329,4.70167849922422,3.76134279937938,2.82100709953453,8.00464321367513,8.48424287559272,29.6948500645745,1.41404047926545,1.89028300267261,1.89191490166772,1.89191490166772,0,0,11.8715216441583,31.8156780063441,8.07263471802762,2.852555637168,0.475991013289669,0.951982026579338,0,0.477607378078777,0.477607378078777,5.25368115886654,0,0,0.959481112614298,11.5137733513716,7.67584890091439,15.464497342436,17.4843854724184,58.2812849080613,9.71354748467688,2.44467696038645,3.42254774454104,22.0020926434781,4.88935392077291
"64","Songkhla",11.0195748406502,10.9440983006457,18.2653226810777,14.491495680855,32.0653606382812,50.2332740416,79.5796874906421,20.9617238921729,28.3294961854927,28.5724064960557,86.4612925740018,36.087544662987,44.8535196587905,48.8569464187416,35.2978541999657,21.5176898254488,40.3167030071434,58.6681882356384,273.443500779073,65.2519001324058,39.3784486301088,16.466290529199,19.6579944203213,11.6061959677174,18.4600647351137,29.7145817294894,55.8317564699365,72.3078804797502,127.148075050669,133.661313791521,165.77428293524,13.5588091940144,12.2874744292838,13.5405582254638,52.7443734018065,17.1560999505876,22.7592308908704,12.4167513263348,63.5653008240208,44.3052263235128,44.5355453651234,16.2192904235973,133.124565554721,135.09054015152,175.16621725637,55.0038111777796,39.9266243574745,11.4474936968983,18.3292963383451,15.529593974239,56.268663368543,45.3352720951999,47.8325123117854,24.4293575078975,107.377175980272,45.3588070633742,41.5922282343548,56.0237395357155,261.118127661477,62.3106928501973
"65","Sukhothai",0.82603531135749,4.46059068133045,30.5633065202271,2.31289887180097,1.32368664373273,13.4146604020755,17.2237615038994,1.82174400522012,1.49272448413729,9.45566867336968,69.1756813472835,9.62155759746389,4.48385127012889,8.80723456158251,34.5642412982861,9.47193150962647,5.81844488654479,15.4612438155025,42.5599829760068,8.81124647550141,6.80747047237657,36.5084027407854,90.4412704260365,6.80383869260091,5.47542780158325,8.29582238976096,42.4746106355761,13.605148719208,12.945733149683,42.1604753842579,51.6216844271819,7.13740331308303,5.48228791148551,6.48150610258728,27.920333980376,5.65054378174276,4.32756503680359,29.821851920344,36.8191579575197,20.1589054880538,17.6753325564291,9.01022660719917,26.863823773316,5.00568144844398,1.67144079373238,1.50688899418508,27.7937303371915,5.3578275348803,2.51701468903226,11.5952355345236,74.1086792858679,18.8212518821252,23.0311057552962,22.7936511176544,63.6181008806174,14.4586592910494,6.826875537133,15.8878760130656,43.7343683800517,9.05438095368257
"66","Suphan Buri",7.12095173893641,11.3935227822983,26.5848864920293,22.0749503907029,10.5503717113602,10.1835646739246,37.0634388713768,26.5246335692921,33.1531090485407,25.1009365490948,49.0178666571946,25.5745391254928,12.0634613762496,11.5859786014069,23.1719572028137,17.3789679021103,24.9623810161354,12.8985992594547,25.2055196537969,13.6086138975899,12.8721446973287,27.1447926845964,73.054898572892,12.2741671269479,14.9790470937648,13.6781807076336,19.2202022012438,21.9322552725849,29.8098296257935,14.3689498770984,24.3801034799948,14.4867281547795,5.18009518117315,6.23750292750727,14.5934030756774,7.53207900680123,8.24370635711718,17.9125513954702,62.9296213498757,48.9059791389484,21.0606431401267,7.98119255448631,17.370830853882,5.98589441586473,6.35480421836519,10.7220284663965,36.1721180130078,14.1389386370063,14.6334886954624,20.6774157720238,87.1996162271633,45.7266280215612,37.8700331240306,8.46620909390099,25.5178696633072,20.5096896359292,26.5431811397329,13.0482666155909,25.497988891017,13.7665198237885
"67","Surat Thani",17.7242112725984,20.8156434713074,32.2539426065308,13.0870629745348,19.1193801819319,38.2313525561116,58.6688575129692,9.15112162247353,8.28279508725091,23.6365958876346,57.9348052394789,16.3947452326998,16.1229546491413,21.9915772259225,21.3918069379428,9.89620975166511,12.4774951652618,30.531665981598,149.496474531255,20.0580200461631,14.0276657381852,8.30655690284651,9.67469568684476,5.27710673827896,7.4795534675815,14.9251995518563,51.4628633898423,29.4627315828853,47.2999208189489,45.5668457937187,59.5060707728099,7.97900464320391,9.00642314910312,6.59169332003531,35.6333566430894,12.3236005548486,9.91384925788957,5.51901061267679,23.2179067153989,12.2750408454363,11.4682017887411,4.72777026062306,20.2348567154667,12.3867580828324,23.2704436083293,23.2251779735045,33.8504618237312,14.3864462750858,19.9738038544677,28.2768887931761,47.8459939513675,11.4231140157864,16.9496482922307,7.49255895239041,23.41424672622,6.55598908334161,13.9126871389491,28.8121559325068,141.076996523893,18.9283742857569
"68","Surin",3.42397892577397,20.6895747855278,130.912555949273,14.2058700111899,14.5500865740792,46.3811102387391,112.390590014249,15.1938119747594,8.64133350053734,17.2009983836868,58.6430662194891,6.38686859816218,1.73794716328496,14.980883090491,53.1206192677315,4.5593992014538,7.31636805782802,57.157387103294,252.101022965099,17.3862774458689,6.35838136461938,21.5685609730234,107.409990932548,6.92502292110451,3.6030970402328,15.1275686251345,118.427251522482,49.5607962575836,45.5222008160425,65.2469467590663,186.830464288075,10.8505385028844,1.36198373648052,7.24001880971223,24.0856071293397,7.31170216426384,1.72003792342233,14.1877817403249,138.58166608984,51.0186898945017,36.2997047331708,18.8952031950071,92.8298429694098,21.8296855093832,5.58083650088237,18.0991331731357,65.0996489626621,3.43382763759097,2.21899400257116,18.6851523197867,119.985882329358,20.5465084895739,21.4702513451365,31.2721980001756,184.150437411707,38.7456003064821,11.9820321822234,57.3305334137462,252.864710113862,17.4389455250939
"69","Tak",4.5203869451225,26.9339722146882,104.533948105958,5.27378476930959,3.91131211467805,9.65950253561942,65.5731614437241,17.0898891014805,7.68396472549354,22.3222017388225,130.661853281556,41.9503446470975,14.3442810808278,31.7681344686161,105.766962661979,30.0560793176129,16.2545431955307,75.5153309304016,286.242650908255,15.6303552798587,18.5797373102423,30.7958444619757,68.8154055261432,11.0256727086086,9.42379946648839,8.45303773999583,81.524852870182,30.430935863985,21.2263613685728,57.0842901438784,167.360759740007,12.9737023054269,4.71695562734168,10.5113020754162,53.6884967544333,16.1712339621787,12.7875308478097,39.8756260235931,222.480675353857,56.1739969776807,30.6023365682326,18.9362484808317,56.4983151395307,17.2288818145272,5.86362602002011,14.9692366911266,147.095662587295,26.7307798055832,12.875529576945,24.6386827318891,121.090111475016,21.9344370661939,16.9152255650399,28.0486076402617,134.57363878466,24.1695448815021,12.0081466996804,59.2684120056224,224.65831982181,12.2675266744804
"70","Trang",3.44075028017538,3.6045955316123,6.55381005747691,0.983071508621537,NA,13.4988103156933,19.8416248013805,6.83072329227852,5.01471042883126,17.1333899058472,46.2278255950216,18.1032044288197,18.8462283039926,15.8995533670918,23.6084277268939,13.3299285804911,11.1954161935287,17.8711616893354,107.386534079667,17.7115977456806,5.39358854402976,8.07064185339916,18.9897455374098,9.02012913026966,14.1848640803233,33.0166356677143,45.9088457855837,18.7094268783714,35.5876167894707,42.4268801683298,87.2021116374897,17.6909131329198,12.8141482640986,9.36339816446185,34.8006298445832,15.449606971362,10.6040504154814,7.16863752251887,43.0118251351132,14.181435098896,19.9256494890936,12.7512937898089,75.2637340764331,18.0384156050955,12.4397653096594,10.5735201736545,24.4123921656435,7.93014013024089,11.3504510806809,15.7036152520974,56.2842447649433,13.2159138260226,18.550685385185,18.2648686958884,63.5367654634749,12.332689119446,10.3118896392617,17.5057987958511,105.19109455007,17.3494970208882
"71","Trat",6.34796842339136,15.4164947425219,22.6713157978263,12.2425105308262,14.8948297354597,29.752915560324,28.400510307582,15.327259531076,23.1213404323543,84.08785135086,81.3606777935348,11.3632231555216,7.25743536955345,33.0434861330521,35.759389102892,11.7689128693062,17.138379029179,77.0225166994725,177.917509335039,25.2237481588916,17.527397245422,66.8596172399094,104.103565098382,17.0514460074937,22.8246812881317,49.9977679567876,88.388911209321,22.7668407660372,28.5057930415566,116.139367240689,160.637209095359,13.349352556401,9.23504526830414,15.2548652123695,43.1494758864166,6.53779937672979,19.177400463916,95.015189354812,223.154940136072,45.7641967075929,42.6915231682507,26.562275472569,40.9320310560899,9.14438991678605,5.22135047873217,6.95912384630775,24.7918787024714,6.08923336551928,10.4371045493216,37.3981335722175,112.194400716653,41.7467537550335,33.6250772536935,108.079252284104,124.706829558582,17.5027129205027,14.8858896507948,74.8765194241076,172.960381125863,24.5209654254388
"72","Ubon Ratchathani",0.672001989125888,7.28002154886378,32.9280974671685,5.15201524996514,3.12567616280334,17.822800151271,36.4253478091601,1.61519126370894,1.61006490418126,6.92999156204227,26.722047463235,4.10255500472903,1.54689528967667,10.1484318466616,23.8819075521982,3.69535290068656,0.99178950683155,17.9509784109199,66.0772211444905,15.2528252141866,2.46512654318003,9.9621220414687,43.6800735664397,3.66737459768353,0.599530350319624,5.77177634039977,25.9729935317989,12.687017804841,13.4024396189602,46.891881416124,103.975293128469,5.47523702084222,1.29769474106727,5.38378586745442,17.5511419279014,2.96108222709993,2.47126199526727,20.8806928739939,188.409336729353,46.5923943820737,23.3533954454017,11.6065559390533,30.2198345878576,7.809019203234,2.5092344402212,7.41512087180483,28.9669829740289,3.0407330193732,2.18361705512854,28.5387823949789,69.802880074286,6.60225562868914,17.4960194533803,89.9449669657154,275.83480339873,22.0174993584926,3.80293501613096,17.4469727094025,64.2219854333833,14.8245749708727
"73","Udon Thani",0.587971667605244,5.03042426728931,21.5589611455256,6.33702797307874,3.58853381545558,6.64222934055035,29.6946723459898,3.32111467027518,1.43011582511075,2.92409060782097,10.9815847271499,2.53421186011151,0.971745999497377,5.43764637949852,22.2684566017558,6.47338854702205,5.49363163343375,12.4668385324787,60.0087720034855,3.61732102496791,0.515616448532082,0.963206785085449,7.32037156664942,0.898992999413086,0.44812802480785,2.42972344631974,22.6347921051891,7.54493070172971,5.41891222157324,11.1443673183468,64.5736483474495,1.78309877093549,0.698541464915236,0.444401556167278,2.53943746381302,0.317429682976627,0.190165790634798,1.20345861337499,12.731325330967,8.48755022064464,2.46663666509559,1.32651797874034,6.44308732531022,1.70552311552329,0.630679224348055,2.20588327978289,11.470593054871,1.00840378504361,0.378153802729661,3.40340567461173,18.4666270863192,3.52945773663438,8.02154816632672,19.3879653031953,71.2380172489115,4.91076752745406,4.59566457851827,12.3203809742676,59.3038027206976,3.57482556766315
"74","Uthai Thani",6.72834314550042,16.5150240844101,46.1809006804802,9.17501338022785,6.72092757307271,12.2105340277057,57.0842465795242,7.93684711800871,18.3020029232216,69.8445425182465,65.2695724843002,7.31995205431404,NA,3.96391012291171,14.0261435118414,2.4393293064072,5.79250081477373,4.26785028381204,28.9604126401532,7.92600766993665,4.8682054924326,13.3758929928561,30.3997568019456,8.20793433652531,11.2333141925271,26.0973004466887,84.6644979607691,28.5249563021946,27.8790389268368,38.7668507082522,62.6932663797516,11.2060427828541,3.92927352056893,7.25281499882142,23.5716487461696,19.0386393719062,10.8881083031226,42.9913502614298,294.884332074878,117.166567261784,33.6255697114369,11.214092173776,14.2449278964182,6.97092216207697,2.12298987000959,1.51775930158788,20.03442278096,9.10655580952728,11.2479811772563,32.2562975856466,110.158299301925,30.1261647262171,26.9226226168572,35.290362969055,106.791707071575,42.962181005806,13.2047544611881,4.30615534147812,29.2203398171729,7.99714563417365
"75","Uttaradit",1.28955439447899,8.38210356411342,45.9941067364172,5.58806904274228,5.81043977419079,17.8800314516216,51.4858736980429,5.3855516420547,6.04523870484819,39.745027011498,179.284632714909,40.6090493378349,12.5315889032189,6.26867091207,10.591892230739,1.08080532966724,1.51608687643994,5.85632483081728,29.2816241540864,10.1943432240153,5.85489165804,11.4894188955417,53.9785906601863,6.28666316925865,2.60264329765991,8.67688369722014,60.30434169568,10.8461046215252,13.4587012987405,24.1094700260643,66.6811468288445,5.2128583840139,0.651607298001738,5.87252701362426,14.1375650327992,1.95750900454142,1.74224521252002,2.1824673666567,45.8318146997907,14.6225313565999,7.2126943495572,13.3452346573556,32.1598277808406,3.50038941832279,2.41382024335381,7.68550053469125,38.4275026734563,3.73295740256432,1.97961548904341,11.6971196394639,40.6088681822897,5.9589100050099,6.00177676519141,18.7188715194598,87.5775774660442,15.3762158909849,5.79912506064097,6.05180343742435,30.2590171871218,10.5346207984794
"76","Yala",3.39925768710258,7.43587619053689,21.6702677552789,14.234391564742,34.1906206403586,28.5998481684531,88.9539395239387,16.6131470978514,15.4838143935414,10.6176119117114,34.7674742991335,29.7709510465634,25.179280851957,14.7728671673027,18.8764413804424,25.8525175427798,39.2677363957042,62.1750744784483,149.058159010221,33.2140463011906,9.86956383213658,6.78894759331808,7.18829745174855,3.79382365508951,3.56894446956927,8.69328127901877,18.3744354306533,21.1404794739775,26.8805548132239,31.8414724434521,35.9437480343263,8.20455118174839,9.89457576077528,15.439872312256,57.7065227670567,21.229824429352,8.66045042663522,4.59524507016365,12.0625183091796,9.1904901403273,14.4605402321495,7.58588645824444,59.1699143743066,54.6183824993599,51.9468490719704,12.0227078895263,9.39274053869246,6.38706356631087,12.5273698405058,5.59357112225682,34.4936885872504,29.6459269479611,43.7006890824703,40.1038243452494,155.216653484391,36.2048414227946,31.5900065567334,56.6092706439443,135.714733530759,30.2407830150061
"77","Yasothon",NA,4.81890195758625,12.6032820429179,NA,1.48327108412336,22.9934505752071,27.6292269008537,NA,0.927361630581722,5.19351404289101,14.6531289067282,1.85482644388965,NA,13.5371446267735,30.2267749885491,2.03984371088368,2.96913088004281,8.9078097366072,57.1584458098962,5.75296045489215,0.556252405675308,4.4422479996002,25.3578323310511,2.2211239998001,0.185053933969055,3.14591687747394,50.7047779075211,12.0285057079886,13.6971138780782,30.3585080644415,111.437938138986,6.84917559990448,0.370235645999372,2.40659629532269,27.7684187921849,4.25782421480168,3.51909505974598,7.59519465001899,156.720357900392,27.9725461500699,70.7987281742813,77.10243132138,221.113462900015,37.6245037457696,3.89358855061105,13.1791680046925,22.6458943179224,2.22746501487761,1.48695277987906,10.0502699614181,60.3016197685088,4.46678664951917,9.90996139577549,35.5472404115996,99.9064546304958,15.9027128157156,5.43145046062984,8.99897636643832,57.7434316846459,5.81183890332475
