"","Provinces","intermon_06_mean","premon_06_mean","mon_06_mean","postmon_06_mean","intermon_07_mean","premon_07_mean","mon_07_mean","postmon_07_mean","intermon_08_mean","premon_08_mean","mon_08_mean","postmon_08_mean","intermon_09_mean","premon_09_mean","mon_09_mean","postmon_09_mean","intermon_10_mean","premon_10_mean","mon_10_mean","postmon_10_mean","intermon_11_mean","premon_11_mean","mon_11_mean","postmon_11_mean","intermon_12_mean","premon_12_mean","mon_12_mean","postmon_12_mean","intermon_13_mean","premon_13_mean","mon_13_mean","postmon_13_mean","intermon_14_mean","premon_14_mean","mon_14_mean","postmon_14_mean","intermon_15_mean","premon_15_mean","mon_15_mean","postmon_15_mean","intermon_16_mean","premon_16_mean","mon_16_mean","postmon_16_mean","intermon_17_mean","premon_17_mean","mon_17_mean","postmon_17_mean","intermon_18_mean","premon_18_mean","mon_18_mean","postmon_18_mean","intermon_19_mean","premon_19_mean","mon_19_mean","postmon_19_mean","intermon_20_mean","premon_20_mean","mon_20_mean","postmon_20_mean"
"1","Amnat Charoen",NA,3.79491210712495,9.14844882967621,5.28577043492403,1.17434126803346,4.69132862035243,14.0739858610573,NA,NA,9.16926462497708,15.843949903453,2.29231615624427,0.627975241493007,5.46393756421246,10.7487296345163,1.7466685656089,0.268668189602121,4.47738606619547,20.4840412528443,3.62668271361833,0.982922027786101,7.1397844856053,13.9895152264829,1.33870959105099,0.534623513521623,2.40193435780282,12.2765533843255,2.53537515545853,2.75422071787879,14.4742216775889,23.7093079013267,1.46518194895839,0.177361412528963,0.885625065314849,5.51301603158493,4.3838440733085,1.23900853530719,2.29811907792391,30.5605642766228,11.6673737802291,65.9453017663321,70.6149317521231,168.140235436001,61.4905304583094,4.84751886098751,2.28900844556078,6.60290897757916,0.132058179551583,0,2.64244076969015,9.97521390558031,2.64244076969015,1.23996624138666,14.7972904123305,18.8731907654275,11.1644227063092,1.2400170072505,14.7911961383464,18.8654178291484,11.1598246313272
"2","Ang Thong",4.92254031208906,8.90745389806591,11.3394232189194,8.43864053500981,1.28748794227627,2.34056920302448,14.7455859790542,19.4852386151788,31.5993903160553,24.6950859119802,25.7191712282353,17.5557482786589,7.13672678792685,5.146740592577,3.5968698459487,5.26371196968102,4.34104181626397,5.98463006185291,17.0737975294039,4.04842621831226,3.52222041414989,8.57163657200292,17.7890813788828,8.63034641153719,4.34620417793809,5.16919722367116,11.2782484880098,10.2209126922589,6.69924578187476,6.93543230077677,8.46357840094792,4.58443830051346,1.76455726739295,3.76683746920316,4.76740367196025,6.35653822928033,5.66147510811421,27.5019711713243,51.1678304839875,34.52500672795,4.84859816088783,2.72653667014004,6.7570691390427,3.55635217844353,1.89877176703083,1.89906471063001,14.4210226463467,10.8602763139154,2.6152409010058,6.19813531482952,10.280560978924,11.2639189856036,8.5289900024057,6.62848658394315,10.4850605964192,7.95418390073178,7.39153102317074,6.67241707702032,10.5545506491049,8.00690049242438
"3","Bangkok",7.59239277232198,8.35629711423764,13.947085570815,11.8259389725568,9.7548169192412,6.09362860349266,13.2641484688095,15.7593843193776,9.8156031376515,11.5502971308092,18.5266532166496,24.6729778285149,9.66911290966554,5.82898381226299,13.8650302013858,17.0835413234027,12.8494438088045,7.75351846738315,19.4366610670991,27.4545040276885,11.3791767034914,11.3097714074878,22.4109730046038,16.374198915672,6.86643741070318,4.40829331283008,13.7920373560651,34.4866882438555,22.9184096770265,10.7104049388025,29.0085666843046,28.5034970145551,9.04429028944658,3.44661581240626,6.58748344790551,12.5868771009947,8.98704432512759,10.7444704664226,34.6997157902919,107.963463876598,36.0095501435481,5.4260967094683,7.58920283013472,13.2690062235863,7.70596216681501,4.16912703882056,19.8444575037945,22.0200371768692,10.0914847641095,8.87121861365208,20.2249665740954,13.8803980894642,11.8173603817646,5.73825926505187,24.582953218394,43.2606292305495,16.1007304661841,5.80077812433709,24.8507867410855,43.7319577409093
"4","Bungkan",NA,NA,NA,NA,NA,NA,NA,NA,NA,NA,NA,NA,NA,NA,NA,NA,NA,NA,NA,NA,NA,0.242357851061406,2.66593636167547,0.605894627653516,1.0410760562117,3.20331094218985,4.50465601245447,2.64273152730662,1.99493668643601,31.4566081971939,49.2753830937056,0.836188319165914,0.63473200994893,3.40744931815354,6.29981908821411,1.18864511098379,0.237177586718055,0.31623678229074,9.19063148532464,22.8876371182923,5.43904454108759,10.2435119171442,31.2033132245315,5.5551353089128,NA,2.59470679813181,8.72765013917064,1.17941218096901,1.10067271920307,4.63736949538346,6.24865889632178,3.30117828484924,5.04868360941224,17.612781034431,35.6007222030035,0.118471621307832,3.79151411746585,17.6147426707267,35.6046872593277,0.118484816170808
"5","Buri Ram",0.585910798336013,5.55530238422294,16.1450975541479,1.95303599445338,0.519238707181672,6.46493475605142,19.9948107547109,3.30814387182564,2.39414112866362,6.27107598733889,19.4597306411238,3.84669094068726,0.752026182046709,4.05466721157961,15.011922652396,4.66608528316702,4.25675517573504,8.7444451927466,45.9243723081166,11.545233261817,3.22159928851233,5.5103803651744,22.4829901579075,2.74455238265443,1.01833060056157,6.94869027780779,26.6772507083215,16.9692100991587,7.88401277562812,11.6722220533655,25.3126804656393,4.30584683342958,0.757620250295591,1.78797442060689,4.57511101743527,2.27177926382993,0.441091843757909,3.33774797735621,18.5937752889514,11.8710470515405,6.37151133453685,2.95243748841796,4.97831214802391,2.66975730335667,0.669167421448205,1.9228558589627,7.13233219425024,1.59889644794181,0.292491013954697,2.63199617483223,15.8076436928912,8.49132099261349,8.01252438101788,12.3957743058366,39.369232170323,13.9452460940662,7.04628957185143,12.4065944847624,39.4035972794111,13.9574187953577
"6","Chachoengsao",2.12454056810215,2.02337196962109,9.2569267610165,9.56043255645967,3.27280971514493,5.66560875211207,17.5608802250199,10.5290074154295,5.79018905909473,11.7591428581394,32.0635950390369,14.7985823257093,5.20986349792083,5.63854270379993,12.983486489013,13.5028259485735,6.88375504753218,8.24293095073377,19.3561682146695,13.1003724038447,4.08329335108594,12.5415438640497,43.1662439971942,23.9164324849319,8.04207984954913,9.0308584917597,32.5980186199882,23.035933158125,5.76931002827646,5.89522601721406,14.5583325425103,5.53576101616442,1.47725795338493,1.18894415101303,4.99356543425472,7.4190115023213,2.32253919363718,6.71967639552772,39.004882176153,61.8257550053308,13.0762620097531,2.77038616835402,5.59946695891893,5.07121535902092,1.96440583304398,1.86477839206686,9.68519277379725,4.825114089473,3.25113633858387,7.4525340698844,33.6405536353322,21.6632667373037,13.2321739045722,12.4875471404905,19.2516351749228,8.88003352212655,8.51937938951529,12.4278837523371,19.1596541181864,8.83760622388418
"7","Chai Nat",3.11436850987848,1.77963914850199,6.22873701975696,5.48722070788113,0.594268095450908,3.96882094267435,8.40893937229128,8.48335476496642,11.1222982591614,15.7017073122255,20.7948243992606,7.6024089201598,1.79096510664785,6.07084778891762,2.53781341995736,2.08996399290606,1.99795855525618,3.50081218842772,8.62700146433973,4.95114866649063,3.10132460017219,6.40309909996438,14.3319366573422,9.60464864994658,5.00678306411245,8.41424531732223,7.66297341398989,16.377727492645,13.2342527201628,10.3325578899111,14.5959919706997,2.55806044847314,0.702972479861405,0.804048383611484,2.2613860789073,1.95986793505299,3.1246226822377,5.85094417089599,25.5726611607264,21.3357705542156,8.28026741435565,2.52738165282672,4.4734655255033,1.66807189086564,1.21673782310819,2.64015946563172,9.97675644224296,3.96023919844759,1.12058583447593,1.12264028666109,5.12842494588364,9.0321513972279,7.0027583177693,4.44476143518246,13.3342843055474,8.68278978035643,6.85385691029109,4.47312794394234,13.419383831827,8.73820342537574
"8","Chaiyaphum",0.312612484670824,3.39407840499751,6.16293184065338,4.91248190197008,1.63458206945063,3.56300778428126,10.8003673461026,5.34451167642189,1.80900200551919,5.83617587686321,10.6428740292544,2.97733845494798,1.15360585855619,2.0991825310169,5.10012657183684,3.50356521021835,2.01048467759365,5.41056905881821,14.3025288644989,2.79398238283235,0.648401098067802,3.97163721477025,12.7092390872648,5.64855070545103,1.99753319682876,6.07542508164403,15.606798488716,6.77982219255928,4.04727139905044,10.4950035867701,19.9639593368448,3.21006394623275,0.468771590511453,2.02064217765486,8.80736427434347,6.72083159089551,2.60641465328568,9.78153498055554,42.5892133097991,26.6210038842065,6.1755760133764,2.5452975189493,8.55746579646748,3.90571515838772,0.761005753088768,1.2001179042663,6.25671224480298,1.5367363408288,0.322311760114388,3.83931049500435,12.8807401721711,6.4183893008088,5.34648156453357,13.8972351317363,34.0245207676252,21.2903271687687,6.20206762755047,13.9301620680796,34.1051355963164,21.3407706735931
"9","Chanthaburi",3.17458427826819,10.3835360768355,17.0137876163436,6.44837431523225,2.36786426368974,15.9442541632219,28.6898153615999,14.2710916893036,6.8617524936081,26.7972756755065,32.1273907277514,6.55261850459466,1.23325291296102,6.15345552152803,14.5253936916069,9.23018328229204,8.2662792386512,38.2441239161209,66.2661674937845,13.3499724294048,4.93897502167359,12.6482334633929,22.3260484618982,9.10289529562371,5.34921334539569,18.1207797657651,35.4308930683249,12.7799183611185,9.05567023749286,22.3128219714927,41.0069213994501,13.3687304446762,2.70745978591877,8.72506686602503,32.5306899519243,17.4187485994385,9.40273689675264,18.9683472747556,61.5062745790342,38.500110805197,11.3096836601295,6.61104655985461,18.3362989490307,10.3843325680735,2.61355118037985,4.72199854860676,9.78572067638901,3.26190689212967,1.24068670420256,3.53358204791537,11.2516691525726,6.78819709204795,6.02938249423088,20.974968833188,62.4581045225643,16.7115107765904,6.40322227291807,20.935955235573,62.341931984859,16.6804272425856
"10","Chiang Mai",0.360490483351648,2.42329713808608,10.5443466380357,1.53208455424451,0.260070408595237,0.937945711303104,7.67818324306105,2.72403382112497,1.0571181009746,6.69709762489883,47.6249396648674,19.9994119621598,5.27532569074413,4.85630518078358,16.7633965445458,8.44265607788945,2.3924991460099,5.00158754843643,88.5706232261576,10.6916527351192,1.55501740415318,2.21464946326964,5.73795542756224,1.87238545530978,1.10161976301673,1.7997609917403,16.3328310000432,17.6376577190549,7.10809241819343,40.5374378432574,130.713872026427,10.3081480845912,1.23922126294806,0.50147298044294,8.54914994543588,3.5585294189124,1.05830140810225,3.93679164155762,41.5091469913502,51.4183396110757,8.97425438885844,4.04540007480174,54.9134437040599,14.7122804607176,2.79135033223806,4.68700448629486,21.6868453549329,8.02271534045229,2.07232255014292,1.96711655559015,15.1467974780442,6.94111127472525,2.26407452870569,3.73614590396984,34.0316190027853,29.5062122766018,3.93891145105247,3.72567483614016,33.9362406636917,29.4235170184169
"11","Chiang Rai",0.122447680147068,0.517001316176509,1.53059600183835,0.571422507352983,NA,NA,12.2625206038864,0.81478542218514,0.138005728571558,3.34746801703526,12.5739267389887,8.49420009322698,0.445793725153545,4.50669243827083,15.3770015139148,4.79879287408468,1.11252976189245,1.9744335878406,40.1491336964066,12.3054487692883,1.75081603975491,1.52723942588015,7.91387702501535,1.70773135802963,0.665455100696302,1.30050526012872,17.0380024239204,16.0626234788239,9.34017589261961,36.0189086850283,231.390437517958,25.2960381684509,1.59961323003768,0.808586668753342,3.40388904104229,2.62138581321648,0.807745804074555,4.00246177389106,23.7028905051211,15.5160368767075,4.10007573701315,2.69231615557963,19.7263933706892,4.97042982568547,1.39531012289533,2.16696462430251,25.2490074528105,12.8470045583649,2.70306264333568,5.23760228729173,40.9380237602287,17.2917899043675,3.88088192609495,6.79523036603126,79.322731744382,37.1035021690684,3.49639562474888,6.77744190076439,79.1150817336388,37.0063731058783
"12","Chon Buri",0.283757862119623,0.621564840833459,0.709394655299056,0.445905211902264,NA,0.73799551456869,2.62910902065096,0.672103057910772,0.543826127589793,7.65101052789388,30.6105041137106,18.2228460208283,4.64560855577752,9.5470132156493,16.3337494007793,12.7631158108415,9.45896062009233,12.7740061673798,27.4342325436856,1.1205268567877,4.15444161127818,13.8562846682043,14.4611224910227,8.87095473467048,4.94955412991815,7.09651402928079,13.5936603196021,16.5785116596205,10.0034732132263,10.365185172157,18.2211513094254,9.95479888140422,3.35266939415932,3.36760732873827,3.12706394811411,4.57032423185908,5.56419641321256,9.17029713785586,24.7800308688385,31.1520388065398,13.2862586580635,3.82119881829979,3.13095336701731,3.379441729479,1.98235539225001,3.23467572375869,5.42188095307875,4.13560889514115,3.87008899197912,11.5510418077124,23.3427303197521,13.3157843061129,13.257979663866,12.3599796198615,27.6184914655511,24.5072229295705,14.0988602759627,12.2289632364951,27.3257341166605,24.2474451780419
"13","Chumphon",1.76605761918811,4.98651563064879,10.1288598747553,6.1292587960058,3.99636805771342,18.5673437558023,33.3696428055669,10.4183428852002,8.01005845600995,15.8553120762805,18.9136104185802,7.99599790053799,3.54046175585153,21.4981780974385,13.4193532586068,3.77578760888555,2.84754207671018,8.12707494382159,17.7779764396097,14.5271464620811,6.06665008243589,4.50896071820342,5.85491914154772,3.33124709777715,2.54361869629921,9.69976225548237,25.0855920400406,13.6465620697821,14.6754245938623,22.5074497661023,29.7158267991809,8.5901213604355,4.96035862588691,5.07416852829343,12.8995907716031,9.98359132514877,6.17970000327852,7.28914665763075,13.4455205238729,9.75169620412763,5.30671662495974,1.17727852447758,6.13165898165408,4.90532718532326,2.34968311109703,6.06697549529027,6.06697549529027,7.4369377039042,3.58621245170927,3.78118171055445,6.74745356969631,3.81377810461096,5.95401142246508,11.2593151194273,13.6486465255848,4.7132016778998,6.08509991496518,11.2533261102682,13.6413865929705,4.71069465080994
"14","Kalasin",0.66495619473191,3.64873399160587,7.46796957160453,6.03575622910503,3.74882479726645,7.05101151358648,23.5033717119549,10.4232344113887,NA,NA,NA,NA,NA,NA,NA,NA,NA,3.53145113778941,6.54506929623951,1.42616295949188,NA,NA,NA,NA,NA,NA,NA,NA,NA,NA,NA,NA,NA,2.33454425128628,4.74521494554929,2.38529521327077,0.270667813680155,3.85695957906361,21.1625282167043,17.2040697013495,6.73050822570672,3.78632292263562,12.6267108178965,3.70180678596964,1.4544236733057,1.89442760884671,12.0769760063978,1.9282566732904,0.135448902156396,2.16930474460843,12.3294468883018,3.66070175652673,2.68813002529925,6.03781308363394,23.1534781385115,8.44270473558984,2.76576079746875,6.04774644566766,23.1915700564798,8.4565946062302
"15","Kamphaeng Phet",2.41048824094965,4.45366398804031,14.2218806216029,3.30581244473095,2.57068899931157,6.24242933317544,16.0421253819472,5.85227749985197,5.27524694768738,13.6204918235775,21.600173902037,8.04847244120488,2.1092283832287,2.70483509904052,7.97697130903475,2.95698074386633,3.30471738750425,4.54539819754301,10.1238414399821,4.88974654584172,2.79669986020381,9.71289684857731,31.7501769625664,8.1093525575386,3.70760909979379,7.63989820178755,19.5229135186398,18.4592749965346,6.58210924470241,11.7428489705131,23.4742749361911,5.27742823382982,1.55281226162302,3.3326120282642,20.7146946277381,3.42391646739473,1.46164196915276,3.70095210419688,12.6449196893393,13.2960131150777,5.21000326547665,2.56011820431481,1.64579027420237,1.50864108468551,0.778094944148748,2.70218157652601,12.8124626446297,3.29757751711649,1.51444987696962,6.06171654035794,20.7682674649764,7.02608053541489,3.74915542647595,5.32124942936602,9.76729336048104,3.50082199300396,2.058864195961,5.33600695365959,9.7943811846778,3.51053089056552
"16","Kanchanaburi",1.61622062967956,2.59393434393015,6.13565239045017,3.7711814692523,1.98732861874824,4.47930107047368,15.489264542368,10.1676170316504,5.10663804395602,11.8387261530659,15.7183087099828,13.1385862881154,4.57771991304516,6.66844491864497,12.6224135960066,7.79969896734367,4.33005811971988,3.61578580561694,11.8605721206226,6.67529687190821,3.25998442120512,13.0427503979431,9.99082633379023,9.36453572779144,4.55267626031521,6.52523128978908,17.7664251935621,17.2622027757148,6.93124753991942,4.99097301966443,6.27801527473538,2.53478550998706,1.52053976107909,3.21186440037515,3.51415752041045,4.02427716047004,2.75120723266816,6.51518301262062,17.8226032411717,16.3821075750865,4.88887151164377,1.72676756244611,1.9707673267048,1.01353748230532,0.449156852999097,0.410531552522101,2.23926301375691,1.2315946575663,1.67618235345628,4.0199882750342,9.57538873844951,4.24332095698054,4.403316880986,3.40068940569402,18.1899512991381,3.08304259307425,3.6931367985325,3.39278537239734,18.1476734067517,3.07587684860199
"17","Khon Kaen",0.970090401012546,4.88849476588675,13.3244769786135,5.90613861792932,1.40590483418277,4.44165796841981,8.65553860512579,2.44860631592374,0.62506474459442,2.26983581142658,6.28460790288734,3.03590539778305,0.453336342362118,1.67835765349005,8.51436495000852,4.07331745116686,1.9058823655717,2.96327166330892,9.41357797500207,2.26492101654185,1.33756585936875,3.06135020944894,12.5365108270378,3.80321114977553,2.15487387533654,4.75213588863538,12.3200058372693,10.8045609279013,6.34542271048285,7.85825788381584,32.8901611073216,3.46359233741646,0.537877695364574,0.797175846980798,3.83756744941919,2.224676782272,0.407511161187447,3.18208618680437,18.6346297189459,17.4552227747089,5.19250841323194,2.03037065339173,6.13264226899458,2.13188918606132,0.387618055413781,0.904445348889793,4.12537827503814,0.885987280545104,0.351105647483403,2.45903942894079,12.43848703624,6.04590897190705,7.21457176632512,8.45160471826158,28.628650048397,19.5315656291254,6.25107665791641,8.46891507986187,28.6872865205211,19.5715696845599
"18","Krabi",4.0181767705548,3.16583624346742,4.13993970299586,3.65288797323164,2.39926955795309,10.110539242028,22.9875449302015,9.67268124335749,12.4968962976323,25.0846313262502,21.5094852727426,15.2383274411801,10.5400418040873,23.8038012128383,20.8572141695016,11.208586007987,10.7559086785306,21.8397600822453,61.9237099892932,16.5510376929908,12.1926019442493,10.787316812258,15.7876876262734,10.1131095114919,17.1452361524807,51.010224223203,32.879416265608,29.1645412406574,35.9449955109089,56.6974087751827,52.1003215771949,12.2588991946341,5.29002881514782,13.777651783196,30.2964070625253,16.1220166154152,12.33653883387,15.2383078181104,55.4266618877044,28.3303750984588,8.83138217480649,5.60559196825106,14.8477230298296,10.5370937631048,5.15547712502192,9.42855896437834,12.5069131038675,8.4434856397418,7.70619987410591,18.3888179206372,24.3319720014515,11.8513484317415,9.70477286902189,10.3257494889452,14.2851162693346,6.38382485296272,7.44383744764042,10.2916930043608,14.2380009638031,6.36276966147979
"19","Lampang",0.259533643995105,2.37905840328846,4.1200965984223,0.908367753982868,0.519911984294887,2.82259552857444,5.11324036137908,0.521094559121435,0.522510958502276,3.79333889689705,31.3604482941747,9.67955442656488,1.74712699198039,3.06232219391762,10.5650115690158,3.34668068335282,1.49353280905962,3.38818675685404,41.7473011112372,9.63653116559785,1.188653998427,1.58560063212612,4.42646843135208,0.792800316063059,0.705621149404493,0.618214543408817,5.19962589188487,3.1793890803882,3.98160952531489,19.8314415997245,92.362283254074,8.49918925702478,0.708613676491795,1.1962422044883,3.15675026184413,1.5949896059844,0.488602517645838,2.93783801829472,32.2828336783067,18.2947185684717,6.23809414402746,3.25945095664886,18.2841803664069,5.02312647428762,0.985383367433642,2.87169491472188,7.50454647636303,2.01916048691382,0.539553011401024,2.52827605885104,8.16046245780939,1.15126856251253,1.68784436353583,4.16115656374435,23.2521770622418,5.14428696067295,1.65428519230787,4.18576710391834,23.3896985971701,5.17471207901992
"20","Lamphun",0.987271600885583,3.78454113672807,13.4515755620661,1.85113425166047,NA,1.97469916692379,18.0191298981796,8.3924714594261,1.64672444191433,1.97680711057518,14.9496037737248,8.27787977553355,NA,1.23591061894404,7.23007712082262,2.34823017599367,0.989720604655129,5.52870968167835,25.4980789796808,4.57975204974849,0.907257540798671,1.729791708367,4.07736616972222,1.48267860717172,0.329000398090482,0.329000398090482,3.39281660530809,15.6686439590592,8.79832642181918,21.3744775584428,54.813203508045,5.17920033146882,0.246257578744683,0.328096099347499,1.35339640980843,0.738216223531872,0.0820240248368747,0.903122093075763,20.0739410688204,39.6552700868721,8.45727688504317,4.68074832848014,22.726264910647,5.6661690292128,1.39597523674445,2.79177084488018,12.501385621559,3.9413235457132,0.657422399987598,5.51338229545969,8.948960069123,3.5795840276492,1.56788675133876,0.994997649318054,15.2980888582651,8.08435590070918,0.747509949605912,0.997160585233547,15.3313439979658,8.10192975502257
"21","Loei",0.812297534839441,8.66450703828737,7.79805633445864,1.86828433013071,NA,3.18013182993949,8.32763335128221,1.13191132930049,NA,4.18827926157415,6.44350655626792,1.36924514320693,0.267348503771288,3.52526816073941,7.81167376527483,5.04754304833143,3.57466669547305,12.3749173227506,23.6030211867119,1.52019458490687,0.743464546020332,3.22860480342296,8.3758477072407,2.06418995628681,1.00279692855922,6.74886574238841,17.9925815202347,9.72785726148955,12.1466065134042,46.4398155225609,63.3950762238126,6.46164853990383,0.68081382200859,1.04359242080568,2.26981351525236,1.25231090496682,0.208638396152738,5.05365470409289,24.6561040073398,16.0987557068526,3.69179834389865,6.07792839265288,17.7272911452376,4.44156305616941,1.14151633501424,3.78568068872422,8.94561532609491,2.95594245557919,0.777779659123778,3.47357233584779,13.2591958939264,3.96609378645307,2.13348577194268,12.8900411646335,49.277009593948,16.0473184539465,2.2962091816426,12.8901218873226,49.2773181866573,16.0474189487923
"22","Lop Buri",1.6670645394034,7.69072440844771,13.1364685704988,11.269356286367,3.01824932609031,1.68037275974251,8.45713921844094,10.6792110915215,9.63427153092907,16.2590418829384,22.7980043793376,13.3872002460064,4.41338276088811,3.48391797004889,5.09357627266641,4.2997721782249,4.84948054807453,5.55462243776508,29.3270839422478,4.95948431943311,6.95127596350703,4.04541950780436,29.4172353339252,16.9511871767237,7.47584611261699,9.76291937675634,30.0803461878438,20.5812894969458,4.17542406925402,5.23026804464451,14.3063214162335,10.0869455146716,3.33963240405974,5.97548732076284,8.89732487098879,10.8086020654975,6.86329061583578,18.5742461474945,30.931401611734,46.2815635641954,10.4759439825837,3.60944247759174,4.42376791460939,3.69747765997203,2.02252225923078,0.74685912787063,3.88806075391475,2.10877871398766,1.41065548803778,3.6176449307971,26.2389551535558,15.6838143036386,16.9357980045897,13.9089297123454,15.4792927443844,12.6526392867142,13.8344915744496,13.9739156579528,15.551615812883,12.7117555340087
"23","Mae Hong Son",0.784917034269478,NA,5.39630461060266,NA,NA,NA,17.8082408623937,4.15525620122521,NA,5.23747107330943,24.0854755279164,12.404536752575,2.06284918703632,14.6932408345761,42.9468324393801,13.1827207487785,1.37099551254114,8.33169431150156,56.5462531960926,5.94145414016915,0.819166596719793,9.13967053533915,9.41249652146868,1.63695591677716,0,0.67599814506109,9.93717273239802,8.31477718425141,3.09539261351245,31.9663037551005,142.236620490132,36.2642941759544,4.74736943867837,9.49723119182946,40.5458716266565,11.1409827442615,2.78175267970206,2.17482710124545,48.3899030027113,19.5734439112091,6.35788371820752,18.034932828833,66.8248007796824,32.0687381757725,3.45043168474641,7.54985855811858,29.1967186427242,13.9790349865164,4.59416853298109,6.80420546823492,37.5697724345213,10.9101915266525,4.45538601381169,1.99145548452698,23.9853241445234,18.4502493419411,2.1001986924465,1.9819340878673,23.87064732299,18.3620364023
"24","Maha Sarakham",0.320511108380831,1.85184195953369,3.52562219218914,1.65597405996763,NA,5.51491125262492,13.5026375507817,3.41568696936769,0.852905136363861,2.91061914548481,8.65199288673077,2.50242255800828,0.141844029262937,1.66505298234016,6.11109871178039,2.39129949591407,0.531975732919547,2.55390875735313,16.4407876254608,4.94819821737169,0.919400769632364,2.43347874250515,11.7177291622802,3.65021811375773,1.11849965104972,3.34852727584749,16.2194289923863,19.3063525748082,9.8724887617513,12.8393581153766,51.8952974636369,9.42131277925604,1.93763093752628,1.45138482846705,5.28718758941567,3.31745103649611,0.795204812774702,5.98522307237761,15.7760793121629,15.8798693076377,5.60622859530904,3.84187267410952,6.95690457203615,5.97047780435938,1.73060472372282,2.63053966559611,7.19071862536304,2.75168293966961,0.934781053318128,3.25485328056316,11.8161561914061,3.53186207039832,4.25282950527403,4.61380366168236,23.5933141790575,10.7480653482373,3.96685123671888,4.63983296601322,23.726418576204,10.8087017958263
"25","Mukdahan",0.743810750743067,3.47111683680098,9.66953975965987,1.78514580178336,NA,6.22227753135583,16.2223664210349,3.11113876567792,2.96057454430237,NA,6.13818156001515,3.69769973494888,1.27965220054183,6.6750104297038,21.0557314289921,13.3991018184495,5.38585782010522,18.5956742546805,44.3360023019487,4.110622729982,0.586578992423389,2.04160201593616,6.41646347865651,0.291657430848023,0.484071154587155,2.22672731110091,11.5450970369036,6.38973924055045,5.59652208446254,34.7768118622646,41.5443216498659,3.17904374364191,0.479942264441275,2.39394122203996,3.66273006972114,1.14909178657918,0.190762879832739,2.67068031765835,18.2417003840057,11.1596284702152,6.08983011834067,6.65180463459737,13.612443055801,3.99108278075842,1.79901598533436,5.77189107968427,13.4125501728729,1.84511272219415,0.188764367327908,5.09663791785352,11.7505818661623,1.84045258144711,2.93923830087586,24.697620384276,34.2679482831829,3.13469797185041,2.18138264166323,24.6573575658257,34.2120836225831,3.1295876910471
"26","Nakhon Nayok",1.81089434035155,8.18255961195888,8.65205073723521,5.23147253879338,2.53538490458129,10.6346351456081,25.0246258270091,12.1633639477893,10.2063641026105,11.5224309945447,11.0257744861592,4.56923987714705,1.45190223394887,1.05512778916437,2.27511929538566,2.96754690702478,1.97095456739397,2.3637774739886,5.51548077264006,2.3637774739886,0.914408730252037,8.22967857226834,19.0066386073816,6.66212074897913,2.21466576224954,3.64462320453495,5.46693480680243,8.39564988187516,6.74645838771161,15.2869542686877,17.0034978624174,2.13758258841819,1.03192512328616,2.8360346563435,4.83414998240369,3.09385598873836,1.67682211346173,3.48353834601599,34.3515586898799,11.224734670496,4.11493120723042,1.28530409009468,3.66311665676983,0.578386840542604,0.384477859842441,1.66607072598391,1.73015036929098,0,0.895174561723351,8.69283978457098,49.5683621539323,9.01242948253314,6.1499536673793,11.7911983830678,15.1875761781906,9.03564658702481,7.29814083566609,11.7752614556015,15.1670487227041,9.02343405021637
"27","Nakhon Pathom",5.17467537937591,4.17183131360538,12.0642141112194,12.1544700771388,5.92830864288443,3.87229793618374,19.8257703008183,19.736865501263,9.82564157122155,12.2148019910127,44.4841947509237,26.4262543074795,9.30988768274815,4.76607854032451,15.7513083466822,16.3906603459941,8.83282345044944,7.23580089539187,16.5114818304421,26.6723937260988,12.8647050344028,7.50805686914791,19.2370137294538,17.0360478198432,6.40789978575147,4.79869656821404,14.3960897046421,19.7237764457301,14.6415667901419,9.46426640899921,14.1402873620621,10.1563175100525,5.87402303050077,3.44696455853279,7.08851582601502,14.343820259701,12.7353798612535,11.0127939937179,40.634999911603,44.1432561922105,20.842546650206,4.27869909993725,6.17120062490949,4.55297468326656,2.69576300839176,2.79882042441022,13.6578801879499,16.5748326432605,12.7335602758421,14.3835889409403,40.4606371531363,43.6398813082182,30.4204224505159,8.1095161189304,22.1835089369402,32.4199628772418,24.0838162356036,8.0968352579583,22.148820554973,32.3692677388467
"28","Nakhon Phanom",0.286900825557126,3.29935949390694,4.80558882808185,0.50207644472497,0.28643746959018,3.62233877256097,0.929415869275513,NA,NA,1.4747368070521,1.81963493128202,NA,NA,1.65862942237993,6.43311268823074,3.69637414130385,1.46638858318673,13.6688007022642,23.4474323465311,2.19930530330549,0.283063813596472,1.55290463753794,6.21161855015176,1.12938519093668,0.282180140026767,2.43836104624445,6.85789044256253,5.6269870297949,5.52146151608841,39.9995700980784,48.434058886283,2.45324466138915,0.0465940451878369,1.39782135563511,3.80906319410567,0.629019610035798,0.418771579997881,4.6033258331671,20.5057241659262,9.83437791631154,2.32364050860473,2.87825358713959,7.69468600110302,1.67124401833912,0.324719334093713,1.90135404232507,3.19983972976658,0.695617332557952,0.185430244633041,2.50300360432519,2.92017087171272,0.695278778979219,1.20777607930584,16.592280267317,22.2043750636154,1.32459380285304,1.11566656200605,16.5960058016289,22.2093607051211,1.32489121945777
"29","Nakhon Ratchasima",0.567962823112092,3.76030558750074,10.8696333388693,6.36510060384241,1.61574729898368,2.39105402729518,9.40502908834178,2.923843239899,1.27074991840689,4.53727801691394,10.6561215140093,5.44473362029672,0.736109345078725,4.95722649374208,9.34321009074436,5.69306480140692,3.14706043946713,9.36052527245124,39.6855327666734,10.1921421871525,2.13408195461722,4.48516633751953,16.5214305732773,5.92041956552578,2.7617160400363,6.27035951253127,17.5276342789189,17.4893225100032,10.496982376476,17.7318699579765,44.1706731915878,7.47944012574618,0.939562933627478,1.22995708844558,4.53625926176707,4.08929031983195,1.8883066945931,5.99166107719426,41.0042429320884,39.0281348389757,8.55195424360683,3.19538127213559,7.72953888753748,4.37628304662049,1.19762094510283,3.27488792010987,11.8651708490134,2.66399536578168,0.843312865496296,4.37913162574884,20.8763774917165,15.5534674983493,9.21056165989941,18.8996408815056,52.3126362644486,36.4384569842022,9.78303595135117,18.8928463053666,52.2938294420144,36.42535705961
"30","Nakhon Sawan",5.26226083490192,4.93628007521773,15.9497728845479,6.42647783377403,2.94862664596534,5.18196292134866,20.2236187664011,14.2426406041858,10.6835413271947,17.6784717846619,35.8618208390967,12.3966788085766,3.10564862220707,6.86232042689222,11.2715941853479,8.61671456317915,3.76076223367977,2.14615101811538,8.49129315863042,6.85835216658611,5.18857973936913,19.1301911994288,40.0150184423118,7.36015473094908,2.11205911155781,3.82055683218064,23.785295888149,35.922552653796,18.4231319716256,14.6041286803958,22.6519357617203,7.3176006473047,1.80301387457722,2.98523614150766,9.02567489658956,4.99094167408311,2.46396023416581,10.9084146385298,46.3216919607485,51.5258496607921,11.3526451322629,3.34793282357145,5.6085697067774,2.81601826281711,0.970848204291994,1.40982213683922,8.12997432243948,5.54530040490092,2.60588219395044,11.3848614679364,39.8863275047246,29.4371003701338,15.7986964691373,7.14531978350001,14.1544619478078,11.5350453904036,10.908589007626,7.18177028383129,14.226668264047,11.5938892474407
"31","Nakhon Si Thammarat",6.46982044423446,4.18049936396688,2.78699957597792,1.92435685007999,3.6832446881025,6.80693355573722,8.194754960305,3.89911727949996,5.89376558579416,8.83614166577096,15.4797332540279,14.1773914786624,9.27383981654405,8.88853276376666,7.5202241486548,4.86023220087734,7.47283235395123,15.3334936578966,66.5761946855684,26.9646694026687,8.53331190214475,4.97322169862233,4.12082452975366,3.42044723813545,3.05143523585706,3.97792338995172,12.2742717643755,20.7543829040959,27.9360993802706,29.0046433268649,31.9438666484069,7.13811378088768,4.81210156990504,6.74168400395913,27.9382685036682,25.1846985243441,9.69744398549702,5.16801850021959,14.7320693346509,16.2760416666667,14.584969752979,3.93798023561963,14.0932607888887,19.9681280425713,16.8873144138999,14.974476101612,16.966444570193,16.6940842701994,12.4459621114501,14.3626003861469,27.7541780121606,25.3212858219366,20.8763527052129,13.6925554844059,34.3066225323575,24.1500566510675,17.5083942186609,13.7047249244411,34.3371129975009,24.1715203337671
"32","Nan",NA,0.768079723882322,3.61346597371911,2.93266803664159,NA,0.980425112328706,2.83622978923661,0.735318834246529,0.280230419758691,2.66322409909436,10.8806721416947,1.57690900604272,0.350203830508954,NA,4.88073171090114,NA,0.349727011393051,2.65764745047684,10.2808993478972,3.88156403951222,0.34937976316369,0.837392944545746,1.57011177102327,0.104674118068218,0.139530592960236,1.25546125646563,7.68970019585196,3.76638376939688,3.27619814129394,7.87570602568177,35.96340096683,3.76361172908686,0.13921076183709,9.10636653194805,16.9962337180252,0.312814117509666,0.139028496670963,7.15402973298105,20.0555930621192,3.33391676876787,1.18082993198626,2.29244036528995,6.35631192194032,3.43866054793493,2.64236555873383,5.98482776570374,11.534711653086,4.17546123188633,1.18448885829551,6.76108486834355,16.101140253478,1.56829288183227,1.25792401400305,3.98550952641659,15.102983468526,8.91495551961605,1.33038096520386,3.9926451273969,15.1300236406619,8.93091673233517
"33","Narathiwat",1.1946306272373,0.936965197833174,2.24871647479962,2.81089559349952,4.36705646717873,7.22292445098829,32.5031600294473,21.182614976456,8.40677820391453,5.76866816560473,11.6060109522286,9.61444694267455,5.67206958062494,3.30094786944163,3.76443712508241,9.29239434479802,8.58866655587896,13.6478219681765,85.8340960057374,27.295643936353,5.57718686856143,2.42057115797043,3.72988010250899,2.77265423549341,4.71844769719255,2.69748763832782,3.49150617702915,7.24405954486422,12.4252989855057,8.43229448325738,26.135810707035,16.778545145257,7.94382750232141,2.76684519203183,17.5269001202939,20.4320875719273,6.18737018193162,3.67236896924201,9.78243113358432,18.615111671675,11.8039657200083,4.60498250734599,17.8652389546355,40.3773238939565,31.6633670123702,11.1737784235585,7.32110946896722,4.67304859721312,4.0948913326762,2.76395798783859,7.20897997574317,20.8534442216777,11.5864111838937,10.4007521691369,32.7872316885642,29.959138718271,12.3795088539051,10.3335556488732,32.5754020206012,29.7655806140849
"34","Nong Bua Lam Phu",0.602890255886721,4.95709765951304,3.96902751792091,0.401926837257814,NA,NA,4.15398782831518,0.800768737988469,NA,1.73017403554443,4.04261817920477,NA,NA,2.85031724693823,3.23146432065671,1.39201539966751,1.52546635278586,3.0510999546978,7.1137058726378,0,0.198322903542095,1.25394911474492,3.61335337012024,0,0.394370751887557,3.54933676698801,8.92263826145598,3.35215139104423,25.0275193259791,132.058860520689,244.416975852094,14.3456797887058,0.981803846470655,1.11094991445686,2.54864980375396,0.490124962260378,0.326581076757575,1.30531091853424,6.51023820618952,4.6012209878332,2.28174875101622,2.14994498095344,7.28049550368325,1.66132112164584,0.130178585492508,1.88758948964136,4.44234422993183,1.07397333031319,0.260188856303902,3.51027731190764,11.0671243028199,3.51027731190764,2.28235943372366,4.84163280795075,15.0156044516851,5.79033112842758,1.76756655716576,4.84609395004463,15.0294400207465,5.79566641322905
"35","Nong Khai",0.720127451480028,2.58507290274882,4.07148982182939,3.60063725740014,0.92150598333977,2.31563927632965,8.90418436017233,2.64644488723388,0.881921620824323,1.21245522182419,3.25158445852852,0.496004408928079,0.475345147236903,2.33678044961847,6.02451209667261,3.94331700873116,3.24167217701131,17.0631729656579,27.212818953851,3.0399905858356,0.586418781403346,0.390290356510726,6.53736347155466,0.780580713021452,0.194196250847181,1.16517750508309,4.32086658134978,2.52455126101335,3.61426819623339,9.27966593202645,42.3384758148707,2.12659010942273,0.641543811026855,1.73216828977251,10.296778166981,0.866084144886254,0.384733218006687,3.7153551142824,16.1425773930891,15.1817096911195,3.83674105535722,2.17161091375,4.50289910056986,1.53290182147059,0.638523267047385,1.6599534319218,5.17139338406406,1.53226470638935,0.510729477378141,1.85074920242282,6.03088964237782,2.01029654745927,2.11865418129599,10.6293544116652,20.6306106080957,11.4023983688773,1.74089845269969,10.6415294393075,20.6542412299286,11.4154588530753
"36","Nonthaburi",3.12441722295939,5.9884663440055,21.3095018409652,16.7937425734067,5.30691918034548,8.64532506422242,30.8999118366851,20.1882590785414,8.55125595547587,11.4711059537513,31.9552237283073,21.1488853702585,6.60551871512094,6.26280357578855,13.7736296032741,16.110835285543,11.5091907284591,5.58214497483729,15.053976075758,16.9245884875386,5.68008137491909,7.76638027409483,17.1239925968294,7.05105577516504,2.89868088685261,1.93149645137977,7.32959660840754,11.2862815032116,9.31547686550157,6.38912315673797,12.4800872328282,11.3726392189936,4.00015201091911,1.92676451838008,2.63882966647706,4.43993562931061,3.15817116524306,2.77795197278597,11.510622778326,38.1212023196174,13.8379898947691,1.95163998747698,3.74064330933087,4.51316747104051,2.9029684688495,1.95245373955069,9.78901463939116,11.7949602622172,5.55277617696643,10.2471944683063,26.1382486148506,16.6352270096026,9.12192766426003,2.97631868540703,11.6507211698499,18.7586401356575,7.3159721907504,2.94885215929699,11.5432041761955,18.5855287408324
"37","P.Nakhon S.Ayutthaya",4.46949699754966,2.71675307694195,5.19250386480034,5.65259914395987,1.6935857424998,3.03374652961067,9.23125729724389,18.202479177664,13.7114033721075,16.2547716140085,19.9959492077089,14.2551766932376,5.004913432497,3.11129750482464,6.93648861520836,7.41596939506148,5.68168087430166,3.04702705379145,8.25236493735185,6.79233114074345,2.94833323252714,6.80521581985838,13.8939822988775,2.26840527328613,0.752142806722153,1.16963461450096,6.89248969259496,17.6071782147199,11.5589612103842,5.55832780611557,8.39971179655525,5.72424803913395,3.47333115905866,2.55661668893397,4.17511999604137,5.38126577267554,2.96438613631071,5.92358574390364,20.5782900582486,37.3926350083917,9.93045709553819,3.89096133776985,6.38936809149575,4.23909998378083,2.45133521197664,3.34376833720517,8.31864318036409,4.4039875660751,3.33639334888298,4.91757174371404,23.1959014274776,16.6425258599248,10.7377072224889,4.68000182316593,6.59269822045983,10.6826128572266,7.02940332137683,4.67187967187967,6.58125658125658,10.6640731640732
"38","Pathum Thani",1.11502236177347,4.83176356768502,12.2373704204638,NA,1.136635496866,1.21962155860461,9.20096852300242,10.7075598601022,6.75704402629477,8.36491087187466,19.8143826277531,9.82877027445273,4.08931223659164,3.14515499019422,6.23958167409498,6.34103828668189,5.38233984834684,4.88014946446954,8.75459245146395,6.03423886485086,2.47748897599399,8.54422247736668,9.89034054691407,2.41817617283963,1.23911477232835,1.36098603754929,5.45976956923842,7.16891482569567,8.18350689365655,6.85872333399748,11.8475910984323,7.96046396004685,1.84148127058841,1.37080317185577,2.99292025855176,4.84350454055704,3.74587161456087,2.99928497046304,10.9323937173378,29.6929212075841,7.86062547114269,1.53512559246253,3.6090212245874,2.12555851264043,1.63659467859818,2.12315707057839,3.42468143918638,3.97001287854727,2.81699944066442,8.73722217065829,24.4069288177077,15.4262102914737,6.6294413844831,1.89842787504151,4.2714627188434,6.54532595723267,5.50649183697122,1.87665607896521,4.22247617767171,6.47026200359646
"39","Pattani",5.09559333088745,2.6653872807719,4.74282148490293,7.36901189389877,10.8219531671791,15.3645950936072,17.5187528516637,13.7035577861902,10.7490853855473,7.41170802811508,12.5844625894037,10.885946166294,14.3988480422407,9.66538930916376,6.82936060397492,7.63057050723454,16.0096737767857,26.3256391126652,74.229259139242,28.7873878083152,4.99660973351603,1.53857989076083,1.63784310951959,2.01008017986495,1.47733025098238,2.11145123480614,3.7564190572714,6.77628535821507,12.2852221546578,12.9702442194973,16.4678381663281,15.9577723824153,9.78996087134512,6.29181837873769,30.8347129706076,22.765816118486,7.78311416845113,2.18747310240275,6.34842737327754,10.9849192751095,10.4835381922428,4.8840324074335,23.1052302351662,73.0491577861808,45.2125001794358,7.84502683324119,4.97857472109537,3.41189036830312,3.03989570976738,2.5743433585619,7.48168538582052,15.1012820229926,14.5614316368338,7.7592519897431,21.5560284567123,14.5313802056431,11.8019498694846,7.72132680721309,21.4506682602754,14.4603546419109
"40","Phangnga",5.87313224268592,6.88574125004557,12.4550907905236,8.10087205887714,5.08777039416537,12.8034313195937,15.6041819207548,9.00241264658928,9.28010223407401,10.5964335053929,12.5170370782454,2.78156379516564,3.82445607125431,22.9147571035747,38.4217263503903,10.8647555232466,8.53004092395739,11.3756271304784,39.030168947676,12.9446791484755,4.28106763384207,9.06173501156666,17.2820232006307,5.24286097097785,6.43612730745917,19.916223370082,26.4050574358184,15.8044869323876,28.1483583906136,65.29696088559,45.9119256226805,8.60848605425259,5.45388915541429,7.19495292986057,6.72160076342237,0.757363466301113,8.41359130560066,9.41339488438468,38.3125171794457,19.7681292572078,14.2347941502135,9.71995319468692,19.3464453009634,3.55152135959715,5.09563577249448,10.1898797097127,20.2244258872651,16.4032209961229,14.1494434884126,22.4464385810874,25.2057383514145,10.6031519264253,17.1443562380422,20.629139031698,32.2485637272629,11.9301045002591,NA,20.6455335999841,32.2741925855173,11.9395856963763
"41","Phatthalung",6.26787089379839,2.38776034049462,1.49235021280914,1.98980028374552,2.51165345422239,5.67511797316461,16.8768769957773,9.60150773366803,9.20965729799943,14.1138071765099,11.8162106594036,13.8840475247993,10.3484654435332,17.7940366426316,8.58627687259339,10.2054033685681,13.3196922388318,12.9794826339088,59.3371071668268,41.9713420850267,13.9104529117824,5.18310618370483,6.80282686611259,9.52395761255763,7.48637343899784,8.30082178135635,11.437760245241,28.0876643997058,28.8884561265282,18.6388275601006,28.5346999244839,18.4466746986563,11.6262187646097,6.0580205322258,13.1044549407621,18.3653675082214,8.79191399506967,3.7551657396499,11.3609675343645,9.83344248772729,9.21889609760458,3.62003364726011,31.1989741967812,46.1077969808919,34.7318174019364,20.9506250904686,11.9513793129719,5.80903695690266,3.74673544081497,6.16031423953461,11.7172987339602,15.5278023872805,10.9434157736315,8.41176346885831,25.8566138446156,10.6102925573099,7.01581664066106,8.42039189269359,25.883136442882,10.6211761373749
"42","Phayao",NA,1.50712080326799,2.72309326954102,0.308274709759361,NA,NA,2.15434994029373,0.307764277184819,NA,6.36393496469043,11.239530300542,3.6951880440138,NA,10.3501787633524,18.1984931236428,6.47742975587287,1.64494316873914,1.57597285489538,65.3686131987041,5.3446035948626,1.36902313570803,2.25354421044006,5.68507743997378,0.20486765549455,0.136578436996367,0.890269491423281,4.31438291997436,3.08170208569597,2.13039574071658,5.50447858138578,41.6448207672968,3.40589612223245,0.137611964534644,0.62157486351252,3.41866174931886,1.34674553761046,0.41438324234168,2.99117117568331,9.75608738115312,6.6779635550139,2.64762265707598,5.10025850625306,5.60679102913435,0.733598826241878,0.140010244227807,1.33273009760494,2.73560388455752,0.7365087381501,0.210431068042886,1.41136487451555,6.98625612885197,2.11704731177332,0.141891460574033,3.42351440871627,16.9036023930366,4.38637783616772,0.28573062907747,3.44452696956976,17.0073519122507,4.41330017976125
"43","Phetchabun",1.30321764436393,5.21287057745574,13.1574858325205,1.90470271099344,0.735671673991151,3.5801602908027,14.9061813976879,3.56343056981764,2.20999660444748,15.8774023363899,35.297073232006,4.17033036050747,1.13830649098964,6.49243514174425,10.0900473981232,2.96175520641426,2.38562566058053,8.17515419249158,45.8716985245361,8.37700985156544,2.68543001666619,9.92920077313588,20.1770752197339,3.27059822763766,1.13988329389443,5.16225746189232,8.82444335612436,4.62591902429311,4.9558145976345,28.3856878558462,53.1227436641839,1.40589491738861,0.367814725728766,0.702116178160977,3.23474953509879,0.802418489326831,0.903490754787555,2.27754650632739,13.5899190432697,7.63647946239185,2.24386782870147,6.73142904219802,15.4722398880372,1.55727089782193,0.335136689306837,2.17856161307405,9.72811551068836,2.11152894805639,1.61090040603012,5.60900907618277,15.1644766341109,2.72053733635212,2.13359019508127,10.2857608407846,42.4924129783897,11.2532333951158,2.45020730579576,10.323271720777,42.6473774801405,11.2942725261966
"44","Phetchaburi",4.16610935817796,6.21261921833556,4.16610935817796,1.20597902473573,0.654558453966914,3.19552626323148,10.6759627430688,7.29887248760826,7.52810819252708,8.45548620129694,17.4529907488309,5.42018346236983,4.39101023259039,9.69758616305306,16.3781455198229,8.18907275991147,5.80246947229004,11.5860186792368,7.56309552672401,6.11484319181941,3.98799033422883,25.237768213493,64.8895012306078,12.0501456681326,5.24413223281607,8.13720890904086,20.1130576729988,10.8260257659413,8.8030931122535,11.8095623713601,17.2398522117623,13.2857576677801,5.72802467239534,6.47737411432356,9.76829805950408,17.2381730461837,12.9891224539412,23.6484331005939,95.8593743498415,60.6467881128134,10.5243925703807,4.83717716161354,12.3348017621145,8.70691889090438,6.26971077845027,8.53476056555178,33.8637274052538,13.6280854191875,9.8988645923088,12.0914581405398,21.5379098128366,17.7249784105641,11.7262354427279,12.5122789699007,20.5830445485521,24.9899936332547,10.0129089999024,12.494606954871,20.553973595651,24.9546984209164
"45","Phichit",6.03886505389912,3.90573361694968,7.84151133864513,3.60529256949201,1.44293423577412,7.15860090860091,22.1525612150612,19.7613478863479,8.97268415538486,11.4486866849966,31.227799339471,18.6191799245471,5.42558470167713,8.62448509411545,11.3083283576689,6.78499701460131,4.05895833058504,2.97138255398214,8.91414766194641,7.64069799595407,5.82368333469329,24.4511386767869,60.2480910820084,6.91669927829704,3.21810588756268,5.40519202096486,14.6668974501462,11.7517377085022,7.78933045436607,11.8103357483644,17.0762844196712,4.01794927521674,2.6842920526762,3.35801781703199,11.859908381063,3.75487446813577,1.71454109853807,9.50660126124999,17.2498813208165,24.379832266754,10.4444980912381,5.35185690980091,3.9677559848524,3.6909357998627,1.97219682187708,4.20240253825113,16.6860100783501,7.32330442327587,4.71127398157351,13.9844232171259,39.5759177044662,12.399521919185,4.2455570351706,3.56934868779471,7.23262760421559,5.35402303169206,3.20776475515831,3.58900254063601,7.27245251655191,5.38350381095401
"46","Phitsanulok",0.950476604612425,4.27714472075591,8.19786071478217,3.32666811614349,1.66192372562367,3.0410922655545,12.0557586241625,6.22041599772511,2.91887774736803,12.1418403482028,31.8427647443532,20.8145834540619,3.8125834430733,6.19832441245377,11.9749273854526,5.17834697749302,3.17332557862738,4.85499424252497,14.2713338822609,7.69359974722707,3.20254696712079,10.6901131279271,23.7894032107794,4.85736892126615,1.8702554809341,7.78474252742565,20.7852625482265,14.5963922389231,7.76852738003719,10.516250906105,21.4205553511807,5.18051474525837,1.00616054590942,0.579103177654956,2.49014366391631,1.79521985073036,0.50115430336466,1.27056143799833,20.5022413858822,20.6177469711548,11.1680971703024,2.96598287279708,8.00237586783889,3.35117545367982,1.34675290698326,4.22967439581985,11.8238625155873,3.28761055311452,1.27021738752475,7.08853464193847,26.3508570385104,7.97460147218078,3.04138733197701,3.41384916201775,11.4481665864216,8.18146609518047,2.86944649831242,3.42229732919196,11.4764970780661,8.20171256478763
"47","Phrae",1.60987043762718,11.3048679620042,19.5330946432098,1.8245198293108,NA,5.03441019367376,12.1904646832529,1.07880218435866,0.720712574622676,7.43001002690674,21.2079897855396,8.7645263909628,2.02315017043797,13.4561459861619,25.1760150708835,0.759621144380106,0.870669220176462,2.32515894641235,13.4604904632153,4.03269754768392,0.363850559813185,1.01979791975793,4.09740235617025,0.437056251324827,0.364948080623407,5.8470043604035,29.5456439086639,5.48156658787828,1.17452829842415,16.5168041965896,38.0987616801334,6.16627356672679,0.883433192323591,2.28438702527122,14.5906010001194,1.98962740910719,0.738560876266524,8.9667489236196,61.0813454569707,9.89306596118361,3.26844547779658,1.6384993729016,2.73703872518791,2.56946492568661,0.522996614677283,0.973585866528867,1.96589453818329,0,0.0754615606356278,10.8664647315304,13.8094655963199,1.01873106858098,0.83611754269725,2.97244769635304,18.4063107351092,5.03029610152052,0.994702317911754,2.99139398959915,18.5236320125178,5.06235905932164
"48","Phuket",2.37719415020064,3.90916371366327,5.46754654546146,1.42631649012038,1.63467700562484,8.46059909196365,22.476651804554,9.02124120046727,14.4110440753842,18.6556241248974,27.7601640901067,13.9917180936731,8.00014036996216,8.69396378094689,7.10007042110663,8.11436619555043,8.5094006111856,12.7173608932674,27.4836299304502,4.94564034738178,5.85186651452494,3.87913716906111,5.88797606018204,3.87913716906111,5.90004505980561,13.9820272315766,7.37439178181543,5.27708769707893,6.36839467809594,66.8668266536986,79.1565793785878,23.258026662156,15.8236135018457,6.03544530808793,27.0301729155081,11.3811254381087,4.85170393039886,7.94921298563137,20.9301086589762,33.7418721411374,17.9172004635247,8.37443856022672,9.26577731787462,12.4372849904357,9.0893104078127,12.8389211080802,19.4412143994188,16.9425003230045,18.3580387459834,17.6035770468559,20.6441949004038,16.3233168979937,14.9213331746927,7.07729451115599,14.7175556311539,11.5810273818916,11.5835755711032,7.00438968285238,14.5659467268407,11.4617285719403
"49","Prachin Buri",2.19786016334497,10.4032047731662,10.1651032554705,NA,NA,11.4647527785699,26.9929622381519,9.0339349426073,9.61182497573013,18.7649488077762,30.1502206324942,4.76341008197396,3.36658180611447,9.21615527721338,17.3070822938367,5.25106521608669,5.75643394300892,18.098506979636,47.4819653701038,12.1366458569324,3.03895000211757,14.5640289591996,26.5424150959326,8.86506110559976,3.01439852014107,13.230652271157,29.5064546682151,15.5407661597717,5.99317939786683,13.1437846589084,37.032091697718,5.42441906558123,2.21626152185158,5.53026610949236,12.8578687045697,4.35508456122523,4.06091977750202,22.6196590275472,73.8404674637862,42.1798201015203,12.4136208675316,2.59805610707273,6.51223274207046,5.33285200925455,2.65332497275676,4.27141811081279,17.1365226588561,4.6782198356521,3.03684653030869,6.73836284736261,15.2623918492763,7.17635643244117,7.89574051206776,16.4752432461631,49.2738063888833,14.9897704944599,6.73274679498679,16.4201954945406,49.1091707464796,14.939686064705
"50","Prachuap Khiri Khan",2.12297912606048,5.0547122049059,4.70088235056249,2.42626185835483,1.00470357704681,5.72900220766434,22.5829273069559,10.4920679965946,8.74903479208291,21.2936345919723,14.5815106445028,4.95969749813019,2.56191776986463,12.0465993890279,15.2710288450585,3.43720906480416,2.93214313165495,8.5191948515449,22.3384994771425,16.3880694854146,5.62847224302228,9.21896657318763,17.5998452760855,6.96257615317668,3.66192101745719,6.02250237536463,9.41816860828299,7.88050842733883,6.68714000285471,6.85574559089862,8.99816608805443,3.33265410668683,1.70252551915872,2.92988778529782,5.47016283318902,4.7688599058571,6.02286759794532,11.4296164220729,33.1304421964139,28.8211678967405,9.42685509858567,2.75745938721899,5.33108814862338,6.43407190351098,4.94020886603846,4.06937371123846,9.4294069950712,4.64637446133943,5.25041151336206,6.19605521828161,9.20384901356395,5.77496408694208,6.34303215191752,7.44536734716114,11.4858410904376,7.0821786960801,6.63908982423719,7.41181298368859,11.4340773467879,7.05026113082573
"51","Ranong",6.91421396449966,5.90012924970638,7.46735108165963,4.1485283786998,NA,4.92532657651495,9.44020927165365,5.47258508501661,2.56561587990438,3.11776723850186,9.76594737942494,4.40155374847321,4.92121985474096,10.0138919992644,10.3780335265104,4.36969832695175,3.26659801223808,9.97195161971691,13.5981158450685,2.99158548591507,2.00750441650972,4.3800096360212,3.01125662476457,5.20126144277517,5.10834888197994,18.4998703101875,10.1558566393555,4.2912070307136,6.61044385259097,16.7524050995074,20.893449056689,8.47031718514419,2.18535191088242,9.59815715382646,9.06492620083611,3.73261667093251,6.17693626373507,6.52026038747969,19.6929486027258,9.25172082007253,7.02012249327188,2.97620610752507,7.61558621631416,5.25212842504425,5.22398009567472,12.1611385605381,8.59966226780912,5.21191652594492,4.49000530791261,16.8933478133457,10.0842943579666,3.10285980245126,6.86680766896479,9.94656294802406,10.9326446195954,2.57238696931657,6.51104462890021,9.93628783712711,10.921350855463,2.56972961305011
"52","Ratchaburi",7.99819108580556,8.17860141104929,18.8528789879702,7.87791753564307,2.87807942436833,4.34681524001399,21.325316051353,17.1081076877615,12.4088783895576,27.1382008889357,54.4460155334273,23.4066982667071,8.99441275389388,10.646644618578,24.8487918243304,15.6720197836904,11.3663957214029,5.06318699140682,15.6642347546649,12.756857849443,7.96138943486139,10.3547669134093,29.1744573491875,25.0404249312865,12.2119055718334,12.0369215906302,22.9368049854028,22.9956173058782,12.6729971120114,6.99314086178155,17.2582121547039,16.7014956335844,5.38025328730809,3.61031767338839,15.4974806511938,15.324646294489,10.4329994216501,25.9056536023229,81.1946798371623,36.156781322177,12.5956255912072,2.25609163861848,4.01507833991424,2.06489743195589,1.22198452491428,1.10663623035434,8.95802948536836,10.4176445133357,9.88628595556302,10.2317295860769,23.3936279995098,20.9597744132695,19.8723247150511,10.1996250679176,22.1726811861781,29.3335081840488,17.999409389968,10.2117478865329,22.1990346443145,29.3683726811942
"53","Rayong",4.79887569198074,11.6544123948104,19.2811969767083,10.0262224278883,3.88973586482947,8.63032797473485,34.9528282976762,16.2862640813545,8.54917063676613,27.8279243145808,49.9105531004174,15.1120332628105,7.85630567316008,12.1859977032853,17.6803394625177,13.090635087372,8.87305196833603,17.6143942530033,52.3727686691672,20.698219953084,8.48467180449796,14.6317045935852,29.4944361018059,19.7913056871125,10.3545066034987,16.887974753738,44.5010737727231,32.2887994918484,27.7871446683608,20.8088359952332,33.3262652488979,17.3489345233417,6.68350625170479,6.2409379404034,10.6676497353407,22.2786970663238,18.2026956037902,38.6067486119898,85.7940970233768,53.6257735035839,22.2474698494153,9.27962026669066,11.2128744889179,7.1706156606246,3.52117324517732,5.9909269715219,10.3689120660956,7.050860204945,6.22223925018427,15.5607848261026,27.356131924606,20.8913743802339,14.0328273664685,15.3287913360413,51.0772409254454,34.5234948565387,15.4904124423342,15.1284655166371,50.4097329714924,34.0723211635698
"54","Roi Et",0.191045469585943,4.68698218717514,17.423346826238,3.3624002647126,3.05849846757553,10.9903111864538,26.2199245416964,6.80838303197951,1.7331579882185,5.86065353421615,17.0468574538722,7.52966573635162,0.916626540387225,3.76674291775979,10.5176115592178,1.7561166305772,1.14910215410276,4.44424692235901,24.2901081791001,4.40593444889039,1.02022641240928,5.62955490853884,26.0207707650336,4.24127100575437,0.865919254921013,2.85214142343248,15.7950064096785,17.1892451858654,9.11924497158465,20.841008582521,57.268187092129,4.39495596636292,0.382199687742796,1.12116250282202,5.6185529970967,1.60530085631334,0.713524399693929,6.1417766707289,23.0125491023577,16.5904423761183,8.69052085765727,4.53649623967788,11.7362725751217,6.26953974697055,1.17269561117337,2.0654708355518,9.2754940300243,0.917987038023023,0.408501433860443,5.5674267736532,19.2880691321173,3.75418227397716,4.74093329258104,11.6275488203043,52.1892133308692,17.2873159613134,4.72944516868655,11.6511176971219,52.2950001273135,17.3223571059858
"55","Sa Kaeo",1.94755692894385,6.86281965437356,9.4131918232286,3.15318740876623,2.95908373208568,11.6975265887858,10.5739483769682,2.67811792953779,2.76604184802877,12.6585934336312,23.0435560078237,5.16175654575252,1.53307108051635,7.53537952582246,8.59217055688292,6.43264105862893,3.97220024630369,9.53086166320868,25.9349408720005,2.47435831640994,1.58174594884248,13.0089129290358,23.2063201432683,4.65038242556653,2.96894119896145,6.47381945062079,22.6432423307928,10.1645015673298,3.56460854523642,8.63234133847169,18.0192579687678,4.79909885600349,0.722339331117005,2.09484751305689,5.83564664351561,2.8729337321923,1.25264666937447,3.93547960079926,40.6517154218924,22.1817941135958,8.91885561305177,3.08456330295038,3.11422256547875,3.20320035306386,0.769555260402854,4.72736125785628,16.4866723867738,1.5954844245265,0.647705060918679,2.58989739886009,13.8618372143534,3.61997022795217,5.63810034750187,15.9260744900536,43.6332843071712,13.549048446762,6.11159034985753,15.895837188667,43.5504419991744,13.5233241754331
"56","Sakon Nakhon",0.359368374145602,5.15094669608696,13.4089324603078,1.66207873042341,0.597990935802561,3.6737232019813,11.9396004064392,1.52325108374834,0.387957230669489,1.19212707359328,3.46461930763048,0.804685774675466,NA,2.04825875741937,4.47500011131841,4.05199015054702,NA,8.24912842617015,15.0442737844182,0.178038743010867,0,0.472321655770797,1.52766535538367,0.265680931371073,0.147198595859161,0.293861296292705,0.661187916658585,1.49869261109279,1.64042307034825,8.19713644748402,10.0122166608555,0.219566154843322,0,0.145848665674312,1.18137419196193,0.656318995534406,0.0874274390619987,3.22876497994239,14.027674879074,2.79244538805828,0.959011589101244,1.68193164629789,6.11150162857381,0.608975251245789,0.289422473587278,2.69031365585855,3.94868617230851,0.347137245917232,0.173485253918552,1.64731790634564,4.40007282879165,0.780308481953199,0.957613412040856,5.63821055984525,14.8003027195938,0.741104996268318,0.814157871322388,5.64140769988176,14.8086952121896,0.741525238901984
"57","Samut Prakan",7.32070917706355,7.15802675090658,11.5578469128791,12.0237102241468,7.45155069611603,8.77480480417658,28.6561299275468,28.0241696477758,11.8083212239452,10.4515199802996,35.8429866721645,29.4646960540501,11.54621484265,10.1812945431636,19.8282117484264,17.5078890970148,10.6857524833313,10.6935012600878,18.4296676509674,20.3204227312809,10.6574755679998,14.9867598788634,16.6966129377701,7.84761244565937,3.48293308672281,3.35585785123079,6.78554457518867,12.0005476760013,13.2566904949113,12.1017071862474,11.8705064485189,12.3263021886122,5.52713363083106,3.98652398558598,4.31873431771815,10.6698141967154,10.1146257623609,9.71484482403633,17.8964449079396,41.784140271021,22.4025446493386,4.60290649386186,3.01350508023553,5.45482565156557,3.48510365367663,2.71368784147239,7.97145803432514,6.3319382967689,4.55792126369318,8.42705331970133,11.971372804164,10.3727112185147,8.92199272133329,3.45300716227678,7.93575038901825,14.7986021240434,8.19415619313356,3.44035541820346,7.90667397004974,14.7443803637291
"58","Samut Sakhon",10.958985729911,6.73853491483201,9.09702213502322,6.70306894159605,14.1101895146151,10.0387747675396,32.0508798567801,27.1883483287531,17.554875960658,18.7781414179767,31.9847463712789,38.5880488479301,10.8674849085693,3.65937705204651,11.3339039250885,15.6540018337545,19.0351080752136,6.34477931521799,13.3741269249727,15.4278318085827,14.1858280206174,14.4126579823851,27.3676721460972,30.5613861308302,13.3370726823503,11.8713708096467,20.4540510571616,40.6193390405751,26.901662216553,9.46316291492993,16.4978651480484,19.3650155014129,6.19529138849136,3.05555861111417,8.47917514584181,12.6500126500127,12.4979155693035,11.4959252333763,15.9865210276639,55.3241401856233,25.0147032289302,3.34233418064437,3.91404923785985,6.06897522274898,2.14163738538731,3.34507570252357,16.8695628101404,16.6965416531133,15.7028911587441,14.0812230026754,22.5755640042894,26.8512390051017,29.4857059269055,13.5335156377499,15.7369766922154,23.3709030551059,20.7375145700973,13.5199080646252,15.7211536003572,23.3474042628611
"59","Samut Songkhram",6.69371614524334,4.80574492479009,7.59479331864148,9.01077173398142,4.12130611485112,6.18384573366176,24.7353829346471,26.2813443680625,10.3143521519229,5.33617011021773,12.6518871968066,3.09842135431997,0.859581550641347,2.23302088218067,8.24500018035938,5.9260938796333,3.7784964332844,3.95013894184365,4.5083107488433,6.18282616984223,4.98123307546116,19.7551732786373,33.1113882561507,20.6140938559693,7.89990824894605,4.80812160426412,11.9773743534794,15.9698324713058,12.5325550170733,11.8441312329741,11.5866501192138,15.4488668256183,2.2305121440847,5.8306238081519,7.07391859077252,13.6333703749434,11.8460292882213,21.6417871993982,39.6766098655633,38.1307679227491,12.5429336635165,2.75053033663053,1.80503553341379,1.54717331435467,1.37575749778904,1.72006611934163,9.15935208549417,10.578406633951,9.47420213354612,4.48341567298656,16.4248208789219,6.72512350947984,8.47989022809229,2.77702566665972,13.6681732030908,21.608730968696,9.22860973973023,2.79463290750114,13.7548338416072,21.7457373114933
"60","Saraburi",1.38041691838975,3.62697778557307,6.61788110875087,2.8420348319789,1.99219761329392,1.98399931364348,9.89318576668168,6.91718679621646,3.79025585212488,8.59573444838506,18.0347213268332,8.97655812647807,3.24895401608727,3.5094311913925,7.53177924921929,2.42960620942558,2.90297148852795,3.49206656201212,15.2710756961838,9.83151047458796,3.79058779793087,11.6138635434963,14.6638345887494,4.95453811717962,2.8122062369045,2.59582295004153,11.9593271626914,12.078523114479,4.48201767232803,6.89335817047117,21.5877877056168,12.3133268083225,3.45804029272512,4.18187169076732,12.8592554491095,5.41029649993022,3.23352718519519,15.727569335406,30.543772898065,29.2157827720622,8.99636532482833,1.76520673685959,2.99825556040122,2.56993333748676,2.01855124313369,1.13690860081692,6.55014387061567,0.85268145061269,0.46446027393867,3.92210897992654,13.043592693111,9.9858958896814,5.2764054805758,5.28091353591332,18.444367129109,17.9395739234702,5.64251513587341,5.27980644850713,18.4405004635359,17.9358130824286
"61","Satun",0.878790222228471,0.468688118521851,NA,1.23030631111986,NA,4.16075781268962,8.4948805342413,5.54767708358616,4.21897927998491,21.8354765080979,16.1207228907441,10.9177382540489,4.85137300313657,7.40334429252632,4.20644562075359,5.3842503945646,11.420782669549,30.9597180896527,44.532237359313,18.4099752211685,9.99811364974995,9.69882426275314,9.6443364859961,10.2981898070806,10.3625218374686,16.0322107557842,8.79619616970041,12.1048571142666,7.5859914366856,10.8739801645809,14.2321210977603,5.11716713627336,3.59833909501741,5.27554710061207,5.8558572816794,3.64012749942233,2.20955782467472,1.1544484045523,5.90342934146065,6.45441607999698,6.68251869719582,3.64925450943593,16.1088520487957,7.50703784798248,2.49323180237174,2.38410650944003,1.24388165709914,2.33227810706089,1.65077464197471,2.57530713112846,4.09473833849425,2.62681327375103,2.88027559628097,3.29118558789831,7.25089324833846,2.314114866491,2.87395364935289,3.28371840062391,7.23444210137454,2.30886450043868
"62","Si Sa Ket",0.727645180805967,7.20715226703054,15.5404220757846,4.19262223226296,1.66403462052531,9.36581629679786,21.9923241932216,5.37667231853211,2.1689042572102,8.55028825533788,18.2874763628318,6.22258174916773,1.51718744822694,6.90776843966822,14.664664561289,1.65235657028608,1.62966552354128,9.96187631251737,30.7291749156282,10.0192603926586,2.13167880101163,10.2168859754383,24.4279572399323,3.7370488970563,1.27830938838333,4.46867866643685,14.5688044278222,10.4649158566047,7.21640143061656,25.0475528131405,54.019449731882,6.07420218084333,0.772494422691394,1.95170926612554,5.80406563734428,2.3488594074883,0.771153489403583,5.2822213803918,33.9377056070667,25.2662477615737,9.56616090622431,0.837844674013885,6.14796835120999,2.24180061425337,0.905341128145906,1.15409864556341,7.55255731287818,3.05496700296196,1.0636394889141,4.20950002681859,25.0363408853122,10.1842742584321,5.68916965437794,9.36984372928922,29.6349874535507,9.52981667100879,3.88732097822748,9.37642647463745,29.6558073926491,9.53651180469224
"63","Sing Buri",3.24595530783249,3.86423250932439,4.98485993702847,3.24595530783249,1.85527046308378,1.08249710432025,1.62374565648037,3.24749131296074,7.27452996956605,4.48987996538148,7.66376063056494,3.01905721810134,1.24042819715604,NA,NA,1.86340322648269,1.712023761437,1.09245100747393,5.26717450032071,2.34096644458698,0.781679923958177,2.03236780229126,3.9865676121867,0.234503977187453,0.313058601432443,1.56722616640807,0.940335699844845,1.41050354976727,2.66821440455838,2.82808095853091,7.42371251614363,0.707020239632727,0.630094334224203,0.630638300555908,0.472978725416931,0,0,3.95717388138609,7.95391950158604,4.03631735901381,0.950851879056,0.158663671096556,0.237995506644835,0,0.159202459359592,0.159202459359592,1.31342028971664,0,0,0.319827037538099,2.87844333784289,3.83792445045719,5.15483244747866,5.82812849080613,14.5703212270153,4.85677374233844,3.09659081648951,5.86722470492749,14.6680617623187,4.88935392077291
"64","Songkhla",5.50978742032508,3.6480327668819,4.56633067026941,7.2457478404275,10.6884535460937,16.7444246805333,19.8949218726605,10.4808619460864,9.44316539516425,9.52413549868522,21.6153231435004,18.0437723314935,14.9511732195968,16.2856488062472,8.82446354999142,10.7588449127244,13.4389010023811,19.5560627452128,68.3608751947681,32.6259500662029,13.1261495433696,5.488763509733,4.91449860508032,5.80309798385868,6.15335491170457,9.90486057649646,13.9579391174841,36.1539402398751,42.3826916835563,44.5537712638404,41.4435707338099,6.77940459700721,4.09582480976125,4.51351940848792,13.1860933504516,8.5780499752938,7.5864102969568,4.13891710877827,15.8913252060052,22.1526131617564,14.8451817883745,5.4064301411991,33.2811413886802,67.5452700757602,58.3887390854567,18.3346037259265,9.98165608936863,5.72374684844914,6.10976544611504,5.17653132474633,14.0671658421358,22.6676360475999,15.9441707705951,8.14311916929918,26.8442939950679,22.6794035316871,13.0491006484632,8.12646928427461,26.7894066233752,22.6330319321344
"65","Sukhothai",0.413017655678745,1.48686356044348,7.64082663005678,1.15644943590049,0.441228881244244,4.47155346735849,4.30594037597484,0.910872002610062,0.497574828045763,3.15188955778989,17.2939203368209,4.81077879873195,1.49461709004296,2.93574485386084,8.64106032457152,4.73596575481324,1.93948162884826,5.15374793850082,10.6399957440017,4.4056232377507,2.26915682412552,12.1694675802618,22.6103176065091,3.40191934630045,1.82514260052775,2.76527412992032,10.618652658894,6.80257435960399,4.31524438322767,14.0534917947526,12.9054211067955,3.56870165654151,1.8274293038285,2.16050203419576,6.980083495094,2.82527189087138,1.44252167893453,9.94061730678133,9.20478948937992,10.0794527440269,5.8917775188097,3.00340886906639,6.71595594332901,2.50284072422199,0.557146931244126,0.502296331395028,6.94843258429788,2.67891376744015,0.839004896344086,3.86507851150785,18.527169821467,9.41062594106259,7.67703525176541,7.59788370588479,15.9045252201543,7.2293296455247,5.40764374792824,7.63073614964443,15.9732947013079,7.26058850059451
"66","Suphan Buri",3.56047586946821,3.79784092743275,6.64622162300732,11.0374751953514,3.51679057045341,3.39452155797488,9.26585971784421,13.262316784646,11.0510363495136,8.36697884969828,12.2544666642987,12.7872695627464,4.02115379208319,3.86199286713562,5.79298930070343,8.68948395105515,8.32079367204514,4.29953308648491,6.30137991344922,6.80430694879493,4.29071489910955,9.0482642281988,18.263724643223,6.13708356347397,4.99301569792161,4.5593935692112,4.80505055031094,10.9661276362925,9.93660987526449,4.78964995903279,6.09502586999869,7.24336407738975,1.72669839372438,2.07916764250242,3.64835076891935,3.76603950340062,2.74790211903906,5.97085046515675,15.7324053374689,24.4529895694742,7.02021438004224,2.6603975181621,4.34270771347049,2.99294720793237,2.1182680727884,3.57400948879882,9.04302950325196,7.06946931850316,4.87782956515412,6.89247192400794,21.7999040567908,22.8633140107806,12.6233443746769,2.822069697967,6.3794674158268,10.2548448179646,9.28665956269844,2.83310987677967,6.4044244397625,10.2949626508332
"67","Surat Thani",8.86210563629918,6.93854782376913,8.06348565163269,6.54353148726742,6.37312672731063,12.7437841853705,14.6672143782423,4.57556081123676,2.7609316957503,7.87886529587821,14.4837013098697,8.19737261634989,5.37431821638043,7.33052574197416,5.34795173448569,4.94810487583256,4.15916505508728,10.177221993866,37.3741186328137,10.0290100230815,4.67588857939508,2.76885230094884,2.41867392171119,2.63855336913948,2.49318448919383,4.97506651728545,12.8657158474606,14.7313657914426,15.766640272983,15.1889485979062,14.8765176932025,3.98950232160195,3.00214104970104,2.19723110667844,8.90833916077236,6.16180027742431,3.30461641929652,1.8396702042256,5.80447667884972,6.13752042271815,3.82273392958037,1.57592342020769,5.05871417886668,6.19337904141621,7.75681453610975,7.74172599116816,8.46261545593281,7.19322313754289,6.65793461815589,9.42562959772537,11.9614984878419,5.71155700789318,5.64988276407689,2.4975196507968,5.85356168155501,3.2779945416708,4.26458948731951,2.4864859488679,5.82770144265915,3.26351280788912
"68","Surin",1.71198946288698,6.89652492850926,32.7281389873182,7.10293500559493,4.85002885802639,15.4603700795797,28.0976475035622,7.59690598737969,2.88044450017911,5.73366612789559,14.6607665548723,3.19343429908109,0.579315721094988,4.99362769683035,13.2801548169329,2.2796996007269,2.43878935260934,19.0524623677647,63.0252557412748,8.69313872293446,2.11946045487313,7.18952032434114,26.852497733137,3.46251146055226,1.20103234674427,5.04252287504484,29.6068128806204,24.7803981287918,15.1740669386808,21.7489822530221,46.7076160720188,5.42526925144219,0.45399457882684,2.41333960323741,6.02140178233493,3.65585108213192,0.573345974474111,4.7292605801083,34.64541652246,25.5093449472508,12.0999015777236,6.29840106500236,23.2074607423525,10.9148427546916,1.86027883362746,6.03304439104524,16.2749122406655,1.71691381879548,0.739664667523721,6.22838410659557,29.9964705823396,10.2732542447869,7.15675044837885,10.4240660000585,46.0376093529267,19.372800153241,6.87628089058306,10.4391465573826,46.104212231967,19.400826896667
"69","Tak",2.26019347256125,8.97799073822942,26.1334870264895,2.63689238465479,1.30377070489268,3.21983417853981,16.393290360931,8.54494455074025,2.56132157516451,7.44073391294085,32.665463320389,20.9751723235488,4.78142702694261,10.5893781562054,26.4417406654949,15.0280396588064,5.41818106517691,25.1717769768005,71.5606627270639,7.81517763992934,6.19324577008076,10.2652814873252,17.2038513815358,5.51283635430429,3.14126648882946,2.81767924666528,20.3812132175455,15.2154679319925,7.07545378952428,19.0280967146261,41.8401899350018,6.48685115271345,1.57231854244723,3.50376735847206,13.4221241886083,8.08561698108936,4.26251028260324,13.2918753411977,55.6201688384642,28.0869984888404,10.2007788560775,6.3120828269439,14.1245787848827,8.6144409072636,1.95454200667337,4.98974556370887,36.7739156468238,13.3653899027916,4.29184319231501,8.21289424396302,30.2725278687539,10.967218533097,5.63840852167996,9.34953588008723,33.643409696165,12.084772440751,4.1997842681582,9.26222897510973,33.3292441577752,11.9719236220833
"70","Trang",1.72037514008769,1.20153184387077,1.63845251436923,0.491535754310769,NA,4.49960343856442,4.96040620034511,3.41536164613926,1.67157014294375,5.71112996861572,11.5569563987554,9.05160221440983,6.28207610133085,5.29985112236393,5.90210693172346,6.66496429024554,3.7318053978429,5.95705389644513,26.8466335199168,8.8557988728403,1.79786284800992,2.69021395113305,4.74743638435245,4.51006456513483,4.72828802677442,11.0055452225714,11.4772114463959,9.35471343918572,11.8625389298236,14.1422933894433,21.8005279093724,8.84545656645991,4.27138275469953,3.12113272148728,8.7001574611458,7.72480348568102,3.53468347182713,2.38954584083962,10.7529562837783,7.09071754944801,6.64188316303121,4.25043126326964,18.8159335191083,9.01920780254777,4.14658843655315,3.52450672455151,6.10309804141088,3.96507006512044,3.78348369356031,5.23453841736581,14.0710611912358,6.6079569130113,6.18356179506166,6.08828956529613,15.8841913658687,6.166344559723,5.10451547935878,6.0957692235553,15.9037056024808,6.17392011103678
"71","Trat",3.17398421169568,5.13883158084062,5.66782894945657,6.12125526541309,4.96494324515323,9.91763852010801,7.10012757689551,7.66362976553801,7.70711347745142,28.02928378362,20.3401694483837,5.68161157776081,2.41914512318448,11.014495377684,8.939847275723,5.88445643465311,5.71279300972632,25.6741722331575,44.4793773337597,12.6118740794458,5.84246574847399,22.2865390799698,26.0258912745956,8.52572300374683,7.60822709604389,16.6659226522625,22.0972278023303,11.3834203830186,9.50193101385219,38.7131224135629,40.1593022738397,6.67467627820051,3.07834842276805,5.08495507078984,10.7873689716042,3.2688996883649,6.39246682130534,31.6717297849373,55.7887350340181,22.8820983537965,14.2305077227502,8.85409182418967,10.2330077640225,4.57219495839303,1.74045015957739,2.31970794876925,6.19796967561784,3.04461668275964,3.47903484977385,12.4660445240725,28.0486001791632,20.8733768775168,11.2083590845645,36.0264174280347,31.1767073896454,8.75135646025134,8.46495827770856,36.0516575004963,31.1985497600448,8.75748765194241
"72","Ubon Ratchathani",0.336000994562944,2.42667384962126,8.23202436679213,2.57600762498257,1.04189205426778,5.94093338375701,9.10633695229003,0.807595631854468,0.536688301393754,2.30999718734742,6.68051186580875,2.05127750236451,0.515631763225555,3.38281061555387,5.97047688804956,1.84767645034328,0.330596502277183,5.98365947030664,16.5193052861226,7.62641260709328,0.821708847726677,3.32070734715623,10.9200183916099,1.83368729884177,0.199843450106541,1.92392544679992,6.49324838294974,6.3435089024205,4.46747987298675,15.630627138708,25.9938232821173,2.73761851042111,0.432564913689089,1.79459528915147,4.38778548197535,1.48054111354997,0.823753998422423,6.96023095799796,47.1023341823384,23.2961971910369,7.78446514846723,3.86885197968443,7.5549586469644,3.904509601617,0.836411480073733,2.47170695726828,7.24174574350723,1.5203665096866,0.727872351709513,9.51292746499296,17.4507200185715,3.30112781434457,5.83200648446011,29.9816556552385,68.9587008496826,11.0087496792463,5.7275051049175,29.9524204285141,68.8914589576023,10.9980150054669
"73","Udon Thani",0.293985833802622,1.67680808909644,5.3897402863814,3.16851398653937,1.19617793848519,2.21407644685012,7.42366808649745,1.66055733513759,0.476705275036918,0.974696869273656,2.74539618178746,1.26710593005575,0.323915333165792,1.81254879316617,5.56711415043896,3.23669427351102,1.83121054447792,4.15561284415957,15.0021930008714,1.80866051248396,0.171872149510694,0.321068928361816,1.83009289166235,0.449496499706543,0.149376008269283,0.809907815439912,5.65869802629728,3.77246535086485,1.80630407385775,3.7147891061156,16.1434120868624,0.891549385467745,0.232847154971745,0.148133852055759,0.634859365953254,0.158714841488313,0.0633885968782659,0.401152871124995,3.18283133274174,4.24377511032232,0.822212221698529,0.442172659580113,1.61077183132755,0.852761557761646,0.210226408116018,0.735294426594297,2.86764826371776,0.504201892521804,0.126051267576554,1.13446855820391,4.6166567715798,1.76472886831719,2.67384938877557,6.46265510106508,17.8095043122279,2.45538376372703,2.4681520319893,6.46873197958094,17.8262507101774,2.45769257776842
"74","Uthai Thani",3.36417157275021,5.50500802813671,11.54522517012,4.58750669011392,2.24030919102424,4.07017800923523,14.271061644881,3.96842355900435,6.10066764107386,23.2815141727488,16.3173931210751,3.65997602715702,NA,1.3213033743039,3.50653587796035,1.2196646532036,1.93083360492458,1.42261676127068,7.24010316003829,3.96300383496833,1.6227351641442,4.45863099761869,7.5999392004864,4.10396716826265,3.74443806417568,8.69910014889623,21.1661244901923,14.2624781510973,9.29301297561226,12.9222835694174,15.6733165949379,5.60302139142707,1.30975784018964,2.41760499960714,5.8929121865424,9.51931968595311,3.6293694343742,14.3304500871433,73.7210830187194,58.583283630892,11.2085232371456,3.738030724592,3.56123197410454,3.48546108103849,0.707663290003197,0.50591976719596,5.00860569524,4.55327790476364,3.74932705908544,10.7520991952155,27.5395748254813,15.0630823631085,8.97420753895241,11.7634543230183,26.6979267678937,21.481090502903,8.81026767000459,11.7906634349996,26.7596796220426,21.5307767073906
"75","Uttaradit",0.644777197239494,2.79403452137114,11.4985266841043,2.79403452137114,1.9368132580636,5.96001048387386,12.8714684245107,2.69277582102735,2.01507956828273,13.248342337166,44.8211581787273,20.3045246689174,4.17719630107295,2.08955697069,2.64797305768474,0.540402664833621,0.505362292146648,1.95210827693909,7.3204060385216,5.09717161200764,1.95163055268,3.82980629851389,13.4946476650466,3.14333158462933,0.867547765886637,2.89229456574005,15.07608542392,5.42305231076259,4.48623376624682,8.0364900086881,16.6702867072111,2.60642919200695,0.217202432667246,1.95750900454142,3.53439125819979,0.97875450227071,0.580748404173341,0.7274891222189,11.4579536749477,7.31126567829994,2.4042314498524,4.44841155245188,8.03995694521015,1.75019470916139,0.804606747784604,2.56183351156375,9.60687566836407,1.86647870128216,0.659871829681137,3.89903987982129,10.1522170455724,2.97945500250495,2.0005922550638,6.23962383981994,21.894394366511,7.68810794549243,3.12845964982834,6.27594430547711,22.0218402861831,7.73285994782001
"76","Yala",1.69962884355129,2.47862539684563,5.41756693881973,7.11719578237102,11.3968735467862,9.5332827228177,22.2384848809847,8.30657354892572,5.16127146451379,3.53920397057048,8.69186857478338,14.8854755232817,8.39309361731899,4.92428905576757,4.71911034511059,12.9262587713899,13.0892454652347,20.7250248261494,37.2645397525554,16.6070231505953,3.28985461071219,2.26298253110603,1.79707436293714,1.89691182754476,1.18964815652309,2.89776042633959,4.59360885766332,10.5702397369887,8.96018493774131,10.6138241478174,8.98593700858157,4.10227559087419,3.29819192025843,5.14662410408533,14.4266306917642,10.614912214676,2.88681680887841,1.53174835672122,3.01562957729489,4.59524507016365,4.82018007738317,2.52862881941481,14.7924785935767,27.30919124968,17.3156163573235,4.00756929650878,2.34818513467311,3.19353178315543,4.17578994683526,1.86452370741894,8.6234221468126,14.8229634739806,14.5668963608234,13.3679414484165,38.8041633710978,18.1024207113973,11.8822323203952,13.2764413236612,38.5385588422943,17.9785142924579
"77","Yasothon",NA,1.60630065252875,3.15082051072947,NA,0.494423694707786,7.66448352506904,6.90730672521343,NA,0.309120543527241,1.73117134763034,3.66328222668205,0.927413221944823,NA,4.51238154225784,7.55669374713727,1.01992185544184,0.989710293347604,2.9692699122024,14.2896114524741,2.87648022744608,0.185417468558436,1.48074933320007,6.33945808276278,1.11056199990005,0.0616846446563518,1.04863895915798,12.6761944768803,6.0142528539943,4.56570462602607,10.1195026881472,27.8594845347466,3.42458779995224,0.123411881999791,0.802198765107562,6.94210469804621,2.12891210740084,1.17303168658199,2.53173155000633,39.180089475098,13.986273075035,23.5995760580938,25.70081044046,55.2783657250038,18.8122518728848,1.29786285020369,4.39305600156418,5.66147357948059,1.11373250743881,0.495650926626355,3.35008998713938,15.0754049421272,2.23339332475958,3.3033204652585,11.8490801371999,24.9766136576239,7.95135640785781,3.8102560127518,11.8736493723839,25.0284030191566,7.96784365778393
