"","Provinces","Year","Dengue","Population_density","Humidity"
"1","Amnat Charoen",2006,73.4586557879186,116.705174665196,72.4648711154693
"2","Ang Thong",2006,114.273257244925,293.216862941101,72.9776597698843
"3","Bangkok",2006,133.514151240464,3630.91837573793,70.4577179476628
"4","Bungkan",2006,NA,0,72.275576805911
"5","Buri Ram",2006,105.594146100113,148.865554542165,69.7464404632089
"6","Chachoengsao",2006,78.1527423266147,122.258643244253,67.5409937833934
"7","Chai Nat",2006,54.2789940293107,137.263508069251,69.421606125817
"8","Chaiyaphum",2006,55.3770687131173,87.5818488033647,67.0311309329121
"9","Chanthaburi",2006,143.649938591635,79.2661722940991,67.301116342104
"10","Chiang Mai",2006,71.8577696814286,82.4734320890422,72.1322162662727
"11","Chiang Rai",2006,10.6937640661773,104.955837583142,76.5747063125845
"12","Chon Buri",2006,6.72911501597962,277.169378867752,78.9686450524542
"13","Chumphon",2006,90.1728243208989,79.7076655581088,80.9244464746074
"14","Kalasin",2006,68.7462404399759,140.434384674494,82.1642304035383
"15","Kamphaeng Phet",2006,99.5875998975198,84.6146786113025,75.7638712753996
"16","Kanchanaburi",2006,52.5571004762463,42.8291670319396,77.0256919785932
"17","Khon Kaen",2006,97.750873937323,160.802999010379,76.3660140902124
"18","Krabi",2006,48.9486988413039,85.6667669106503,75.9221811066488
"19","Lampang",2006,34.9072751173417,61.7354721304782,71.961259454428
"20","Lamphun",2006,85.6458113768243,90.0076832904191,69.9832430529133
"21","Loei",2006,80.0925369351689,53.6826108405257,70.5485497004686
"22","Lop Buri",2006,121.629028794872,121.420159803141,72.005589094101
"23","Mae Hong Son",2006,31.7891398879138,20.1221345609296,73.077029110106
"24","Maha Sarakham",2006,31.8374367658292,177.199956989109,71.3250295192272
"25","Mukdahan",2006,70.2157348701455,77.29496316676,74.2136721774808
"26","Nakhon Nayok",2006,88.9350331594875,117.81479736098,72.6130829372189
"27","Nakhon Pathom",2006,114.685247361517,379.050300070054,74.936743924112
"28","Nakhon Phanom",2006,37.5840081479834,126.136926802049,71.8721011188343
"29","Nakhon Ratchasima",2006,84.8027249681157,124.69949688601,69.8255784629222
"30","Nakhon Sawan",2006,122.289353561526,112.112024607621,71.665465402931
"31","Nakhon Si Thammarat",2006,48.307992650284,151.919506780084,74.745849497388
"32","Nan",2006,25.7655834647797,41.6369423064988,73.4326740034989
"33","Narathiwat",2006,25.8602394601956,158.011855844019,68.7350183275292
"34","Nong Bua Lam Phu",2006,41.5994276561837,128.707160192854,69.9225737175852
"35","Nong Khai",2006,37.7789939930292,297.231090085226,71.2211563553969
"36","Nonthaburi",2006,162.860247746758,1605.41890365304,72.621045341079
"37","P.Nakhon S.Ayutthaya",2006,54.8170661170062,295.15105763815,74.6230131165208
"38","Pathum Thani",2006,79.5010943944481,564.494945787807,74.0331492734992
"39","Pattani",2006,66.9482569935059,327.63575343906,75.2402883062151
"40","Phangnga",2006,115.032383236055,58.8348543897653,72.7836125306724
"41","Phatthalung",2006,32.8317046818011,146.977651743787,74.2730528968783
"42","Phayao",2006,18.4964825855616,76.5089550688742,74.8072056861571
"43","Phetchabun",2006,96.3378581718262,79.1193626732813,75.3664734607131
"44","Phetchaburi",2006,49.9933122981356,73.360783327213,75.6215602736641
"45","Phichit",2006,73.0071745322133,123.11419102086,73.9375338989569
"46","Phitsanulok",2006,70.8105070436257,78.0805658064541,74.89526608363
"47","Phrae",2006,150.039924786853,71.6320226446097,75.9548059642564
"48","Phuket",2006,49.1286791041465,553.808785453581,69.7707682860056
"49","Prachin Buri",2006,96.0464891381751,95.292839981505,75.1217542229196
"50","Prachuap Khiri Khan",2006,48.3230486789004,77.6453368762583,73.7182475415037
"51","Ranong",2006,77.4391964023962,54.5323062602239,77.0938581119638
"52","Ratchaburi",2006,150.101390602787,159.518149079123,72.0524550953618
"53","Rayong",2006,170.531475482887,161.53856981982,74.7176051567081
"54","Roi Et",2006,120.129391275641,157.847466741467,71.6084041117539
"55","Sa Kaeo",2006,82.1683542402024,74.8205246376095,74.866809357714
"56","Sakon Nakhon",2006,92.8068826231016,115.45630311134,74.2574962366064
"57","Samut Prakan",2006,124.052744600422,1103.11206542827,76.9944286056229
"58","Samut Sakhon",2006,100.439636204233,530.190394418735,68.5963716121103
"59","Samut Songkhram",2006,86.5034086462216,467.930704307823,69.3365278814948
"60","Saraburi",2006,58.3023145531672,170.517932965486,71.8860969024027
"61","Satun",2006,8.78790222228471,113.573058564077,71.9124750451943
"62","Si Sa Ket",2006,116.769726634101,163.629856008659,76.4145978230475
"63","Sing Buri",2006,53.3264086286766,263.799153290422,78.6223439061974
"64","Songkhla",2006,72.9103376443017,178.187825108005,81.6180152055479
"65","Sukhothai",2006,47.5796339341914,92.3001073969253,81.7868596710329
"66","Suphan Buri",2006,79.8733420050701,157.503310931973,82.419279810208
"67","Surat Thani",2006,102.841644477053,74.5219959028719,80.2429481808678
"68","Surin",2006,203.981723237598,169.282067971959,82.5295143772116
"69","Tak",2006,173.093150106983,32.1623853742233,82.997371673584
"70","Trang",2006,17.03990614944,123.527738276151,82.8229874238378
"71","Trat",2006,65.7468158136962,78.0237672933664,81.5416312422296
"72","Ubon Ratchathani",2006,57.176169241461,113.24560094253,81.7114231257241
"73","Udon Thani",2006,40.9620261764986,130.223586741416,81.2847063915704
"74","Uthai Thani",2006,96.6434742717333,48.5848511332275,82.7052980619637
"75","Uttaradit",2006,79.9523724576972,59.6385167132056,80.8058800039939
"76","Yala",2006,67.5602465311638,103.570874026062,81.4408552848686
"77","Yasothon",2006,22.6117707240586,129.969406468182,84.4985244648229
"78","Amnat Charoen",2007,74.9710400675551,116.69916438065,72.3169077161938
"79","Ang Thong",2007,142.540664464191,293.694984985109,72.7753253120763
"80","Bangkok",2007,127.563460851851,3643.85362237265,70.372345149179
"81","Bungkan",2007,NA,0,72.1195539177054
"82","Buri Ram",2007,109.168747770246,148.802393904417,69.1401968241492
"83","Chachoengsao",2007,118.376126227757,123.148196598767,66.8279395245653
"84","Chai Nat",2007,78.5826546649521,136.510799086222,68.627309143361
"85","Chaiyaphum",2007,70.2803285449478,87.6171430489861,66.7047595081389
"86","Chanthaburi",2007,203.535293886067,79.52082675923,67.093364146229
"87","Chiang Mai",2007,39.8128020010573,82.7768578962103,71.0544183876204
"88","Chiang Rai",2007,66.8124046191815,104.895897706264,76.0021600046567
"89","Chon Buri",2007,14.5490544300685,282.705936282375,78.2286613047214
"90","Chumphon",2007,225.490074723243,80.0960824149344,80.973804084108
"91","Kalasin",2007,146.640601768067,140.714515832305,81.8856481467698
"92","Kamphaeng Phet",2007,104.101689173837,84.3444488462955,75.3118767632378
"93","Kanchanaburi",2007,103.578882275643,42.8720245824751,76.2259659502632
"94","Khon Kaen",2007,55.9762792686753,160.978821312639,75.5752321757335
"95","Krabi",2007,158.823037699574,87.210991497951,75.3900176182313
"96","Lampang",2007,31.1353999075057,61.4820007817162,71.3759611220423
"97","Lamphun",2007,96.7602591792657,89.9173569125867,70.3577336729348
"98","Loei",2007,47.3785742121493,53.8782411166349,71.2241301892609
"99","Lop Buri",2007,71.7696049753184,120.943689208264,72.9278031652226
"100","Mae Hong Son",2007,83.1051240245041,20.0929576471863,74.1150320593486
"101","Maha Sarakham",2007,78.9877611666279,176.88228867829,71.234721034282
"102","Mukdahan",2007,97.1860490611768,77.4470428565174,72.7937411912059
"103","Nakhon Nayok",2007,167.495503543327,117.104618284637,72.749618944616
"104","Nakhon Pathom",2007,152.44209630405,383.230942565397,73.1655932727005
"105","Nakhon Phanom",2007,15.0136409652198,126.455103046293,69.7916753401701
"106","Nakhon Ratchasima",2007,53.0969932365658,124.572483878668,68.9362770825125
"107","Nakhon Sawan",2007,139.261374796484,111.869049145955,69.4623672843217
"108","Nakhon Si Thammarat",2007,72.893667106584,151.571204109388,72.3705985956025
"109","Nan",2007,16.3871054489227,41.612448039029,71.3424640304986
"110","Narathiwat",2007,210.992735404831,158.982935717909,68.3728886742596
"111","Nong Bua Lam Phu",2007,22.22133247918,128.943226453103,69.4952324567351
"112","Nong Khai",2007,49.9516472465395,298.234878577277,70.2098018030219
"113","Nonthaburi",2007,210.337908705367,1645.80758890765,71.2250467611919
"114","P.Nakhon S.Ayutthaya",2007,100.763724019211,297.543651041993,73.8649790001167
"115","Pathum Thani",2007,70.0564971751412,587.763851896902,73.6255997488464
"116","Pattani",2007,180.326362686458,328.705660198438,73.6257257817788
"117","Phangnga",2007,132.835599940784,59.1928111352599,71.0406647103118
"118","Phatthalung",2007,119.969354362945,146.756303816675,72.2863337492446
"119","Phayao",2007,10.4639854242838,76.5656028424594,72.9600192028799
"120","Phetchabun",2007,80.8045523578367,78.741572742796,73.3973301945117
"121","Phetchaburi",2007,75.8211231548559,73.2611871415541,73.9467597267429
"122","Phichit",2007,161.700161700162,122.43178291477,72.2314235135896
"123","Phitsanulok",2007,74.0525714014893,77.8193751505891,72.7265163215409
"124","Phrae",2007,67.1014958671088,71.2501364971512,74.1588570575939
"125","Phuket",2007,151.679174082433,580.991245483708,69.4178089271678
"126","Prachin Buri",2007,170.665180602509,95.5383064118183,73.550232539541
"127","Prachuap Khiri Khan",2007,138.295448640828,77.6723485383864,73.3132199173237
"128","Ranong",2007,71.6908646137176,54.8164139664559,74.4901369769944
"129","Ratchaburi",2007,148.708936055157,160.000785149588,70.5818908860948
"130","Rayong",2007,211.637913754627,164.265202702703,73.7599414670036
"131","Roi Et",2007,158.352279507838,157.67179242863,71.3364782276511
"132","Sa Kaeo",2007,90.1325206630651,74.9307379510998,73.9474327860724
"133","Sakon Nakhon",2007,63.618133497725,115.874593629408,72.4809513946489
"134","Samut Prakan",2007,226.285363625587,1122.34735462487,74.8149851878423
"135","Samut Sakhon",2007,268.955507313666,538.700769303958,67.7319542334546
"136","Samut Songkhram",2007,197.367742999371,466.063685035289,68.9068149717974
"137","Saraburi",2007,66.4371662055209,172.167876513427,71.9900893271619
"138","Satun",2007,60.6777181017236,114.757821472325,71.9330929984249
"139","Si Sa Ket",2007,131.32955740621,163.236981638864,75.5272886773214
"140","Sing Buri",2007,24.588148512417,262.199110492925,78.6236985741665
"141","Songkhla",2007,179.671919075768,179.190545056871,80.8542159084914
"142","Sukhothai",2007,33.4538444594968,91.7666096834307,80.8709710884191
"143","Suphan Buri",2007,87.7444351555599,157.256950717505,81.4717974514511
"144","Surat Thani",2007,120.489768029235,75.2764483240816,80.1079378572655
"145","Surin",2007,186.251417604467,168.963877156928,81.0272144320961
"146","Tak",2007,95.851986699608,32.3605367335806,82.3126973290917
"147","Trang",2007,42.2854299045813,124.113806169331,81.8324400718502
"148","Trat",2007,92.4143589373701,78.2344803121674,81.3054719182131
"149","Ubon Ratchathani",2007,58.2582779944671,113.415434253105,81.3016596234673
"150","Udon Thani",2007,41.3511336397007,130.489905545484,81.1092999263476
"151","Uthai Thani",2007,83.642158089784,48.5829195545007,82.3842595154823
"152","Uttaradit",2007,79.0598981053629,59.3572161939287,80.6777992594204
"153","Yala",2007,164.028540966128,104.110347134024,80.7812770056859
"154","Yasothon",2007,52.4769880063195,129.645737858703,83.4838712289154
"155","Amnat Charoen",2008,97.6256998306383,116.876625940135,73.4756229458022
"156","Ang Thong",2008,280.540857492969,294.133865911034,73.5572447814341
"157","Bangkok",2008,193.052461204066,3640.43367371331,71.7555119253654
"158","Bungkan",2008,NA,0,73.6006841907407
"159","Buri Ram",2008,110.422657591493,149.34294046674,71.2668735291913
"160","Chachoengsao",2008,212.26249396472,124.244066529621,69.2024208388635
"161","Chai Nat",2008,164.569793095224,136.026943661413,71.2781553578304
"162","Chaiyaphum",2008,69.7674831980348,87.8558291889985,68.8079210014104
"163","Chanthaburi",2008,236.28546727016,80.1546229094351,69.523226639394
"164","Chiang Mai",2008,261.003045545981,83.0711824211768,73.3182726079139
"165","Chiang Rai",2008,78.3307515986252,105.093185529589,75.9880222954241
"166","Chon Buri",2008,188.742158360409,289.866376346551,78.1842197732693
"167","Chumphon",2008,158.279753313213,80.6658936050676,80.6455273113236
"168","Kalasin",2008,NA,140.869264544867,81.649709872114
"169","Kamphaeng Phet",2008,157.942672863303,84.3698918035339,75.9003169598787
"170","Kanchanaburi",2008,140.864842942899,43.1606329736858,77.4036215780761
"171","Khon Kaen",2008,39.8923643858222,161.317513490504,77.168211350138
"172","Krabi",2008,230.919269685575,88.9251211423057,75.885361631799
"173","Lampang",2008,159.712648038321,61.2428106326484,74.1048756453931
"174","Lamphun",2008,86.7324119764859,89.9102550843542,72.146230711199
"175","Loei",2008,41.5606172879281,54.1307661039167,72.9088673042089
"176","Lop Buri",2008,192.192478779299,121.585650267035,74.142101176487
"177","Mae Hong Son",2008,139.757780745678,19.9264126692783,75.4738774615075
"178","Maha Sarakham",2008,49.8354790275692,177.042729127954,74.0530124647123
"179","Mukdahan",2008,47.6263725861416,77.7673319000975,76.5964719139906
"180","Nakhon Nayok",2008,112.443033498488,118.168237511781,75.0120469315486
"181","Nakhon Pathom",2008,298.792848703234,389.055248585661,77.4120836778121
"182","Nakhon Phanom",2008,12.2736160070787,126.864886476022,75.2559797455164
"183","Nakhon Ratchasima",2008,70.7426461094267,125.164511853344,73.138159881313
"184","Nakhon Sawan",2008,245.882997721994,111.92697983064,74.3385185940511
"185","Nakhon Si Thammarat",2008,140.257263605185,152.191369938875,77.5090962812636
"186","Nan",2008,55.7174515468426,41.4906740473735,76.4677729876269
"187","Narathiwat",2008,105.346868643305,160.862755087221,71.8330369969578
"188","Nong Bua Lam Phu",2008,22.3591721516511,129.439976201619,72.8293162294904
"189","Nong Khai",2008,19.6197299531551,299.642098849707,73.8370722037803
"190","Nonthaburi",2008,229.947749266978,1691.44612833298,75.1452729823601
"191","P.Nakhon S.Ayutthaya",2008,190.413038906957,300.83468927968,77.2391588598896
"192","Pathum Thani",2008,140.530502647494,609.002422246922,76.6614049062637
"193","Pattani",2008,124.918162390523,330.954216648904,76.2478035177878
"194","Phangnga",2008,114.441481858244,59.9231100279436,72.4692952056693
"195","Phatthalung",2008,144.551643733371,147.505616192623,75.1407871463716
"196","Phayao",2008,72.056166858269,76.6925882682461,76.4059964753963
"197","Phetchabun",2008,203.190553950509,78.6389553358526,76.8346917549236
"198","Phetchaburi",2008,125.74825632698,73.7292892141508,77.669179215727
"199","Phichit",2008,221.441702986119,122.293182562045,75.1083100659213
"200","Phitsanulok",2008,215.951303335892,78.0331354324864,76.2048453361051
"201","Phrae",2008,128.762795126491,70.8832382721801,77.6408535777186
"202","Phuket",2008,233.393765647653,602.183288707521,72.0024078601551
"203","Prachin Buri",2008,210.672636807303,96.460327879317,77.4826610945235
"204","Prachuap Khiri Khan",2008,152.75868294241,78.5816364670002,76.3620966758805
"205","Ranong",2008,66.0233062270982,55.4052476542922,78.3102871204151
"206","Ratchaburi",2008,382.528905177131,160.851941186138,73.1451258959594
"207","Rayong",2008,343.083998398941,168.542792792793,76.639953309779
"208","Roi Et",2008,105.185990388019,157.505877799839,73.5681745196391
"209","Sa Kaeo",2008,148.953546034573,75.2487304621537,76.6862064580573
"210","Sakon Nakhon",2008,19.4912776532502,116.183782986965,76.0676660206966
"211","Samut Prakan",2008,271.710885186474,1142.54869075742,78.7405438483869
"212","Samut Sakhon",2008,314.06957404572,548.114454454477,70.6537434628366
"213","Samut Songkhram",2008,85.2065872437993,465.684521738296,70.4401265945036
"214","Saraburi",2008,127.303915248234,173.813066792377,72.6178220016158
"215","Satun",2008,168.542584296881,116.341942664252,73.3757310250845
"216","Si Sa Ket",2008,117.330235870418,163.056098794838,77.5142671863478
"217","Sing Buri",2008,68.2771401632149,262.075095017739,78.6359444634326
"218","Songkhla",2008,183.265201041107,180.658378831492,81.984174507486
"219","Sukhothai",2008,91.2389082518128,91.5416279821446,81.9806911946553
"220","Suphan Buri",2008,127.399093051066,157.614173028484,81.9431697314058
"221","Surat Thani",2008,107.722528492156,76.289676529494,80.3625190019052
"222","Surin",2008,88.4726456949965,169.319364612947,81.1534202008073
"223","Tak",2008,208.981992141046,32.8116952577156,82.4082440133275
"224","Trang",2008,94.556915989817,125.036425888746,81.9431218946559
"225","Trat",2008,196.356496127414,78.6899609790706,81.6552880498049
"226","Ubon Ratchathani",2008,39.3623520724001,114.03430328012,82.2151461159229
"227","Udon Thani",2008,17.8044628120654,130.911292820935,81.8582241263441
"228","Uthai Thani",2008,159.513955183594,48.6737037546622,82.9465621740601
"229","Uttaradit",2008,272.599043959296,59.2204569392054,80.6886720348716
"230","Yala",2008,93.0602455791179,105.180003530132,81.6086794901702
"231","Yasothon",2008,22.8143652598426,129.583743425707,84.0997958042623
"232","Amnat Charoen",2009,97.6256998306383,117.296713196813,73.8999833320684
"233","Ang Thong",2009,280.540857492969,294.109082046982,74.2695646373619
"234","Bangkok",2009,193.052461204066,3635.15044268096,72.1272291822836
"235","Bungkan",2009,NA,0,73.5431443433164
"236","Buri Ram",2009,110.422657591493,149.840282052934,71.7033179450099
"237","Chachoengsao",2009,212.26249396472,125.020183143338,70.6613625746993
"238","Chai Nat",2009,164.569793095224,135.811536894887,72.7562052572904
"239","Chaiyaphum",2009,69.7674831980348,88.0529604633234,70.7509666122635
"240","Chanthaburi",2009,236.28546727016,80.663616282739,70.8552168602056
"241","Chiang Mai",2009,261.003045545981,81.1927871890948,73.7949779434481
"242","Chiang Rai",2009,78.3307515986252,102.320195568405,76.5550805533549
"243","Chon Buri",2009,188.742158360409,295.574146229658,78.9640179089764
"244","Chumphon",2009,158.279753313213,81.1688052337424,81.2811342619516
"245","Kalasin",2009,NA,141.095989402808,82.3370615649891
"246","Kamphaeng Phet",2009,157.942672863303,84.4434324059627,76.1647185837013
"247","Kanchanaburi",2009,140.864842942899,42.7766087903248,77.6300184655318
"248","Khon Kaen",2009,39.8923643858222,161.881633008883,76.8385861393746
"249","Krabi",2009,230.919269685575,90.5925268959705,76.612400461945
"250","Lampang",2009,159.712648038321,60.9941262781973,73.2915525511954
"251","Lamphun",2009,86.7324119764859,89.8143804032152,71.450649920883
"252","Loei",2009,41.5606172879281,54.3370750796614,73.2904786827128
"253","Lop Buri",2009,192.192478779299,121.690654450266,74.9698051893284
"254","Mae Hong Son",2009,139.757780745678,19.0712136705039,75.961178525868
"255","Maha Sarakham",2009,49.8354790275692,177.465279004808,72.9956629647149
"256","Mukdahan",2009,47.6263725861416,77.8942953986677,76.0121229413335
"257","Nakhon Nayok",2009,112.443033498488,118.606503298775,74.3039708021915
"258","Nakhon Pathom",2009,298.792848703234,392.664943986769,74.8286229434158
"259","Nakhon Phanom",2009,12.2736160070787,127.105423363061,72.9725717575133
"260","Nakhon Ratchasima",2009,70.7426461094267,125.46582008244,71.600915388244
"261","Nakhon Sawan",2009,245.882997721994,111.784132764626,71.6579199359697
"262","Nakhon Si Thammarat",2009,140.257263605185,152.526899164818,75.623635242306
"263","Nan",2009,55.7174515468426,41.4584218090681,73.7690291986579
"264","Narathiwat",2009,105.346868643305,162.681798173583,70.4575622206131
"265","Nong Bua Lam Phu",2009,22.3591721516511,129.800942502966,71.8350650193556
"266","Nong Khai",2009,19.6197299531551,299.765342137243,71.7233065287954
"267","Nonthaburi",2009,229.947749266978,1732.38920590131,72.2159267501202
"268","P.Nakhon S.Ayutthaya",2009,190.413038906957,303.193644783779,74.6457977420571
"269","Pathum Thani",2009,140.530502647494,626.779984480842,74.521911037141
"270","Pattani",2009,124.918162390523,333.765556423667,74.5865174305881
"271","Phangnga",2009,114.441481858244,60.3364505699616,71.983149937444
"272","Phatthalung",2009,144.551643733371,148.278873858839,74.455743436295
"273","Phayao",2009,72.056166858269,76.6507318577637,76.5983737907292
"274","Phetchabun",2009,203.190553950509,78.5516516034838,76.2084340526487
"275","Phetchaburi",2009,125.74825632698,74.0929759308147,76.6153998311209
"276","Phichit",2009,221.441702986119,122.090358160526,72.7468187681049
"277","Phitsanulok",2009,215.951303335892,78.1779228898615,73.6114496339763
"278","Phrae",2009,128.762795126491,70.6711132875886,75.938353812545
"279","Phuket",2009,233.393765647653,618.585576593731,72.9937231777922
"280","Prachin Buri",2009,210.672636807303,96.9800279777136,77.298457250826
"281","Prachuap Khiri Khan",2009,152.75868294241,79.1603456236396,76.2884593427507
"282","Ranong",2009,66.0233062270982,55.1096179706462,78.5918626503311
"283","Ratchaburi",2009,382.528905177131,160.730704852648,74.0492486678229
"284","Rayong",2009,343.083998398941,172.324042792793,76.8614360641968
"285","Roi Et",2009,105.185990388019,157.619981760235,73.9775745295991
"286","Sa Kaeo",2009,148.953546034573,75.391326754261,76.5676128509076
"287","Sakon Nakhon",2009,19.4912776532502,116.435194535281,75.0245882876806
"288","Samut Prakan",2009,271.710885186474,1159.36089521677,79.0638751995785
"289","Samut Sakhon",2009,314.06957404572,555.519764497385,71.6055801290753
"290","Samut Songkhram",2009,85.2065872437993,464.707816283384,70.7873416056435
"291","Saraburi",2009,127.303915248234,171.315363739715,72.8407560651858
"292","Satun",2009,168.542584296881,118.234658893568,72.7692384651429
"293","Si Sa Ket",2009,117.330235870418,163.614131984069,76.4991204216148
"294","Sing Buri",2009,68.2771401632149,261.76870384375,78.3749776805762
"295","Songkhla",2009,183.265201041107,181.765509328041,80.5482423921457
"296","Sukhothai",2009,91.2389082518128,91.3894166424604,81.4002402192865
"297","Suphan Buri",2009,127.399093051066,157.631343588886,81.5269589566473
"298","Surat Thani",2009,107.722528492156,77.1223977655301,80.1994246080483
"299","Surin",2009,88.4726456949965,169.598412418624,80.7609060271915
"300","Tak",2009,208.981992141046,31.6738639515075,82.7618147040258
"301","Trang",2009,94.556915989817,125.8103934118,82.3589296285519
"302","Trat",2009,196.356496127414,78.0446967009578,80.8515907501624
"303","Ubon Ratchathani",2009,39.3623520724001,114.561523291743,81.4889166571115
"304","Udon Thani",2009,17.8044628120654,131.193553243557,81.1251218662467
"305","Uthai Thani",2009,159.513955183594,48.7160499036737,80.7968219737633
"306","Uttaradit",2009,272.599043959296,59.0604792289227,80.2408252481504
"307","Yala",2009,93.0602455791179,106.243245526841,81.8139303250501
"308","Yasothon",2009,22.8143652598426,129.547700150709,83.2240695580978
"309","Amnat Charoen",2010,64.223659566235,117.71838210732,74.3923820486545
"310","Ang Thong",2010,54.7426044846826,294.277405790337,74.7325222373322
"311","Bangkok",2010,138.089035769147,3634.38485864743,72.9035953684685
"312","Bungkan",2010,NA,0,74.0884856918071
"313","Buri Ram",2010,84.8905722551351,150.5165464887,72.114724881869
"314","Chachoengsao",2010,110.248348129562,125.945243879649,70.5110412601448
"315","Chai Nat",2010,38.5150507264118,135.614755525467,71.2741624350213
"316","Chaiyaphum",2010,37.696587704881,88.2295882069326,69.9274447270708
"317","Chanthaburi",2010,105.321249242153,81.1953297570211,69.8558383710673
"318","Chiang Mai",2010,109.175429859206,81.5872258182786,73.6721316634745
"319","Chiang Rai",2010,86.6286435356504,102.601484847756,77.0818352704526
"320","Chon Buri",2010,136.367814764646,301.69447627779,79.4234189728906
"321","Chumphon",2010,136.540643802402,81.5382505731395,81.2480977620834
"322","Kalasin",2010,NA,141.444353946438,82.5599237095696
"323","Kamphaeng Phet",2010,51.025109580205,84.4721283440353,76.4435361134257
"324","Kanchanaburi",2010,97.4069275616355,43.1026854592492,77.9911227912135
"325","Khon Kaen",2010,49.3324002419098,162.373917082974,77.5694627886341
"326","Krabi",2010,201.98565300991,91.8982472594314,75.8367226855381
"327","Lampang",2010,62.2088879964407,60.7907588032227,73.758591730216
"328","Lamphun",2010,38.560411311054,89.7848634296238,71.5875620005731
"329","Loei",2010,54.481417029609,54.6246997272205,72.5078029807234
"330","Lop Buri",2010,48.9512524905603,121.916792491572,73.5331582789756
"331","Mae Hong Son",2010,248.823854133195,19.1417902591533,74.5439447521516
"332","Maha Sarakham",2010,34.6472726963549,177.809403926879,72.7479956503745
"333","Mukdahan",2010,135.463446955754,78.246152499061,74.8688020864378
"334","Nakhon Nayok",2010,22.5533564933883,119.101790763431,73.8327789149501
"335","Nakhon Pathom",2010,132.171495130463,396.732596144401,76.8041449806907
"336","Nakhon Phanom",2010,39.0962649560985,127.595567155504,72.8404665306274
"337","Nakhon Ratchasima",2010,68.2780492849007,125.99265813095,71.0710495159835
"338","Nakhon Sawan",2010,94.4578223466341,111.849461072716,72.5869716721275
"339","Nakhon Si Thammarat",2010,87.8782524969443,153.13660485057,75.4309642120272
"340","Nan",2010,27.2901127921354,41.5237107995835,74.9021686542602
"341","Narathiwat",2010,61.3162371364775,164.713111365835,69.7918670162703
"342","Nong Bua Lam Phu",2010,25.2551365368248,130.307539142688,71.3129190363974
"343","Nong Khai",2010,41.1857554245255,301.644389258472,71.9571303414975
"344","Nonthaburi",2010,128.614386476701,1770.42855329317,73.7537848584619
"345","P.Nakhon S.Ayutthaya",2010,65.3372476013175,305.907753927029,76.0019960864155
"346","Pathum Thani",2010,61.07688077732,645.960693538578,74.837023778814
"347","Pattani",2010,109.117158253454,337.700401369646,72.7253737102836
"348","Phangnga",2010,265.890198805272,60.6852965610498,70.4670540262816
"349","Phatthalung",2010,142.679389402866,148.791945505192,71.8403819288725
"350","Phayao",2010,121.11765480029,76.5223302376374,74.3971070513313
"351","Phetchabun",2010,69.375350767195,78.6231680424767,73.3213398618364
"352","Phetchaburi",2010,126.06862011969,74.5418013223161,73.5621022107048
"353","Phichit",2010,95.1708914581411,121.979345457627,70.7466207605878
"354","Phitsanulok",2010,86.7373118730081,78.5598622170751,71.8153093420024
"355","Phrae",2010,146.93243278438,70.467094016179,72.6109631279946
"356","Phuket",2010,89.547826943753,635.442716294007,71.2443755846824
"357","Prachin Buri",2010,118.309714256321,97.9707128521519,75.8089449220086
"358","Prachuap Khiri Khan",2010,111.758397592775,79.9567185227762,74.0744331479244
"359","Ranong",2010,95.0409386112006,55.5113711304727,76.2878148902454
"360","Ratchaburi",2010,188.660131692638,161.470438925561,71.3732388326857
"361","Rayong",2010,152.298364309182,176.351914414414,74.904124722618
"362","Roi Et",2010,58.8680835728269,157.806620656383,71.7131685287285
"363","Sa Kaeo",2010,74.0672670464988,75.6205092939149,75.521156907792
"364","Sakon Nakhon",2010,32.3268664757927,116.899082675777,75.0064159670776
"365","Samut Prakan",2010,172.294503788454,1180.35000776821,77.8627534656996
"366","Samut Sakhon",2010,115.473675864579,563.866213788779,71.3290848672801
"367","Samut Songkhram",2010,55.1384387061533,465.691721041403,71.6470803197336
"368","Saraburi",2010,52.6414678708875,172.623071920315,73.9983399861432
"369","Satun",2010,64.9475203844355,119.873238033269,73.5869242622788
"370","Si Sa Ket",2010,86.1290862261622,164.307120290824,76.0620411526596
"371","Sing Buri",2010,11.6462701655168,260.992999204842,78.7712359209364
"372","Songkhla",2010,149.076323687955,183.53305006337,80.7113127392503
"373","Sukhothai",2010,56.3330663467259,91.2325055502561,81.7368743539401
"374","Suphan Buri",2010,67.9789560796832,157.866505611787,82.3568549535761
"375","Surat Thani",2010,67.0743105390635,77.6003882877894,80.4898172769791
"376","Surin",2010,74.3978155411826,170.082653295349,80.5381930422764
"377","Tak",2010,181.097389306123,32.0409102406646,82.6638285891655
"378","Trang",2010,66.9708460007805,126.620558049699,82.3402008707467
"379","Trat",2010,88.71949701477,78.3685704150408,80.1520991561436
"380","Ubon Ratchathani",2010,39.1597098430964,115.154352057975,81.4146183906361
"381","Udon Thani",2010,36.3804436342639,131.691920634268,81.4730920545516
"382","Uthai Thani",2010,23.1736284108684,48.7291252058246,80.7718969867959
"383","Uttaradit",2010,23.129234054879,59.017997109685,78.9416137750866
"384","Yala",2010,88.4320242931593,107.801723394288,80.0916022058261
"385","Yasothon",2010,45.9892036635593,129.577255636207,81.668402185667
"386","Amnat Charoen",2011,104.23354762103,117.751280506939,74.6503389166729
"387","Ang Thong",2011,108.427415238276,293.338716939358,74.380491632802
"388","Bangkok",2011,192.287257991102,3617.45977815274,73.6739236703106
"389","Bungkan",2011,NA,94.6720963103722,74.7634927687472
"390","Buri Ram",2011,249.441178640036,151.031906293638,73.0143851024088
"391","Chachoengsao",2011,143.515315660097,126.961315641936,71.7585305750489
"392","Chai Nat",2011,61.5142713109441,134.935333431049,72.5984189557738
"393","Chaiyaphum",2011,84.4403564589333,88.2295882069326,71.6398455225219
"394","Chanthaburi",2011,429.907807799093,81.5485957715368,72.8053276257271
"395","Chiang Mai",2011,397.656584114148,81.868967696267,74.5096265917239
"396","Chiang Rai",2011,195.969485824123,102.638990085002,76.285052857121
"397","Chon Buri",2011,170.320082231731,306.820077928031,78.1139027724333
"398","Chumphon",2011,135.722151561821,81.9073630788975,80.8202615966145
"399","Kalasin",2011,47.3689840116945,141.31148598207,81.5535471992872
"400","Kamphaeng Phet",2011,74.5169825718414,84.3461915145995,76.3806410761847
"401","Kanchanaburi",2011,84.6332281974076,43.0584420957024,77.9422452891054
"402","Khon Kaen",2011,57.8121089472307,162.232910168675,77.8873566394271
"403","Krabi",2011,383.070913777084,93.0313016086611,76.3816161945166
"404","Lampang",2011,201.311096267626,60.4385158051792,74.9375956660916
"405","Lamphun",2011,131.698815700875,89.6499286932059,72.7336754566143
"406","Loei",2011,144.338475324842,54.6994506246689,73.5118963569949
"407","Lop Buri",2011,161.084050695187,121.960826503895,74.2168818973057
"408","Mae Hong Son",2011,265.931292204812,19.2447768790149,74.9997604326838
"409","Maha Sarakham",2011,85.9815948308887,177.587357368157,74.1991217644723
"410","Mukdahan",2011,256.033072896022,78.4779588140549,76.776373139403
"411","Nakhon Nayok",2011,39.0023283208119,119.618755890669,75.2765936253649
"412","Nakhon Pathom",2011,177.238633634466,399.415770776271,76.761207112399
"413","Nakhon Phanom",2011,143.735243370868,127.845174060908,74.5637184848082
"414","Nakhon Ratchasima",2011,217.380793517256,126.150558281453,73.2210220939842
"415","Nakhon Sawan",2011,64.944396026448,111.66097796373,73.6876950728229
"416","Nakhon Si Thammarat",2011,395.722086324948,153.489634701607,77.4262757565682
"417","Nan",2011,58.3283677288864,41.5454156842809,75.257925236509
"418","Narathiwat",2011,466.300583912697,166.994456398603,71.5865378219611
"419","Nong Bua Lam Phu",2011,41.9857885070371,130.225395339726,72.6782521529768
"420","Nong Khai",2011,175.338811854002,168.466635431817,73.2330429990959
"421","Nonthaburi",2011,140.919468354137,1803.98776801655,74.740965081637
"422","P.Nakhon S.Ayutthaya",2011,71.3512168429499,308.081309844171,76.6255719365391
"423","Pathum Thani",2011,76.6645101681871,662.512058805025,76.429074689386
"424","Pattani",2011,481.698908038614,341.93982959828,79.2482855674645
"425","Phangnga",2011,231.435172654561,61.1214139890839,77.4393605192177
"426","Phatthalung",2011,406.603491154711,149.23843756397,78.3667429292873
"427","Phayao",2011,280.797250407012,76.5487658653105,78.4644550759115
"428","Phetchabun",2011,232.134007934946,78.210803939498,79.2727721930439
"429","Phetchaburi",2011,91.6153699265575,74.8704687349903,79.4406342562529
"430","Phichit",2011,74.9516089126923,121.316800459412,77.1217667870647
"431","Phitsanulok",2011,96.434280801121,78.7138029045141,77.6482550774903
"432","Phrae",2011,71.0626702997275,70.1603004191418,79.3052888037994
"433","Phuket",2011,184.825644982153,651.611133004563,73.8907180651345
"434","Prachin Buri",2011,287.021028335874,98.6174507523788,79.2503050770396
"435","Prachuap Khiri Khan",2011,160.759157809305,80.4960094980542,78.0968207743467
"436","Ranong",2011,97.9064340844933,55.74484277807,80.9140990893724
"437","Ratchaburi",2011,133.145995414651,162.164949921697,77.2630006154378
"438","Rayong",2011,334.621222574859,179.542792792793,78.2664049661259
"439","Roi Et",2011,123.979164144429,157.246342498159,74.8427017483774
"440","Sa Kaeo",2011,148.828070587028,75.8284274742194,77.3849146260977
"441","Sakon Nakhon",2011,90.7107395640365,116.945513131491,77.1580509487145
"442","Samut Prakan",2011,179.517844988003,1198.31947670134,80.2385045692214
"443","Samut Sakhon",2011,162.292776168207,572.132419782495,73.8433048309677
"444","Samut Songkhram",2011,58.2216130993477,465.761314304775,72.9094814249541
"445","Saraburi",2011,101.699723105984,173.48145637925,74.2949791245471
"446","Satun",2011,352.277363691548,121.609438086759,73.999681708739
"447","Si Sa Ket",2011,181.310739614227,164.276803466435,77.2788341937892
"448","Sing Buri",2011,31.3689503574656,259.687189201413,78.6090881297482
"449","Songkhla",2011,442.425439462769,184.883760088906,82.2172532691426
"450","Sukhothai",2011,73.9812204075118,91.190965802175,83.401841767
"451","Suphan Buri",2011,72.7765004088501,157.717756300476,83.2921504488039
"452","Surat Thani",2011,215.006165617985,78.5064913858925,80.8650909148174
"453","Surin",2011,336.062254464108,169.915003047739,83.4165258233457
"454","Tak",2011,393.018692398374,32.3660223141226,84.0364180470174
"455","Trang",2011,151.745310415696,127.443940735155,83.526198397043
"456","Trat",2011,299.982433461104,78.7559418233416,81.419143537641
"457","Ubon Ratchathani",2011,100.217118735811,115.342921653747,82.1064546043242
"458","Udon Thani",2011,80.4853928055361,131.975033549861,82.1803324617365
"459","Uthai Thani",2011,46.6415066730888,48.7402689292486,82.187644111622
"460","Uttaradit",2011,49.453409682457,58.8166854455494,80.7906712831417
"461","Yala",2011,275.838604037937,109.214439565077,81.6087478540712
"462","Yasothon",2011,74.9740652831106,129.480179082213,84.3838203292092
"463","Amnat Charoen",2012,82.7322527269514,118.1476429562,75.0966041108869
"464","Ang Thong",2012,126.46099435681,293.153870619968,75.2155315656988
"465","Bangkok",2012,186.373282383548,3616.64192276972,74.1535478022691
"466","Bungkan",2012,13.0873239573159,95.8284580651065,74.9271031079119
"467","Buri Ram",2012,117.122177259788,151.773462554315,73.3813470341673
"468","Chachoengsao",2012,282.038905035722,128.148196598767,71.6495896757163
"469","Chai Nat",2012,107.151861500966,134.901321836335,72.2968180507695
"470","Chaiyaphum",2012,77.4910549904063,88.6686924468045,70.7072367316049
"471","Chanthaburi",2012,159.252757698175,82.3307036920164,71.0064168737176
"472","Chiang Mai",2012,36.3001180206832,82.3413391626631,75.0092471876006
"473","Chiang Rai",2012,43.1514557785047,102.790295459923,78.1572084720641
"474","Chon Buri",2012,135.117103933865,312.629383451753,81.2689071477241
"475","Chumphon",2012,57.9435101249722,82.4279148904445,83.5851973494357
"476","Kalasin",2012,NA,141.805098387072,84.9025051061808
"477","Kamphaeng Phet",2012,182.116815910825,84.5258025277985,77.2857339978794
"478","Kanchanaburi",2012,107.483397334269,43.025336562654,78.4771641266364
"479","Khon Kaen",2012,71.0496186646954,163.036695510772,78.3924484684532
"480","Krabi",2012,156.865565311585,94.5026794027497,77.2457616937959
"481","Lampang",2012,26.955210746144,60.3808325237329,74.8324818581954
"482","Lamphun",2012,25.2055363219192,89.8099417605699,72.8742693469955
"483","Loei",2012,49.3817751080921,55.125460715865,73.9936680467272
"484","Lop Buri",2012,186.924764431265,122.272451821871,75.4390038433823
"485","Mae Hong Son",2012,69.1613874838351,19.2690646882932,75.5602393473402
"486","Maha Sarakham",2012,63.5878575758954,178.610283344637,73.8678818287434
"487","Mukdahan",2012,32.6656322549786,79.0049379814417,77.0238329496912
"488","Nakhon Nayok",2012,118.350615658335,120.25164938737,74.8710795207457
"489","Nakhon Pathom",2012,161.785286342806,403.359825339997,77.8125468999689
"490","Nakhon Phanom",2012,32.8933436860309,128.494950176575,73.8462244888832
"491","Nakhon Ratchasima",2012,97.2640357193521,126.923566373006,72.8774741410765
"492","Nakhon Sawan",2012,245.121102495279,111.834040674634,73.5417674151988
"493","Nakhon Si Thammarat",2012,55.378669569812,154.376333039712,75.9371702169675
"494","Nan",2012,9.63001886227608,41.6379011568268,75.4454023689032
"495","Narathiwat",2012,42.3820004568278,169.234464621277,72.0724171989265
"496","Nong Bua Lam Phu",2012,18.6112447556878,130.878399703971,72.8865122183314
"497","Nong Khai",2012,30.0523574513259,169.315461184312,74.035069635997
"498","Nonthaburi",2012,118.597882230726,1834.59343760194,75.469444800627
"499","P.Nakhon S.Ayutthaya",2012,86.3254229000553,310.371816133675,77.6351559956868
"500","Pathum Thani",2012,74.5765531703741,677.545587525953,76.2792749692853
"501","Pattani",2012,23.0786983614124,346.129782369833,75.9668582685961
"502","Phangnga",2012,121.556702512301,61.7356706414331,73.2873772685149
"503","Phatthalung",2012,92.7128118610202,150.239759519202,75.7737799157136
"504","Phayao",2012,31.5496189461608,76.8080867843891,76.3814407119045
"505","Phetchabun",2012,123.880197483753,78.4393250111143,77.3875268894198
"506","Phetchaburi",2012,373.02132342591,75.3194547655008,77.4196147756997
"507","Phichit",2012,342.740651079824,121.25213500822,75.9854026892304
"508","Phitsanulok",2012,146.189247774974,78.9925603655523,76.3594652325991
"509","Phrae",2012,21.4157563149165,69.9854923027842,76.1121549827434
"510","Phuket",2012,60.1266261204472,664.608477553892,72.1128777922454
"511","Prachin Buri",2012,174.557274626929,99.4821477241755,77.3955946909871
"512","Prachuap Khiri Khan",2012,126.873609902331,81.1998831588568,75.783445371693
"513","Ranong",2012,44.3475975647146,55.3806876498047,79.1065772606281
"514","Ratchaburi",2012,229.497856799479,162.924505172943,74.244943203043
"515","Rayong",2012,227.638519887567,182.791385135135,76.8262640489066
"516","Roi Et",2012,131.976126611492,157.669503120026,73.2466673111794
"517","Sa Kaeo",2012,147.900397926841,76.2100740805805,76.8869569327181
"518","Sakon Nakhon",2012,8.23610887250326,117.551711659791,77.9862657686649
"519","Samut Prakan",2012,152.864950764407,1218.31664827526,80.5929291501493
"520","Samut Sakhon",2012,257.855553721217,583.267896834631,73.286050151518
"521","Samut Songkhram",2012,247.884478618031,465.655724525866,73.5031418363842
"522","Saraburi",2012,114.274024315595,174.945183624373,75.1205409153181
"523","Satun",2012,109.193504621108,123.389204498469,74.5895639925399
"524","Si Sa Ket",2012,139.813627543079,164.974429794832,78.4913296624749
"525","Sing Buri",2012,25.3264295362449,259.236113306374,80.0164130188036
"526","Songkhla",2012,76.093122313347,186.447754354982,81.405664767739
"527","Sukhothai",2012,139.561666840911,91.3572763994195,83.7532433219999
"528","Suphan Buri",2012,126.63635891553,158.138621666858,83.886864124839
"529","Surat Thani",2012,34.4966421965273,79.3771446838215,81.262816280196
"530","Surin",2012,140.736663740364,170.638533264665,82.0381905356394
"531","Tak",2012,126.605138343678,32.0629135137277,84.9570733056425
"532","Trang",2012,45.2588935308267,128.503824794576,83.0855995144969
"533","Trat",2012,209.55329698683,79.0546293011706,81.1460194446073
"534","Ubon Ratchathani",2012,59.5537845116371,116.032861538852,82.9860678616593
"535","Udon Thani",2012,9.50364027950977,132.758559839295,82.9012101388747
"536","Uthai Thani",2012,58.3675330597355,48.8763709380014,80.8740812692766
"537","Uttaradit",2012,75.0063950539136,58.8490892241872,79.5070408379761
"538","Yala",2012,22.7629419305371,110.77313861871,81.2557776499603
"539","Yasothon",2012,32.2062979971014,129.819947021192,82.7659900994727
"540","Amnat Charoen",2013,64.5853460653646,118.528505197947,74.4413212385804
"541","Ang Thong",2013,96.2175574133337,292.998971469642,74.6858504775941
"542","Bangkok",2013,176.390353434916,3624.73250774349,73.3136225195505
"543","Bungkan",2013,38.1994829856139,96.6698918143337,73.7803206152648
"544","Buri Ram",2013,172.552080221782,152.42231217339,71.5932405742091
"545","Chachoengsao",2013,223.115327443475,128.990095309288,69.422672726762
"546","Chai Nat",2013,114.794346829182,134.738147161692,70.2043687356721
"547","Chaiyaphum",2013,102.401729999304,88.8791275387695,68.6281304820369
"548","Chanthaburi",2013,240.910998359593,82.7169454086463,69.8694222170464
"549","Chiang Mai",2013,116.264560066423,82.9006452809081,72.9499585137851
"550","Chiang Rai",2013,118.290638022347,103.153102971828,77.02898527372
"551","Chon Buri",2013,129.679204001283,318.669264267706,79.4001108639652
"552","Chumphon",2013,180.415577951972,82.9245026799765,81.7298588378539
"553","Kalasin",2013,NA,141.653372672615,82.8345128329035
"554","Kamphaeng Phet",2013,150.968048298796,84.6508099341388,76.1746005740143
"555","Kanchanaburi",2013,143.199166668644,43.2621052819596,77.2400070812167
"556","Khon Kaen",2013,98.0548983950316,163.664934134155,76.8696339725929
"557","Krabi",2013,405.863957949833,95.7606139689142,76.595234484248
"558","Lampang",2013,32.9861617090276,60.2253349918673,73.4735187143141
"559","Lamphun",2013,58.4798207605831,89.9419913792683,71.9279883178625
"560","Loei",2013,123.219525312201,55.3371090414274,72.8807571362226
"561","Lop Buri",2013,206.472551684104,122.25809641126,74.1700224408449
"562","Mae Hong Son",2013,61.2454319425348,19.4419970446152,74.6588827401695
"563","Maha Sarakham",2013,126.406904663243,180.593584309567,72.288395021914
"564","Mukdahan",2013,72.6106731880733,79.3353656710055,75.0934914128097
"565","Nakhon Nayok",2013,60.9172735615128,120.68096135721,73.5260712903557
"566","Nakhon Pathom",2013,138.633210305333,406.850073812668,75.6397130341963
"567","Nakhon Phanom",2013,52.6123287285823,128.950265098497,72.6656014463502
"568","Nakhon Ratchasima",2013,141.178868454243,127.362573682671,71.2237685017524
"569","Nakhon Sawan",2013,207.335096380535,111.812681339453,72.0622871912459
"570","Nakhon Si Thammarat",2013,131.855188887585,155.075955730258,74.678463067618
"571","Nan",2013,44.1503875190412,41.6587343594078,73.7872417242754
"572","Narathiwat",2013,54.9504336646457,171.189137133192,69.5992002689554
"573","Nong Bua Lam Phu",2013,58.1696859034147,131.413759631167,70.8998810327278
"574","Nong Khai",2013,30.1004188813131,170.142810224501,71.9329938288883
"575","Nonthaburi",2013,74.2905426150098,1858.05146367605,73.2321189993869
"576","P.Nakhon S.Ayutthaya",2013,80.2035164229232,312.116684398273,75.4947994309242
"577","Pathum Thani",2013,51.2743576937174,690.207988171885,74.7893122630419
"578","Pattani",2013,50.3802085328164,349.852295145839,76.0171266716932
"579","Phangnga",2013,248.246087425796,62.1976817925169,72.1332675176309
"580","Phatthalung",2013,182.231994455823,151.270283047932,73.8439074426558
"581","Phayao",2013,27.7353187712637,76.5915664053526,75.3991167992721
"582","Phetchabun",2013,66.3718816529012,78.4941858555955,75.8104214042447
"583","Phetchaburi",2013,144.559285227569,75.6749488926992,76.8547678050846
"584","Phichit",2013,109.682885279354,121.132956360973,74.5239556047714
"585","Phitsanulok",2013,146.197464665054,79.1778439316951,75.9419735231919
"586","Phrae",2013,147.344509882168,69.7510383724462,76.827880771837
"587","Phuket",2013,98.2350171302385,680.47672889727,71.1098646147587
"588","Prachin Buri",2013,200.97990830948,99.9854693952287,76.6680924552335
"589","Prachuap Khiri Khan",2013,84.7635174745469,81.7057236455693,75.0135602345933
"590","Ranong",2013,122.442440609695,52.9938190655373,78.8177243568242
"591","Ratchaburi",2013,209.959984097149,163.60400595636,73.4150120166496
"592","Rayong",2013,344.363449381446,186.154279279279,75.5920406722757
"593","Roi Et",2013,119.331559912541,157.716253211508,72.4396626864016
"594","Sa Kaeo",2013,140.487932377023,76.570734293074,74.9210929391306
"595","Sakon Nakhon",2013,7.58162144435178,118.087639879556,76.8801591685742
"596","Samut Prakan",2013,81.2654537254049,1236.55003724758,78.8505442712578
"597","Samut Sakhon",2013,255.651574625041,595.470609745892,71.8309804986537
"598","Samut Songkhram",2013,125.698036225762,465.83330733585,72.7810911135908
"599","Saraburi",2013,89.953211615725,175.931347137945,74.7018452369396
"600","Satun",2013,136.219992059214,124.968081591721,75.0433675859479
"601","Si Sa Ket",2013,101.092455137658,165.388231823254,77.6304216219998
"602","Sing Buri",2013,15.0453711975175,258.596582522572,79.0604076527782
"603","Songkhla",2013,212.678701192181,187.978207408848,81.20175633237
"604","Sukhothai",2013,71.6759054475347,91.37425615046,82.0389718588447
"605","Suphan Buri",2013,75.8195706466242,158.280092153651,82.3588935107141
"606","Surat Thani",2013,113.489666722232,80.0383571492124,80.3827973234626
"607","Surin",2013,200.404266262496,170.874499141808,81.6321152473663
"608","Tak",2013,134.497222707489,32.4473917588295,83.1139679894803
"609","Trang",2013,118.073778030731,129.342255718788,83.036457198742
"610","Trat",2013,181.241908843355,79.4643490599503,80.7478124712953
"611","Ubon Ratchathani",2013,47.7532816087792,116.642775256671,81.7259220116581
"612","Udon Thani",2013,34.3997687926321,133.32683165361,81.6879577770028
"613","Uthai Thani",2013,155.369974752379,48.9634405636882,81.3593048847853
"614","Uttaradit",2013,87.853447434354,58.8109446186254,79.8245328026682
"615","Yala",2013,61.0505435276545,111.950733873647,81.491476509396
"616","Yasothon",2013,69.9503870403029,129.84782048719,83.901641274613
"617","Amnat Charoen",2014,147.317385049816,118.744242780067,73.5646520910618
"618","Ang Thong",2014,80.7566439090447,292.829615065285,73.6017765961294
"619","Bangkok",2014,259.561891149493,3628.57763920912,72.2762773969907
"620","Bungkan",2014,297.444130674732,97.2110291689291,72.9474014063479
"621","Buri Ram",2014,159.822903052592,152.985139328783,70.5527307558211
"622","Chachoengsao",2014,98.3496242871809,129.971594094562,68.306254937366
"623","Chai Nat",2014,119.777418646154,134.541365792272,70.3086773926329
"624","Chaiyaphum",2014,126.115936956103,88.9828973163617,67.5825110063006
"625","Chanthaburi",2014,279.890016118327,83.204480908804,67.8114050552044
"626","Chiang Mai",2014,681.171958977146,83.4674114665314,72.3509825091431
"627","Chiang Rai",2014,1102.2614078508,103.413327665875,75.648822961205
"628","Chon Buri",2014,146.402377895422,325.790740316296,78.5667280854368
"629","Chumphon",2014,235.928682015682,83.304099445366,81.1181832597343
"630","Kalasin",2014,NA,141.779618831608,82.3035861207433
"631","Kamphaeng Phet",2014,155.581325854464,84.7543244313964,75.1585872986466
"632","Kanchanaburi",2014,59.6558822350442,43.5349564659674,77.0439718304514
"633","Khon Kaen",2014,172.22992219766,164.436016895476,76.591906545333
"634","Krabi",2014,490.137058871174,97.018123772436,75.8510095327544
"635","Lampang",2014,455.901823740095,60.0778157838532,72.9865080417097
"636","Lamphun",2014,308.778991190427,89.9863778057215,71.5018249415345
"637","Loei",2014,434.033660460857,55.5391290312529,72.4109568828326
"638","Lop Buri",2014,109.176351452916,122.328421793578,74.2365688523353
"639","Mae Hong Son",2014,755.506128665716,19.5704543216095,75.1408104224493
"640","Maha Sarakham",2014,286.17888210138,181.527880638353,73.1030415102526
"641","Mukdahan",2014,288.714972718025,79.7303120168302,75.3716008047123
"642","Nakhon Nayok",2014,132.530120481928,121.253534401508,74.1929253776868
"643","Nakhon Pathom",2014,139.270608066024,410.948625368775,76.3916861713294
"644","Nakhon Phanom",2014,328.734784626147,129.400319409767,73.0253769904285
"645","Nakhon Ratchasima",2014,265.672766099209,127.867746815599,71.4489965403324
"646","Nakhon Sawan",2014,182.14766452017,111.772463274186,72.8242435203632
"647","Nakhon Si Thammarat",2014,293.470143950885,155.698032547542,74.8247801045646
"648","Nan",2014,183.162437482227,41.6894175699037,74.5648401542789
"649","Narathiwat",2014,198.761227105352,173.122806076735,70.0639249028409
"650","Nong Bua Lam Phu",2014,1475.63985662181,131.861274923648,71.6670237397248
"651","Nong Khai",2014,208.599157097011,170.908372415443,72.9474331827494
"652","Nonthaburi",2014,114.407898659988,1886.33189941234,73.9473842680301
"653","P.Nakhon S.Ayutthaya",2014,89.4724856551588,314.31840227799,75.9031785002496
"654","Pathum Thani",2014,102.601535485048,703.905217792505,75.2771726374465
"655","Pattani",2014,171.965035719178,353.63922908992,75.0909847535293
"656","Phangnga",2014,452.232467383403,62.6652073475837,71.9246819855669
"657","Phatthalung",2014,264.786643070295,151.970536780404,74.2275203310582
"658","Phayao",2014,195.064959727859,76.2312236233804,75.4839151185236
"659","Phetchabun",2014,311.807408463688,78.6054862738957,76.2142693887977
"660","Phetchaburi",2014,155.422276208793,76.1737330160392,76.8600766031466
"661","Phichit",2014,133.505496371974,120.843396388401,73.8042130561796
"662","Phitsanulok",2014,144.937996805543,79.4193412743922,74.6955715884896
"663","Phrae",2014,218.462263506892,69.4465388451775,75.7665511216106
"664","Phuket",2014,598.101299277944,696.759318937672,69.9891024210695
"665","Prachin Buri",2014,212.804132572802,100.646275944584,74.8555991568823
"666","Prachuap Khiri Khan",2014,79.412386427909,82.4651910761007,74.1216097620072
"667","Ranong",2014,168.276968078198,53.695143638125,76.6364887884177
"668","Ratchaburi",2014,156.232236347846,164.191905954474,72.0014186883856
"669","Rayong",2014,289.890316180625,189.862894144144,75.3735524020819
"670","Roi Et",2014,316.589697611743,157.639139658548,72.0074761107454
"671","Sa Kaeo",2014,115.721666754197,76.7444627191306,75.4257284283022
"672","Sakon Nakhon",2014,69.2072520066151,118.533934416877,76.0923162002784
"673","Samut Prakan",2014,140.939969719309,1256.38885679798,77.8688553972101
"674","Samut Sakhon",2014,189.701947970152,609.719526747957,69.768478177827
"675","Samut Songkhram",2014,139.554763658086,466.008490378131,71.4694912577049
"676","Saraburi",2014,144.602658415685,177.117986761307,74.2150717924363
"677","Satun",2014,120.253427702424,126.129851144242,74.3733527220962
"678","Si Sa Ket",2014,319.612233852689,165.748526919078,77.4565798487585
"679","Sing Buri",2014,44.7779485100727,257.949756710818,79.3736634967746
"680","Songkhla",2014,402.19709798666,189.521779404587,80.168956793573
"681","Sukhothai",2014,112.704577897288,91.335900105699,81.0096674081579
"682","Suphan Buri",2014,75.1425411605636,158.464302404924,80.8490794262483
"683","Surat Thani",2014,152.370148909376,80.6913471226592,79.5026111313791
"684","Surin",2014,293.826834028438,171.298179136136,80.2473623428404
"685","Tak",2014,252.801856351461,32.8862382021924,82.4760774343724
"686","Trang",2014,176.752574575809,129.891923142544,81.9460461198071
"687","Trat",2014,314.154763493971,79.7197587797091,80.131415967658
"688","Ubon Ratchathani",2014,167.726567747384,117.160150779461,81.018140781104
"689","Udon Thani",2014,81.5130866713367,133.866971199889,80.8552811048364
"690","Uthai Thani",2014,132.958183288459,49.0589794191772,80.162314499195
"691","Uttaradit",2014,104.039965247611,58.7350381292967,79.8007804099024
"692","Yala",2014,96.696496070606,113.227641726155,80.7243998134204
"693","Yasothon",2014,158.641715922112,129.806490865192,83.5480240029081
"694","Amnat Charoen",2015,36.1335026648458,119.061206207169,73.1739975264029
"695","Ang Thong",2015,50.4991648215049,292.421713969425,73.906910537109
"696","Bangkok",2015,82.8241090132397,3631.20714307115,71.1248844973298
"697","Bungkan",2015,39.2252886624652,97.6943368233983,72.1562957952518
"698","Buri Ram",2015,30.5428101026024,153.509508243093,69.4347031049726
"699","Chachoengsao",2015,43.9433758214415,130.98523640441,67.0405321279214
"700","Chai Nat",2015,18.694124918967,134.287088631786,68.9605001685087
"701","Chaiyaphum",2015,58.2472071210944,89.0770413906027,66.1554761354201
"702","Chanthaburi",2015,209.58991558027,83.786210160934,66.5952408477459
"703","Chiang Mai",2015,45.4797418417097,85.9520117737767,71.3788230446802
"704","Chiang Rai",2015,24.492351030948,109.428808080991,76.5244971475717
"705","Chon Buri",2015,43.3665351925275,333.495072198029,78.8183055345538
"706","Chumphon",2015,102.405946661922,84.1786198320921,81.0972308764276
"707","Kalasin",2015,32.582117594039,141.822228709672,82.5301470666074
"708","Kamphaeng Phet",2015,103.813147291408,84.828213567486,75.3477397301347
"709","Kanchanaburi",2015,37.4087736043693,45.2773853588753,76.9449054795735
"710","Khon Kaen",2015,24.3602107658784,165.167691209739,76.5693910314894
"711","Krabi",2015,215.753698866698,98.1416209622063,74.6292599182606
"712","Lampang",2015,21.266528079792,60.0253981961488,72.9071642631043
"713","Lamphun",2015,8.61252260787185,90.1898895710096,70.4540155603513
"714","Loei",2015,16.1235029014478,55.9160346101907,70.8681663653991
"715","Lop Buri",2015,86.7324409646018,122.368584683938,71.7112014898831
"716","Mae Hong Son",2015,216.609926798264,21.5880773352236,72.3810685727116
"717","Maha Sarakham",2015,37.5286648503622,182.285295623339,71.1832437251781
"718","Mukdahan",2015,24.9927463580972,80.2107455822002,75.4705072498992
"719","Nakhon Nayok",2015,38.2864678606373,121.855325164939,71.9848878721396
"720","Nakhon Pathom",2015,92.7344658650435,414.763086932921,75.6185415319963
"721","Nakhon Phanom",2015,21.2468846056536,129.773641365669,71.1157916692698
"722","Nakhon Ratchasima",2015,34.2739588666846,128.272792906243,70.733338814208
"723","Nakhon Sawan",2015,61.2906295303291,111.687651084736,71.1214316603508
"724","Nakhon Si Thammarat",2015,205.535480795862,156.150836077277,74.0860234935381
"725","Nan",2015,96.5552909379836,41.7987265072953,73.6992509861787
"726","Narathiwat",2015,144.429319024061,174.973577957872,69.4980782513909
"727","Nong Bua Lam Phu",2015,16.0760987621404,132.174820669972,70.2329064777063
"728","Nong Khai",2015,50.8102698333269,171.67492583926,71.0516355721684
"729","Nonthaburi",2015,35.4357126641205,1918.21508172064,72.3602893818045
"730","P.Nakhon S.Ayutthaya",2015,43.9160769953981,316.18061205332,74.702619253987
"731","Pathum Thani",2015,34.2700792963941,717.137790197764,73.4283800044498
"732","Pattani",2015,216.131165681829,357.678178643507,75.700353235707
"733","Phangnga",2015,60.9677590372396,63.3135094506095,72.3482643914106
"734","Phatthalung",2015,141.948986365628,152.643341033788,72.6635296987136
"735","Phayao",2015,19.4760123900589,75.9465685611151,73.5193126169252
"736","Phetchabun",2015,19.0574391215122,78.6985523683466,74.0638951277395
"737","Phetchaburi",2015,119.100104682724,76.8800627391714,76.2151465337005
"738","Phichit",2015,72.7163494560927,120.493364287412,74.0643972097263
"739","Phitsanulok",2015,17.6047366007107,79.8276308093656,75.7899159250516
"740","Phrae",2015,72.5108655763509,69.1808855659883,76.4122100313187
"741","Phuket",2015,182.873992835064,711.93516428069,69.3042210313555
"742","Prachin Buri",2015,83.7835315588092,101.251227857101,74.5657157986746
"743","Prachuap Khiri Khan",2015,52.1769377934953,83.974703264328,73.435457102841
"744","Ranong",2015,79.4514119955635,56.8627777971495,76.9316697648678
"745","Ratchaburi",2015,124.901628445309,167.014210822671,70.0316469708195
"746","Rayong",2015,139.332567971797,193.974943693694,74.0731003764834
"747","Roi Et",2015,30.7300449637126,157.62082518972,71.2306428298159
"748","Sa Kaeo",2015,36.4503467271898,77.402545997033,75.3276532434214
"749","Sakon Nakhon",2015,6.65069915474864,118.963676392633,74.950555611208
"750","Samut Prakan",2015,71.4447631926585,1274.09639754126,77.2559860449029
"751","Samut Sakhon",2015,92.2167588834256,625.271824170886,68.2769333560988
"752","Samut Songkhram",2015,86.4304235090752,466.457246938496,70.0308246446259
"753","Saraburi",2015,85.3101824916532,178.295958658862,73.4463125185942
"754","Satun",2015,57.2924415126471,127.440875812886,73.0396382956305
"755","Si Sa Ket",2015,36.0158442481539,166.154071006528,76.623380552874
"756","Sing Buri",2015,5.20276597958624,257.05976330066,79.1803996636908
"757","Songkhla",2015,100.951596403458,190.776058445021,80.9725796374285
"758","Sukhothai",2015,45.5367351822799,91.2224996255358,81.0720422460245
"759","Suphan Buri",2015,35.3066203443808,158.584869600792,81.0701068574516
"760","Surat Thani",2015,63.8152338809215,81.1988145028313,79.5812173478809
"761","Surin",2015,40.787828739864,171.715212204347,81.3891239192195
"762","Tak",2015,89.5886361504701,37.6909362971722,82.5389014531136
"763","Trang",2015,71.9421092302819,130.308189963272,82.9077254517438
"764","Trat",2015,72.7874997275917,81.3887903511884,80.6173267628887
"765","Ubon Ratchathani",2015,27.0804429132957,117.970574505314,81.0641801745197
"766","Udon Thani",2015,3.9996140055055,134.280600789306,80.9766933687272
"767","Uthai Thani",2015,59.5335231153258,49.1669992449013,81.2675611655623
"768","Uttaradit",2015,23.0551060534878,58.6544114044971,79.1950309111462
"769","Yala",2015,105.57012693505,114.60518929335,80.7750762885573
"770","Yasothon",2015,35.5435760539966,129.799522498693,81.7921795300716
"771","Amnat Charoen",2016,156.979210861264,119.29465831216,74.2522953596742
"772","Ang Thong",2016,376.765201626039,291.627597658751,74.9080005267787
"773","Bangkok",2016,461.431923140635,3624.98366520328,72.1652490740972
"774","Bungkan",2016,86.095463978654,97.9214751636534,73.0527354038194
"775","Buri Ram",2016,116.191415438155,153.822986500382,69.8838560916166
"776","Chachoengsao",2016,331.488261624449,131.638759110447,67.3321668114229
"777","Chai Nat",2016,183.094201209935,133.791491108802,69.3673961301098
"778","Chaiyaphum",2016,265.419315954416,89.072893729809,66.6714275343262
"779","Chanthaburi",2016,411.106061232079,84.0116756074471,66.6117578115951
"780","Chiang Mai",2016,303.152160261603,86.3260098183439,71.3945020247197
"781","Chiang Rai",2016,146.037874723986,109.822184930105,77.0596361380599
"782","Chon Buri",2016,217.389985091524,339.914966765987,79.4049948028112
"783","Chumphon",2016,114.459302921175,84.4738432699707,81.2227752240202
"784","Kalasin",2016,142.606005489062,141.826403326104,82.8714639307037
"785","Kamphaeng Phet",2016,99.9257068133157,84.756647989135,75.8073743147551
"786","Kanchanaburi",2016,138.287583944179,45.4296194844899,76.751290369104
"787","Khon Kaen",2016,127.098442461314,165.511160169065,76.7311181764794
"788","Krabi",2016,361.641530612902,98.9550414228529,75.0866427547884
"789","Lampang",2016,187.888095079121,59.7456781619155,72.0294204471979
"790","Lamphun",2016,176.108808149774,90.1042237679549,70.6169003733882
"791","Loei",2016,149.734057933639,56.0019893892239,71.9341897066965
"792","Lop Buri",2016,298.948530411807,122.153414821526,73.3780100252153
"793","Mae Hong Son",2016,253.729828478636,21.7552531653206,74.2505786075269
"794","Maha Sarakham",2016,119.669864782394,182.07515453968,71.5715535052188
"795","Mukdahan",2016,110.451707423156,80.5271174216502,74.6940742508682
"796","Nakhon Nayok",2016,175.338096749472,121.752120640905,72.8393777608871
"797","Nakhon Pathom",2016,338.339550589608,417.376161436905,75.4994907257774
"798","Nakhon Phanom",2016,120.941924162299,130.041025507068,72.0226025934733
"799","Nakhon Ratchasima",2016,277.415174610051,128.400489041554,70.5220500592635
"800","Nakhon Sawan",2016,340.473812772222,111.115950245044,71.4702085641779
"801","Nakhon Si Thammarat",2016,140.051156949934,156.342136013651,74.2989999396341
"802","Nan",2016,110.644362763484,41.8334194555264,74.0154025597232
"803","Narathiwat",2016,111.817303442783,176.448073146044,68.8684844570177
"804","Nong Bua Lam Phu",2016,42.0962771227292,132.345845622513,69.9566897452252
"805","Nong Khai",2016,111.076306347684,171.933637619799,71.1100005326675
"806","Nonthaburi",2016,160.901178621762,1947.48217508191,72.5262073873552
"807","P.Nakhon S.Ayutthaya",2016,193.503800967519,316.947243256775,74.8951646656544
"808","Pathum Thani",2016,130.918788960712,728.362309418451,73.8302668016314
"809","Pattani",2016,81.6022574722417,361.253811156303,74.8148524687333
"810","Phangnga",2016,256.044340855263,63.6743432764431,71.4833791366511
"811","Phatthalung",2016,103.107940648014,152.935356768764,72.8220617142705
"812","Phayao",2016,66.3622628279506,75.4025925797711,73.7246444784565
"813","Phetchabun",2016,79.3791944117047,78.559387377238,74.2127920054038
"814","Phetchaburi",2016,617.702620607009,77.2114610150008,75.9408238626111
"815","Phichit",2016,162.838879668508,119.947128820862,73.7700999783293
"816","Phitsanulok",2016,144.38198159072,80.0453667366442,75.1230730075872
"817","Phrae",2016,297.014294924524,68.7930348371318,75.7525842107326
"818","Phuket",2016,211.330672883966,725.864310521993,69.006832526671
"819","Prachin Buri",2016,478.106713913565,101.804314749698,73.2320552904069
"820","Prachuap Khiri Khan",2016,251.327997864824,84.7308727593669,72.8833099784709
"821","Ranong",2016,140.097486703955,57.3533714670358,76.2109040114587
"822","Ratchaburi",2016,514.242552795224,167.387541754371,69.80375359182
"823","Rayong",2016,633.226843448444,197.134853603604,73.7824642810981
"824","Roi Et",2016,154.971551596276,157.598655043244,70.8749655594141
"825","Sa Kaeo",2016,234.339921683956,77.6937148391038,75.1084703050249
"826","Sakon Nakhon",2016,73.4762192732835,119.298058957101,74.1455138547342
"827","Samut Prakan",2016,238.490421343385,1288.28135270473,76.0606443462464
"828","Samut Sakhon",2016,270.333866816114,638.185263433015,68.2632838203167
"829","Samut Songkhram",2016,347.29915648558,465.720518253833,70.2562336584954
"830","Saraburi",2016,247.943568231351,178.96477156628,73.9024400357847
"831","Satun",2016,47.857133861441,128.122205248375,73.8107632580506
"832","Si Sa Ket",2016,230.082681500414,166.328618991726,76.554768487158
"833","Sing Buri",2016,53.184416965829,256.040891063348,79.267774308575
"834","Songkhla",2016,153.304549046168,191.704257394181,80.7350439116719
"835","Sukhothai",2016,96.9626693722917,90.9979727390097,81.0607281848902
"836","Suphan Buri",2016,146.60009168398,158.373597053233,81.7069358321565
"837","Surat Thani",2016,50.7178044233919,81.5200346834019,80.7993651258918
"838","Surin",2016,215.396322784933,171.782050739187,81.4005885394674
"839","Tak",2016,342.89873648066,38.5188323027553,83.3993280174367
"840","Trang",2016,79.7900524245579,130.48937889208,83.108244274008
"841","Trat",2016,399.673984579645,81.3894998226321,79.4674887506089
"842","Ubon Ratchathani",2016,266.993743843819,118.322181538725,80.9088817670247
"843","Udon Thani",2016,23.6891327053813,134.590140986993,81.0716074297505
"844","Uthai Thani",2016,475.32690077778,49.0768093766558,80.9154533749445
"845","Uttaradit",2016,66.128761209698,58.4539927578831,79.3213324543728
"846","Yala",2016,33.8899323924569,115.520900103913,79.0405729719475
"847","Yasothon",2016,198.957050100497,129.711336619198,81.9096580057958
"848","Amnat Charoen",2017,1213.94208517695,119.606876777779,75.9543823799441
"849","Ang Thong",2017,49.433295280365,290.370849219102,75.7519989789627
"850","Bangkok",2017,137.107198259895,3622.2865910602,74.8223961375481
"851","Bungkan",2017,182.25571587965,98.2482478065357,75.2350569947718
"852","Buri Ram",2017,46.6736394445648,154.211250052674,72.2536228132097
"853","Chachoengsao",2017,55.7833689492301,132.664735563446,69.7847707835628
"854","Chai Nat",2017,41.5501543724714,133.504417053414,71.6658466598674
"855","Chaiyaphum",2017,61.0871404547832,89.1634379475121,69.2730011672126
"856","Chanthaburi",2017,134.154350474031,84.326128116125,70.580748179194
"857","Chiang Mai",2017,271.51885690733,86.8769606611251,73.4953254609868
"858","Chiang Rai",2017,103.680059645158,110.25640652389,77.2886537073469
"859","Chon Buri",2017,54.4686490516027,345.891588356635,79.127325305864
"860","Chumphon",2017,48.4646325909938,84.8143320827664,81.8619087007311
"861","Kalasin",2017,78.904265191353,141.937678446858,83.0278598454586
"862","Kamphaeng Phet",2017,24.8240033025525,84.7091312333793,76.9352559481266
"863","Kanchanaburi",2017,22.1852093349054,45.5767722957296,77.9774279610808
"864","Khon Kaen",2017,43.3576424074289,165.893027102448,78.0045699132571
"865","Krabi",2017,118.568913657564,99.77016093407,76.5566065562307
"866","Lampang",2017,100.194629407124,59.5619373636155,75.1975939896853
"867","Lamphun",2017,130.814598022261,90.0862472652413,74.0101946020699
"868","Loei",2017,106.597513348066,56.1652334451271,74.7093560293246
"869","Lop Buri",2017,58.3673259181299,122.145672577601,75.5971920990699
"870","Mae Hong Son",2017,404.531903915611,22.0079094670332,75.4412519287933
"871","Maha Sarakham",2017,63.858153907496,181.997296512282,73.8049619004533
"872","Mukdahan",2017,94.9307547137538,80.8285117158967,77.0844158746599
"873","Nakhon Nayok",2017,30.4617069352438,122.215834118756,75.000468509125
"874","Nakhon Pathom",2017,82.2826749987932,420.366485313331,74.9581608910994
"875","Nakhon Phanom",2017,45.4021291648794,130.250542931299,74.2422605691646
"876","Nakhon Ratchasima",2017,61.7226414107772,128.780649756192,73.5135975281398
"877","Nakhon Sawan",2017,57.9161089386052,110.999151148762,73.1217875858188
"878","Nakhon Si Thammarat",2017,154.801146979548,156.648899844325,76.6893299397251
"879","Nan",2017,43.9731742796527,41.8266203350188,74.5197712041083
"880","Narathiwat",2017,223.174197696923,177.91340720333,72.1205426059288
"881","Nong Bua Lam Phu",2017,43.1943491627919,132.580875367898,72.5768854857991
"882","Nong Khai",2017,35.0651291661397,172.436853509658,73.744665668538
"883","Nonthaburi",2017,49.2789096837937,1976.10328087764,74.2180700250534
"884","P.Nakhon S.Ayutthaya",2017,65.7367678644274,318.328743976469,76.292249815685
"885","Pathum Thani",2017,35.6916700247539,739.987914980182,76.1401853549884
"886","Pattani",2017,330.799271903476,365.807099315796,77.2343431421228
"887","Phangnga",2017,145.05160921302,64.1327580771033,74.924724618919
"888","Phatthalung",2017,280.076287445914,153.266502612227,76.2123629398892
"889","Phayao",2017,42.3391322573884,75.0740354929772,77.2329383305562
"890","Phetchabun",2017,90.422181163854,78.567912515661,77.4870494974806
"891","Phetchaburi",2017,100.1295672454,77.4882420277269,78.4262597003954
"892","Phichit",2017,60.9004406977345,119.590917086312,75.9711024354964
"893","Phitsanulok",2017,66.2146046537427,80.0092161007351,76.8625531950019
"894","Phrae",2017,26.3649444548713,68.449536123799,77.2744100855947
"895","Phuket",2017,124.621595604166,740.316444274207,73.0831809478724
"896","Prachin Buri",2017,64.1993338037182,102.374410009151,77.6003878985925
"897","Prachuap Khiri Khan",2017,58.8258002606718,85.4289357719211,76.8737550683998
"898","Ranong",2017,67.7524566830708,57.7308678323067,78.6415606881679
"899","Ratchaburi",2017,45.1983104550346,167.751443193465,74.7741878636678
"900","Rayong",2017,123.587669915471,200.23536036036,77.0216166395331
"901","Roi Et",2017,90.678952925696,157.590100258463,74.3244047973184
"902","Sa Kaeo",2017,43.7770714918728,78.0996834251129,76.8450750298665
"903","Sakon Nakhon",2017,31.7537095292447,119.664817915577,75.6872091472493
"904","Samut Prakan",2017,73.926238550588,1305.42420415659,78.0097417937061
"905","Samut Sakhon",2017,75.1145629018497,651.650088783477,71.5378561147054
"906","Samut Songkhram",2017,35.5849862301575,465.319757047518,73.185678547186
"907","Saraburi",2017,37.2250950096567,179.516989581394,75.4375600780191
"908","Satun",2017,108.852048795746,128.964488173952,74.2623659077451
"909","Si Sa Ket",2017,34.3742760852183,166.519795981347,78.2987312306158
"910","Sing Buri",2017,2.85594607973801,255.432972067338,80.7571165828458
"911","Songkhla",2017,387.156568812622,192.62258332523,83.3072534153629
"912","Sukhothai",2017,51.892231015536,90.8597090519659,84.0490943109366
"913","Suphan Buri",2017,41.6665199535682,159.014880156954,83.8032336579033
"914","Surat Thani",2017,52.6673607033409,82.0372759690924,80.728682987062
"915","Surin",2017,160.967090854435,171.980596884118,84.3319230105586
"916","Tak",2017,109.42668179497,39.2686502119567,84.8459382589456
"917","Trang",2017,120.981787420382,130.771635046047,84.2291023148299
"918","Trat",2017,101.89463050133,81.4647037956722,82.7855474811969
"919","Ubon Ratchathani",2017,64.3976652102311,118.745685097032,83.1680878997373
"920","Udon Thani",2017,10.9911489667057,134.957480208097,83.4116287805701
"921","Uthai Thani",2017,51.827290857181,49.0237652531572,83.4796258085477
"922","Uttaradit",2017,53.8184873067129,58.3130235634155,82.3093173881951
"923","Yala",2017,161.200087237694,116.630370013523,83.4223630150833
"924","Yasothon",2017,405.529133969181,129.645737858703,85.2985908534939
"925","Amnat Charoen",2018,36.1839411971338,119.769470791282,77.2235285946989
"926","Ang Thong",2018,95.0719270759151,290.012515851346,77.2540400660257
"927","Bangkok",2018,162.384562157104,3618.61038529722,75.5728498541012
"928","Bungkan",2018,49.771194036892,98.4591288013738,76.5589155600016
"929","Buri Ram",2018,39.1886384299464,154.496538516122,73.2568793219025
"930","Chachoengsao",2018,61.8174036970164,133.621566062418,70.279153237365
"931","Chai Nat",2018,59.4035879767138,132.913668045216,72.6835854676885
"932","Chaiyaphum",2018,33.8960130034239,89.1181267097851,69.5031398321494
"933","Chanthaburi",2018,65.610927201694,84.6475228778795,70.0470353877797
"934","Chiang Mai",2018,125.074982622175,87.7175610533158,75.0349166745725
"935","Chiang Rai",2018,140.001393048687,110.643018729756,79.0913731813169
"936","Chon Buri",2018,48.4550081572443,351.924134769654,80.59121884148
"937","Chumphon",2018,65.7581860134687,85.0328373668333,82.08102327701
"938","Kalasin",2018,61.3997519652995,141.84281388725,83.4413458644105
"939","Kamphaeng Phet",2018,68.5621325433803,84.5550793553057,78.0150386911659
"940","Kanchanaburi",2018,14.6671727401078,45.8422324770104,78.8314371656775
"941","Khon Kaen",2018,21.9835593985254,165.891649184718,79.3871788841626
"942","Krabi",2018,111.031836162605,100.61310239838,76.7687567450528
"943","Lampang",2018,45.6330270042523,59.2696115776968,75.2382183379449
"944","Lamphun",2018,68.7268293283738,90.0944587541352,72.9500335700845
"945","Loei",2018,56.6296344121486,56.2621295147704,73.6195444266673
"946","Lop Buri",2018,26.3597339248458,122.381165830316,74.6933961008733
"947","Mae Hong Son",2018,180.842705774934,22.2821724562206,75.1181918368548
"948","Maha Sarakham",2018,46.7266914283519,181.992572117415,72.8943991767036
"949","Mukdahan",2018,79.1979153064874,81.1741473744363,77.3270438903017
"950","Nakhon Nayok",2018,13.4567250944854,122.569745523091,74.0607365566673
"951","Nakhon Pathom",2018,116.678098212426,422.931135386867,75.0320833847739
"952","Nakhon Phanom",2018,20.729396510227,130.388044409712,74.5704994190121
"953","Nakhon Ratchasima",2018,65.7118856892814,129.130752840202,73.0401966292099
"954","Nakhon Sawan",2018,53.3852649149783,110.856408274627,73.1540340703616
"955","Nakhon Si Thammarat",2018,191.100803430843,156.94570642279,76.9540628399765
"956","Nan",2018,77.6635789130857,41.7526145233398,74.4696047171241
"957","Narathiwat",2018,135.456102004551,179.306569424614,71.3096217071978
"958","Nong Bua Lam Phu",2018,26.3611635622328,132.7042206367,71.6816054230216
"959","Nong Khai",2018,31.4114264809817,172.508552687662,72.8072865497389
"960","Nonthaburi",2018,83.447337909564,2002.71411193583,73.259668371347
"961","P.Nakhon S.Ayutthaya",2018,59.698498117907,319.732539583203,74.6827346532032
"962","Pathum Thani",2018,33.2434045434398,751.114128725122,74.3748219784907
"963","Pattani",2018,127.562921525129,370.074872858383,77.8350164213958
"964","Phangnga",2018,176.334625708321,64.312335841588,75.2858010311303
"965","Phatthalung",2018,190.269767867074,153.321109554667,77.1380535642608
"966","Phayao",2018,17.2553475795166,74.7774214562884,77.2632225625309
"967","Phetchabun",2018,52.3860277113037,78.5054737703593,77.9394964652662
"968","Phetchaburi",2018,211.854782425551,77.796508286242,78.8445219709182
"969","Phichit",2018,102.897062149826,119.040488296988,78.0597311857398
"970","Phitsanulok",2018,70.7124655810246,80.1500279127289,79.0425886609216
"971","Phrae",2018,11.6830303983464,68.0711675499855,76.8550871312958
"972","Phuket",2018,189.41471584136,755.40573886718,73.2836944872945
"973","Prachin Buri",2018,97.6324139614352,103.234487424517,78.5022069170932
"974","Prachuap Khiri Khan",2018,72.3376729863433,86.1884032024524,77.5700599696148
"975","Ranong",2018,95.378072424792,58.1762832223332,79.2862504088802
"976","Ratchaburi",2018,73.95382808368,168.098602472221,74.9685087083887
"977","Rayong",2018,90.8316696989974,203.636261261261,78.0935309666002
"978","Roi Et",2018,47.2763324581857,157.505395840133,75.1074531638846
"979","Sa Kaeo",2018,84.7379505470739,78.3990522488936,78.0014399140896
"980","Sakon Nakhon",2018,25.5145875749166,119.957350607406,77.8785161962858
"981","Samut Prakan",2018,63.6209038389637,1321.20164287735,79.5062235736774
"982","Samut Sakhon",2018,137.378798679503,662.539104278458,71.9194847470864
"983","Samut Songkhram",2018,77.4029753703732,465.053382832542,73.9711457047134
"984","Saraburi",2018,35.3475219526715,180.351328091316,76.5240371900793
"985","Satun",2018,22.7008402420594,129.720445167503,76.1144232301188
"986","Si Sa Ket",2018,43.2447551308171,166.630656010831,79.7082553107335
"987","Sing Buri",2018,6.2088959150241,254.568511255012,81.3651580218947
"988","Songkhla",2018,210.452399366758,193.758386148345,82.2844990973725
"989","Sukhothai",2018,36.500200081372,90.5470997069174,82.8888199378971
"990","Suphan Buri",2018,71.7551135828071,158.402152441728,83.4099126917806
"991","Surat Thani",2018,93.7469734396112,82.496494387102,80.3266690838865
"992","Surin",2018,90.8533562445944,172.063929643026,83.0402478075064
"993","Tak",2018,197.349528621792,39.9030880770907,84.7446588086017
"994","Trang",2018,54.7335161930352,130.780582647469,83.9810027799056
"995","Trat",2018,43.4945240394234,81.5587087619723,81.3767946797236
"996","Ubon Ratchathani",2018,41.5033384047781,119.05785066228,82.0043109148977
"997","Udon Thani",2018,15.3151324853498,135.26216119585,82.3009708958287
"998","Uthai Thani",2018,36.1226713777915,48.9481365168524,82.2737336286568
"999","Uttaradit",2018,53.1397465541509,58.0975511928673,80.2549196237114
"1000","Yala",2018,54.1021855028686,117.743157715925,81.2295823533656
"1001","Yasothon",2018,39.7231260986507,129.450383308215,83.8953091791421
"1002","Amnat Charoen",2019,53.377303547741,119.711582261183,73.6005177569597
"1003","Ang Thong",2019,92.614444992741,288.787779902765,73.7663584531449
"1004","Bangkok",2019,159.223078910548,3611.99104757521,71.6573221968247
"1005","Bungkan",2019,50.225069619492,98.4941982179162,72.6900268942609
"1006","Buri Ram",2019,95.0651951719163,154.583432829098,68.9132180347447
"1007","Chachoengsao",2019,221.909616962893,134.575406466081,65.4470655733264
"1008","Chai Nat",2019,50.2126382761144,132.244773349162,68.5082509831186
"1009","Chaiyaphum",2019,81.2409823828402,89.0070007036154,65.3317930369809
"1010","Chanthaburi",2019,77.7388050541382,84.837172609656,66.4944763271699
"1011","Chiang Mai",2019,86.496925115807,88.4890314878005,71.1835655433544
"1012","Chiang Rai",2019,224.44666272306,111.171688443823,75.2994880230382
"1013","Chon Buri",2019,176.345904931076,357.162732065093,77.9192350495107
"1014","Chumphon",2019,56.1309905652997,85.0895855022992,79.5638984548277
"1015","Kalasin",2019,66.5027485769022,141.565273870673,81.7642864676995
"1016","Kamphaeng Phet",2019,124.540721647354,84.329694254655,74.4224541802337
"1017","Kanchanaburi",2019,67.3348036068228,45.9640813691915,76.0162912981149
"1018","Khon Kaen",2019,77.0992061555119,165.613952831671,76.3776593464231
"1019","Krabi",2019,201.787560908589,101.250458743654,73.5096520075823
"1020","Lampang",2019,44.0190920960673,58.905241527399,70.5985230714988
"1021","Lamphun",2019,63.1981731778066,89.8991584777409,68.1889249054509
"1022","Loei",2019,75.2780153977759,56.2776223822743,69.7210162324817
"1023","Lop Buri",2019,162.794021885869,121.868726060538,72.584025062718
"1024","Mae Hong Son",2019,204.126164047048,22.406134911368,73.1919876315335
"1025","Maha Sarakham",2019,69.5984584460846,181.920383363856,70.3294494222234
"1026","Mukdahan",2019,69.0877584420144,81.3796853793812,72.4998303622961
"1027","Nakhon Nayok",2019,246.978918585164,122.879830348728,71.3312356123418
"1028","Nakhon Pathom",2019,353.575426888254,424.304083286331,72.4658474459793
"1029","Nakhon Phanom",2019,21.6926979041517,130.451534538267,69.5188186086457
"1030","Nakhon Ratchasima",2019,138.546664366364,129.254008643716,67.5034042048499
"1031","Nakhon Sawan",2019,277.010662457413,110.431617984227,69.1198525956476
"1032","Nakhon Si Thammarat",2019,254.301257357098,157.095970410667,72.1468228399265
"1033","Nan",2019,91.1700928638492,41.6861923460731,71.3087551196416
"1034","Narathiwat",2019,97.1510606173114,180.545779958574,66.7015618582303
"1035","Nong Bua Lam Phu",2019,65.7201918951597,132.876022975388,68.449434524812
"1036","Nong Khai",2019,36.1853378542669,172.577278167039,68.9399197306876
"1037","Nonthaburi",2019,188.08475193755,2033.39370049638,69.6645529092064
"1038","P.Nakhon S.Ayutthaya",2019,160.694865079713,320.806996683147,72.1515891305909
"1039","Pathum Thani",2019,168.785944359077,762.590965333557,71.6547646033015
"1040","Pattani",2019,92.1247159028222,373.696373242848,72.2838128076703
"1041","Phangnga",2019,221.736089408753,64.4437225103964,69.6219254049914
"1042","Phatthalung",2019,120.60244062759,153.268838738107,70.0385638334912
"1043","Phayao",2019,36.6249184936785,74.3275437210664,71.5312502334147
"1044","Phetchabun",2019,87.3594766895293,78.340575491048,71.0899612172871
"1045","Phetchaburi",2019,190.440465713503,77.9406014774291,73.4688216075673
"1046","Phichit",2019,237.73519469114,118.364480525657,71.0640838528165
"1047","Phitsanulok",2019,147.819062071293,79.9980288195458,70.8757642307253
"1048","Phrae",2019,90.7802574446603,67.5566841699092,73.6389680479652
"1049","Phuket",2019,222.765265902031,767.137969261593,68.7895377615762
"1050","Prachin Buri",2019,108.757176356432,103.872826131235,74.0856857580402
"1051","Prachuap Khiri Khan",2019,83.5565116329433,87.0208963474579,72.769616748559
"1052","Ranong",2019,111.702952888245,58.6317045401139,75.3790973763645
"1053","Ratchaburi",2019,203.871029812129,168.018355565768,69.2128299699006
"1054","Rayong",2019,223.748661114688,206.856137387387,73.1151532754925
"1055","Roi Et",2019,106.879270861186,157.264777456913,70.5229045476919
"1056","Sa Kaeo",2019,74.5184115217472,78.7063430889025,73.2747396928335
"1057","Sakon Nakhon",2019,25.1432733073809,120.072698017565,74.9502942782606
"1058","Samut Prakan",2019,113.839576168789,1339.39419893795,76.2512999474623
"1059","Samut Sakhon",2019,247.647096047053,670.264241179255,67.9870349677952
"1060","Samut Songkhram",2019,120.5349059776,463.887095729133,70.5146276495617
"1061","Saraburi",2019,89.4860127788503,180.599336891015,73.9484948384736
"1062","Satun",2019,33.9940541308956,130.532070285444,73.4239345201426
"1063","Si Sa Ket",2019,142.240363809435,166.613461394013,76.1847687549844
"1064","Sing Buri",2019,26.3857305968932,253.436566084442,79.0084583378325
"1065","Songkhla",2019,151.953246869011,194.210110538581,79.819718218364
"1066","Sukhothai",2019,114.439933318993,90.2158429567083,81.0283268658054
"1067","Suphan Buri",2019,180.188908870493,157.956837690425,81.2562427046287
"1068","Surat Thani",2019,108.894111478357,82.8462605774408,79.587701755248
"1069","Surin",2019,166.877739683612,171.937638046808,80.1576090496274
"1070","Tak",2019,182.236110693789,40.5701346710023,83.1407117278325
"1071","Trang",2019,98.886131686475,130.790343667203,82.3133119588672
"1072","Trat",2019,210.473216848294,81.5743171337354,79.9502104825312
"1073","Ubon Ratchathani",2019,110.321561795515,119.286369828865,81.0202925538639
"1074","Udon Thani",2019,26.7860631798145,135.260456209908,80.7850517785677
"1075","Uthai Thani",2019,188.973215100816,48.8270413889775,80.1961850720082
"1076","Uttaradit",2019,60.4719015323227,57.8041311500841,79.87220431084
"1077","Yala",2019,93.9719948539146,118.628787205175,80.4320723355827
"1078","Yasothon",2019,76.6798374834124,129.106770753237,83.5376706389054
"1079","Amnat Charoen",2020,145.934953946756,119.002052354007,74.0644917469221
"1080","Ang Thong",2020,99.7888525728169,285.617510626082,74.4279051440281
"1081","Bangkok",2020,250.07954229449,3562.24274687217,72.5092007917907
"1082","Bungkan",2020,206.851450803475,98.0183224927806,73.3464154744699
"1083","Buri Ram",2020,243.678155104023,153.172683799151,70.3055449191573
"1084","Chachoengsao",2020,157.898096065313,134.688469444964,67.4346309747816
"1085","Chai Nat",2020,104.50357699929,130.570917009279,69.1497825282065
"1086","Chaiyaphum",2020,238.949475697914,88.0340220876241,66.8419240445714
"1087","Chanthaburi",2020,365.412587595391,84.499684443042,66.6833451334159
"1088","Chiang Mai",2020,218.172240062319,88.7434695191842,71.5111357903135
"1089","Chiang Rai",2020,422.385342070352,110.890998563241,76.9481668855229
"1090","Chon Buri",2020,239.136886242449,359.130185652074,79.3839930760314
"1091","Chumphon",2020,116.062591318283,84.7407758485261,80.8770897394016
"1092","Kalasin",2020,135.901962289252,140.666579719483,82.4368894847536
"1093","Kamphaeng Phet",2020,68.1960124237171,82.9647202610749,75.7054256319424
"1094","Kanchanaburi",2020,100.22691193485,45.7819239478138,76.6021537017635
"1095","Khon Kaen",2020,197.656100674772,164.847738712994,76.3801566025192
"1096","Krabi",2020,123.28107666869,101.469423885933,74.989564959138
"1097","Lampang",2020,120.719267343792,58.1591086808073,71.9461294107113
"1098","Lamphun",2020,82.5848048933984,89.2191584244772,70.3137764941251
"1099","Loei",2020,274.761403772451,55.9087695932256,71.1324905125179
"1100","Lop Buri",2020,170.272220188228,119.831870721301,73.0584528379252
"1101","Mae Hong Son",2020,145.141961489937,22.4385449425802,74.230430129238
"1102","Maha Sarakham",2020,141.559885074345,180.218656332966,71.8548496429627
"1103","Mukdahan",2020,223.988418715857,80.8582363825311,73.7008432597504
"1104","Nakhon Nayok",2020,136.111442204544,122.564090480679,72.7093632170648
"1105","Nakhon Pathom",2020,250.236497384138,424.626451637599,75.8776593127395
"1106","Nakhon Phanom",2020,144.589870900905,130.100524827543,71.4624724533799
"1107","Nakhon Ratchasima",2020,368.182220387535,128.486953524462,69.7940633783127
"1108","Nakhon Sawan",2020,133.710401150429,108.391645186643,71.8059392141434
"1109","Nakhon Si Thammarat",2020,279.095981804593,155.968889923281,74.0453020019977
"1110","Nan",2020,94.1838830190025,41.5554400286191,74.0045097555433
"1111","Narathiwat",2020,259.562994372406,179.743398958312,69.1238052227347
"1112","Nong Bua Lam Phu",2020,91.4676035880425,132.018306925526,70.5505517911611
"1113","Nong Khai",2020,142.433349116314,170.966194333188,72.1214329742372
"1114","Nonthaburi",2020,115.136538619693,2051.64525962433,72.9992087795094
"1115","P.Nakhon S.Ayutthaya",2020,82.8970757720782,320.376744477126,74.6834947207438
"1116","Pathum Thani",2020,52.532616124283,770.984942222595,74.1160563553013
"1117","Pattani",2020,174.101086065715,374.165874715774,71.8039312202363
"1118","Phangnga",2020,265.072009365132,64.309698517944,68.707827046733
"1119","Phatthalung",2020,170.911739571803,152.74671460397,69.7720137192403
"1120","Phayao",2020,87.5135870728096,73.5407690879394,72.5688231612429
"1121","Phetchabun",2020,230.665824795812,77.5108742876773,70.9862238434515
"1122","Phetchaburi",2020,199.919949066038,77.4590057280658,73.1165324532056
"1123","Phichit",2020,59.9274858635006,117.481455030034,69.4717133160063
"1124","Phitsanulok",2020,80.9906283954556,78.5403538176458,71.0326739322962
"1125","Phrae",2020,95.5756259288899,66.8874275494533,72.5219401229429
"1126","Phuket",2020,138.248514371331,763.250551530843,68.315095723589
"1127","Prachin Buri",2020,296.756942897077,103.660746495122,72.8495464328503
"1128","Prachuap Khiri Khan",2020,102.419199604851,86.4809771939909,71.1065427206249
"1129","Ranong",2020,98.2651822278929,58.9355208919223,73.5916117047959
"1130","Ratchaburi",2020,231.907264702127,167.289398055831,67.745997488587
"1131","Rayong",2020,366.137845841807,208.762387387387,73.0716865242026
"1132","Roi Et",2020,292.382800468182,156.473038149882,69.6592328559262
"1133","Sa Kaeo",2020,267.771983776797,77.9588939086366,73.7163939985625
"1134","Sakon Nakhon",2020,80.0393395969784,119.400809763804,75.0557355081415
"1135","Samut Prakan",2020,96.3388998275223,1345.97128549974,75.3476315965354
"1136","Samut Sakhon",2020,212.555804428189,671.979155083929,68.5919347815678
"1137","Samut Songkhram",2020,133.817924312165,460.880186797918,71.1832202056645
"1138","Saraburi",2020,142.429344483309,180.016921637607,74.3444974188711
"1139","Satun",2020,52.1447216582639,130.738607094781,74.155737713893
"1140","Si Sa Ket",2020,177.364285812228,164.998185515436,76.4547175011292
"1141","Sing Buri",2020,94.7070879755996,250.338610880777,79.1347273791777
"1142","Songkhla",2020,216.364309618657,193.214829165004,81.680057642946
"1143","Sukhothai",2020,117.030089320494,89.1259551867985,81.2344967432279
"1144","Suphan Buri",2020,82.2772433069251,156.518616620207,81.02207421782
"1145","Surat Thani",2020,50.2938019679206,82.8242305046849,80.129025256995
"1146","Surin",2020,274.774510038666,169.646910361032,80.9765801624262
"1147","Tak",2020,199.473342633138,40.8532515778663,82.3774077934518
"1148","Trang",2020,109.433102186477,130.263655310737,83.1282417721746
"1149","Trat",2020,275.667728497917,81.0698829372118,81.6496209386945
"1150","Ubon Ratchathani",2020,404.993418856944,118.559211424688,81.5905695489969
"1151","Udon Thani",2020,102.93478947157,133.669448578562,81.552972748459
"1152","Uthai Thani",2020,211.43530509286,48.4184381967613,83.0531725692937
"1153","Uttaradit",2020,131.032100636219,57.2481639559758,81.4441177540998
"1154","Yala",2020,267.358828968329,119.131322220055,82.2847352054833
"1155","Yasothon",2020,162.768942937325,128.43420324178,85.0614966941182
"1156","Amnat Charoen",2006,145.874850538063,116.705174665196,72.4648711154693
"1157","Ang Thong",2006,100.450206177688,293.216862941101,72.9776597698843
"1158","Bangkok",2006,252.804181770096,3630.91837573793,70.4577179476628
"1159","Bungkan",2006,206.87448903423,0,72.275576805911
"1160","Buri Ram",2006,243.890859947905,148.865554542165,69.7464404632089
"1161","Chachoengsao",2006,157.143685668441,122.258643244253,67.5409937833934
"1162","Chai Nat",2006,105.170519798272,137.263508069251,69.421606125817
"1163","Chaiyaphum",2006,239.515622424294,87.5818488033647,67.0311309329121
"1164","Chanthaburi",2006,364.732917471955,79.2661722940991,67.301116342104
"1165","Chiang Mai",2006,217.560782056405,82.4734320890422,72.1322162662727
"1166","Chiang Rai",2006,421.279627240695,104.955837583142,76.5747063125845
"1167","Chon Buri",2006,236.602023651362,277.169378867752,78.9686450524542
"1168","Chumphon",2006,116.000855776195,79.7076655581088,80.9244464746074
"1169","Kalasin",2006,136.125547116045,140.434384674494,82.1642304035383
"1170","Kamphaeng Phet",2006,68.3851417482163,84.6146786113025,75.7638712753996
"1171","Kanchanaburi",2006,99.99396009637,42.8291670319396,77.0256919785932
"1172","Khon Kaen",2006,198.060934867715,160.802999010379,76.3660140902124
"1173","Krabi",2006,122.874469856118,85.6667669106503,75.9221811066488
"1174","Lampang",2006,121.433243454334,61.7354721304782,71.961259454428
"1175","Lamphun",2006,82.7643285743844,90.0076832904191,69.9832430529133
"1176","Loei",2006,274.763124440297,53.6826108405257,70.5485497004686
"1177","Lop Buri",2006,171.067773941713,121.420159803141,72.005589094101
"1178","Mae Hong Son",2006,144.448019698093,20.1221345609296,73.077029110106
"1179","Maha Sarakham",2006,142.358511457224,177.199956989109,71.3250295192272
"1180","Mukdahan",2006,223.623265923911,77.29496316676,74.2136721774808
"1181","Nakhon Nayok",2006,135.927474628791,117.81479736098,72.6130829372189
"1182","Nakhon Pathom",2006,249.845202245571,379.050300070054,74.936743924112
"1183","Nakhon Phanom",2006,144.622336271338,126.136926802049,71.8721011188343
"1184","Nakhon Ratchasima",2006,368.049855855049,124.69949688601,69.8255784629222
"1185","Nakhon Sawan",2006,134.392499526583,112.112024607621,71.665465402931
"1186","Nakhon Si Thammarat",2006,279.344032054857,151.919506780084,74.745849497388
"1187","Nan",2006,94.3525085369057,41.6369423064988,73.4326740034989
"1188","Narathiwat",2006,257.886026233234,158.011855844019,68.7350183275292
"1189","Nong Bua Lam Phu",2006,91.5518830021945,128.707160192854,69.9225737175852
"1190","Nong Khai",2006,142.59649448672,297.231090085226,71.2211563553969
"1191","Nonthaburi",2006,114.074017741226,1605.41890365304,72.621045341079
"1192","P.Nakhon S.Ayutthaya",2006,82.7532077532077,295.15105763815,74.6230131165208
"1193","Pathum Thani",2006,51.9301547821118,564.494945787807,74.0331492734992
"1194","Pattani",2006,173.250125757113,327.63575343906,75.2402883062151
"1195","Phangnga",2006,265.282669691362,58.8348543897653,72.7836125306724
"1196","Phatthalung",2006,171.087053456092,146.977651743787,74.2730528968783
"1197","Phayao",2006,88.0507206596269,76.5089550688742,74.8072056861571
"1198","Phetchabun",2006,231.507034134256,79.1193626732813,75.3664734607131
"1199","Phetchaburi",2006,199.637587367331,73.360783327213,75.6215602736641
"1200","Phichit",2006,60.257463708573,123.11419102086,73.9375338989569
"1201","Phitsanulok",2006,81.191053878761,78.0805658064541,74.89526608363
"1202","Phrae",2006,96.1848221271112,71.6320226446097,75.9548059642564
"1203","Phuket",2006,136.824384827537,553.808785453581,69.7707682860056
"1204","Prachin Buri",2006,295.765406551254,95.292839981505,75.1217542229196
"1205","Prachuap Khiri Khan",2006,101.957622507326,77.6453368762583,73.7182475415037
"1206","Ranong",2006,98.1636712185144,54.5323062602239,77.0938581119638
"1207","Ratchaburi",2006,232.182899314853,159.518149079123,72.0524550953618
"1208","Rayong",2006,361.352937340203,161.53856981982,74.7176051567081
"1209","Roi Et",2006,292.975456264713,157.847466741467,71.6084041117539
"1210","Sa Kaeo",2006,267.263590940796,74.8205246376095,74.866809357714
"1211","Sakon Nakhon",2006,80.0847258014143,115.45630311134,74.2574962366064
"1212","Samut Prakan",2006,95.9859161678766,1103.11206542827,76.9944286056229
"1213","Samut Sakhon",2006,212.342085485583,530.190394418735,68.5963716121103
"1214","Samut Songkhram",2006,134.666373230211,467.930704307823,69.3365278814948
"1215","Saraburi",2006,142.399485684737,170.517932965486,71.8860969024027
"1216","Satun",2006,52.026413409885,113.573058564077,71.9124750451943
"1217","Si Sa Ket",2006,177.488892365027,163.629856008659,76.4145978230475
"1218","Sing Buri",2006,95.3424014550717,263.799153290422,78.6223439061974
"1219","Songkhla",2006,215.921918834036,178.187825108005,81.6180152055479
"1220","Sukhothai",2006,117.536115021389,92.3001073969253,81.7868596710329
"1221","Suphan Buri",2006,82.5991189427313,157.503310931973,82.419279810208
"1222","Surat Thani",2006,50.0716107953274,74.5219959028719,80.2429481808678
"1223","Surin",2006,275.172027931378,169.282067971959,82.5295143772116
"1224","Tak",2006,197.610640527474,32.1623853742233,82.997371673584
"1225","Trang",2006,109.567544249032,123.527738276151,82.8229874238378
"1226","Trat",2006,275.860861036186,78.0237672933664,81.5416312422296
"1227","Ubon Ratchathani",2006,404.598508230315,113.24560094253,81.7114231257241
"1228","Udon Thani",2006,103.03157975372,130.223586741416,81.2847063915704
"1229","Uthai Thani",2006,211.924359305602,48.5848511332275,82.7052980619637
"1230","Uttaradit",2006,131.794830415019,59.6385167132056,80.8058800039939
"1231","Yala",2006,265.528826473224,103.570874026062,81.4408552848686
"1232","Yasothon",2006,163.106446641695,129.969406468182,84.4985244648229
